Date,Close,High,Low,Open,Volume,MA5,MA20,Return,RSI,sentiment_score,positive_ratio,negative_ratio,discussion_volume,Target
2021-01-04,5775.54296875,5792.442875022861,5678.368507681053,5745.968132772495,47937000,5724.843359375,5645.950732421875,0.009601114799663746,67.87560111722019,4.905,0.4821,0.5179,28,5991.0166015625
2021-01-05,5991.0166015625,5991.0166015625,5788.217732116097,5796.6676850096965,104831000,5786.52802734375,5676.1302734375,0.03730794385538694,72.68718653113193,5.5685,0.6211,0.3789,50,5868.4921875
2021-01-06,5868.4921875,5978.341573299136,5813.567494600432,5957.216691414687,89753500,5814.41279296875,5697.866918945312,-0.020451356123857956,59.3749725820333,4.9991,0.5918,0.4082,32,5885.392578125
2021-01-07,5885.392578125,5957.21718245244,5838.91783414842,5914.967415201005,71360000,5848.21259765625,5720.02734375,0.0028798522831807727,56.872030637373044,4.7189,0.653,0.347,28,5957.216796875
2021-01-08,5957.216796875,5982.566655585107,5893.842150099735,5944.541867519947,75033500,5895.5322265625,5748.727514648437,0.012203811011173293,61.71169646012392,10.8007,0.7459,0.2541,31,6206.490234375
2021-01-11,6206.490234375,6219.165163376446,6037.491181022378,6041.716157356194,169034500,5981.7216796875,5784.415502929687,0.041843942565723324,65.86341559440902,9.748,0.7418,0.2582,61,6050.16650390625
2021-01-12,6050.16650390625,6236.065474696666,6050.16650390625,6206.490638434554,95235000,5993.55166015625,5812.722827148437,-0.025187138715363155,57.9505122793843,7.323,0.728,0.272,28,6016.3671875
2021-01-13,6016.3671875,6147.341473182935,5974.11741792486,6121.991611437851,76581500,6023.12666015625,5835.748974609375,-0.005586510120742627,62.121239307974385,3.7815,0.564,0.436,20,5931.8671875
2021-01-14,5931.8671875,5991.016860309829,5910.742304353632,5957.217047275641,89319500,6032.42158203125,5847.7901611328125,-0.014045020419558574,56.83452339494767,3.6097,0.5775,0.4225,22,5876.9423828125
2021-01-15,5876.9423828125,5999.466702799245,5779.767922133357,5995.241726247978,89853500,6016.36669921875,5853.493872070312,-0.009259277551466605,58.955227735089004,4.2291,0.6221,0.3779,33,6016.3671875
2021-01-18,6016.3671875,6020.592164457514,5783.993454836727,5876.942947902036,86343000,5978.34208984375,5867.436328125,0.02372403804659662,63.21073232515809,5.9926,0.6944,0.3056,60,5995.24169921875
2021-01-19,5995.24169921875,6016.366581879845,5919.192121638808,6016.366581879845,73777000,5967.35712890625,5873.562524414063,-0.0035113362637076984,60.750843004311406,5.4929,0.7176,0.2824,27,5995.24169921875
2021-01-20,5995.24169921875,6164.240760507511,5974.116816557656,6054.391370669816,107216000,5963.13203125,5880.3224609375,0.0,61.37929357258793,2.8487,0.6088,0.3912,22,5978.34130859375
2021-01-21,5978.34130859375,6168.465237135601,5965.666380024293,6151.565332376325,66428000,5972.42685546875,5891.94111328125,-0.002818967353259927,60.40951255559765,4.9869,0.6794,0.3206,20,5982.56591796875
2021-01-22,5982.56591796875,6050.165532861052,5978.340942037981,5978.340942037981,80829000,5993.5515625,5902.503491210938,0.0007066524236292171,58.718817147625,3.7168,0.6314,0.3686,36,5944.5419921875
2021-01-25,5944.5419921875,6083.966218017057,5914.967156405472,6083.966218017057,76836500,5979.1865234375,5916.023413085937,-0.006355788854251365,47.69875164231657,4.6709,0.6907,0.3093,52,5762.8681640625
2021-01-26,5762.8681640625,5914.967323817815,5762.8681640625,5876.942533878986,98658000,5932.71181640625,5920.037158203125,-0.030561450884485475,45.05930622584359,3.3012,0.6416,0.3584,54,5737.51806640625
2021-01-27,5737.51806640625,5855.817407981636,5665.693466164051,5762.867925315261,97920000,5881.16708984375,5920.459643554687,-0.004398868225779395,43.137237123159174,3.1433,0.6697,0.3303,43,5830.46728515625
2021-01-28,5830.46728515625,5851.592166624208,5737.517806697237,5737.517806697237,104627000,5851.59228515625,5926.163330078125,0.016200248552458163,44.230758112613444,2.8514,0.6407,0.3593,103,5712.16845703125
2021-01-29,5712.16845703125,5914.967337162537,5712.16845703125,5830.467803774501,132762500,5797.51279296875,5925.7408203125,-0.020289767927551217,24.454157724098266,3.0671,0.6442,0.3558,88,5762.8681640625
2021-02-01,5762.8681640625,5847.367697259897,5572.744214368356,5712.168444144061,113129000,5761.17802734375,5925.107080078125,0.008875737368851944,33.33333332791891,5.0769,0.6909,0.3091,61,5745.96826171875
2021-02-02,5745.96826171875,5898.067421587775,5745.96826171875,5885.39249159869,86741000,5757.798046875,5912.854663085937,-0.002932550574232917,33.99998034744513,3.4793,0.6255,0.3745,25,5767.09326171875
2021-02-03,5767.09326171875,5914.967447916667,5767.09326171875,5914.967447916667,67291000,5763.7130859375,5907.784716796875,0.0036764908954929343,39.45946890736593,4.561,0.6506,0.3494,37,5792.44287109375
2021-02-04,5792.44287109375,5914.967191488877,5775.542964832353,5847.367566443289,80950500,5756.108203125,5903.137231445313,0.004395560852685998,44.38202063985315,4.464,0.6714,0.3286,26,5843.142578125
2021-02-05,5843.142578125,5872.717414022957,5792.442859442787,5805.11778911334,51602000,5782.30302734375,5897.433520507812,0.008752733200746654,36.94261232363216,6.8986,0.7357,0.2643,15,5847.36767578125
2021-02-08,5847.36767578125,5961.442045178716,5813.567862626445,5957.217068534366,45604000,5799.2029296875,5879.477392578125,0.0007230865240337447,38.56207717759133,9.9071,0.8073,0.1927,33,5898.0673828125
2021-02-09,5898.0673828125,5940.317149165025,5876.942499636237,5914.96728935351,75574000,5829.62275390625,5871.8724365234375,0.00867051805913266,43.03029835214961,7.6182,0.714,0.286,29,5847.36767578125
2021-02-10,5847.36767578125,5957.217068534366,5830.467769203848,5957.217068534366,44984500,5845.67763671875,5863.4224609375,-0.008595986403782674,41.04048172732638,4.3186,0.5961,0.4039,23,5813.56884765625
2021-02-11,5813.56884765625,5902.293372220771,5779.769028774527,5902.293372220771,36926000,5849.90283203125,5857.507543945312,-0.0057801783638454785,38.88898162354156,4.6389,0.6195,0.3805,14,5745.96826171875
2021-02-15,5745.96826171875,5822.017841653263,5678.368635110293,5771.318121696921,83922000,5830.46796875,5850.958837890625,-0.011628070073471886,37.43315309061956,7.2868,0.6938,0.3062,36,5864.26708984375
2021-02-16,5864.26708984375,5868.492066133263,5771.317611474468,5813.567374369596,47221000,5833.8478515625,5843.353833007813,0.020588145067410135,56.97671995467467,7.059,0.7173,0.2827,27,5830.46728515625
2021-02-17,5830.46728515625,5881.167000679347,5788.217522220335,5822.017332569067,66011500,5820.32783203125,5835.1151123046875,-0.005763687800993456,56.32183296216956,2.941,0.5994,0.4006,27,5691.04345703125
2021-02-18,5691.04345703125,5830.467684263642,5691.04345703125,5788.217918435645,91204000,5789.06298828125,5819.905200195312,-0.023912976663115537,41.08108917800166,2.6605,0.5997,0.4003,30,5767.09326171875
2021-02-19,5767.09326171875,5788.21814546131,5712.168563988095,5729.068470982144,70487500,5779.76787109375,5809.342797851563,0.013363068699385972,53.714297025286136,3.8954,0.6268,0.3732,26,5737.51806640625
2021-02-22,5737.51806640625,5864.267360951307,5737.51806640625,5830.467549072625,68913000,5778.07783203125,5797.090405273438,-0.005128267217181404,48.235276512776956,4.8711,0.6689,0.3311,45,5767.09326171875
2021-02-23,5767.09326171875,5783.993168712798,5724.843494233632,5762.868284970238,58360000,5758.64306640625,5788.21796875,0.005154701905980108,51.44509480445237,4.8156,0.6845,0.3155,20,5682.59326171875
2021-02-24,5682.59326171875,5775.542742579577,5682.59326171875,5767.092789774048,71869000,5729.06826171875,5784.2042236328125,-0.014652095287048805,44.680823589084966,4.3079,0.6805,0.3195,34,5665.69287109375
2021-02-25,5665.69287109375,5720.617559627844,5644.567990888329,5695.267703381339,78688000,5723.99814453125,5780.612963867187,-0.002974063045977804,41.93544978978452,5.775,0.752,0.248,34,5669.91845703125
2021-02-26,5669.91845703125,5754.417986942297,5614.99376258907,5665.693480535698,173631500,5704.56318359375,5772.585522460938,0.0007458198023861939,38.28573503387698,3.8365,0.6341,0.3659,31,5952.9912109375
2021-03-01,5952.9912109375,5952.9912109375,5745.96738600071,5771.317242115419,205539000,5747.6578125,5784.62666015625,0.04992536595569774,55.18667442768929,4.1093,0.667,0.333,100,5927.6416015625
2021-03-02,5927.6416015625,6050.165911217036,5914.966672977548,6016.366101657163,81446500,5779.76748046875,5792.86533203125,-0.004258297799671684,51.48932967635307,6.2847,0.6989,0.3011,26,5914.966796875
2021-03-03,5914.966796875,5986.791393694197,5914.966796875,5969.891488560268,84470000,5826.2421875,5801.315258789063,-0.002138254223089109,53.539794717141696,5.8337,0.6828,0.3172,27,5678.369140625
2021-03-04,5678.369140625,5914.967854817708,5678.369140625,5834.693291073753,120802500,5828.77744140625,5796.879052734375,-0.03999982829573945,44.16056654132719,5.448,0.681,0.319,53,5745.96826171875
2021-03-05,5745.96826171875,5851.592678294462,5678.368635110293,5678.368635110293,111871500,5843.98740234375,5794.555322265625,0.01190467182031596,49.999999993953224,4.6628,0.6977,0.3023,28,5678.369140625
2021-03-08,5678.369140625,5872.718084426153,5678.369140625,5872.718084426153,90883000,5789.06298828125,5786.316650390625,-0.011764617905064667,41.60309198470395,2.7116,0.6467,0.3533,47,5581.19482421875
2021-03-09,5581.19482421875,5674.144321669782,5576.969847061885,5661.469390199187,135582000,5719.7736328125,5773.0080078125,-0.017113067854471087,39.350219662266724,1.901,0.5789,0.4211,45,5665.69287109375
2021-03-10,5665.69287109375,5678.367799217002,5593.868278395321,5678.367799217002,50302000,5669.91884765625,5761.3892822265625,0.015139777330175574,48.86360153515565,2.9742,0.6356,0.3644,26,5716.3935546875
2021-03-12,5716.3935546875,5813.568020140428,5674.14378709927,5809.343043381606,74328000,5677.52373046875,5754.840576171875,0.008948717261471062,47.674415994185104,4.8517,0.6835,0.3165,22,5631.8935546875
2021-03-15,5631.8935546875,5762.867823401163,5631.8935546875,5758.642846991045,57416000,5654.7087890625,5745.756811523437,-0.014782047315603286,45.38744411236952,7.7767,0.7222,0.2778,46,5598.09375
2021-03-16,5598.09375,5669.918349056604,5593.868773584906,5669.918349056604,70755500,5638.6537109375,5738.3630859375,-0.006001499204360439,42.64702820119107,4.7812,0.6587,0.3413,42,5585.4189453125
2021-03-17,5585.4189453125,5631.893686914948,5581.193968803186,5619.218757387008,71474500,5639.49853515625,5724.420678710938,-0.0022641286933610116,45.49019305107127,4.3719,0.6865,0.3135,42,5665.69287109375
2021-03-18,5665.69287109375,5678.367799217002,5585.418326313153,5593.868278395321,70067500,5639.49853515625,5716.181958007813,0.01437205097186478,49.99999999386363,5.6794,0.729,0.271,35,5712.16845703125
2021-03-19,5712.16845703125,5720.618410370053,5598.094086957401,5720.618410370053,125853000,5638.653515625,5717.238208007812,0.008202983641174333,51.785729020718485,4.6337,0.7249,0.2751,43,5593.86962890625
2021-03-22,5593.86962890625,5644.569353639539,5585.419674784035,5610.76953715068,67523500,5631.04873046875,5708.5770263671875,-0.020709968379763577,32.365162535166405,2.6032,0.6072,0.3928,47,5547.39453125
2021-03-23,5547.39453125,5678.368811881188,5538.944577660891,5678.368811881188,127762500,5620.90888671875,5699.070849609375,-0.008308219665344119,31.707313631349507,2.5559,0.6277,0.3723,54,5441.77001953125
2021-03-24,5441.77001953125,5534.719507442498,5424.870112638296,5505.144670379828,152050000,5592.1791015625,5682.8046875,-0.01904038213322279,29.1044631266428,1.3611,0.6023,0.3977,52,5382.62060546875
2021-03-25,5382.62060546875,5441.770282451923,5348.820790049794,5407.970467032967,119101500,5535.5646484375,5667.8060546875,-0.010869517427271824,34.513241748151955,2.4125,0.6595,0.3405,60,5420.64453125
2021-03-26,5420.64453125,5445.994388761691,5323.470077455183,5382.619744982463,134467500,5477.25986328125,5655.553637695312,0.007064203214065978,32.42002818582692,6.189,0.7709,0.2291,34,5374.17041015625
2021-03-29,5374.17041015625,5505.1446890201205,5374.17041015625,5416.420177531692,113370500,5433.32001953125,5640.7662353515625,-0.008573541545811914,33.17751128863027,7.1451,0.7505,0.2495,63,5403.74560546875
2021-03-30,5403.74560546875,5454.445329679559,5382.620720380913,5382.620720380913,83115500,5404.590234375,5613.303955078125,0.005503211296874477,39.393909318534675,5.0793,0.7008,0.2992,43,5251.64599609375
2021-03-31,5251.64599609375,5403.745156077157,5192.4963227668695,5399.520179410951,223390500,5366.5654296875,5579.504174804688,-0.028147070658002593,27.102862786011187,2.8888,0.6459,0.3541,110,5260.09619140625
2021-04-01,5260.09619140625,5298.120983151355,5200.946515358308,5251.646237685115,112286000,5342.060546875,5546.76064453125,0.0016090565355673103,23.52941176088393,3.2069,0.6229,0.3771,40,5200.9462890625
2021-04-05,5200.9462890625,5315.020659334383,5200.9462890625,5281.220845920491,73311500,5298.1208984375,5522.889501953125,-0.011245022940908789,24.24243131337346,4.4824,0.6147,0.3853,65,5209.39599609375
2021-04-06,5209.39599609375,5213.620972570711,5137.571395985401,5184.04613723198,80215000,5265.166015625,5496.060888671875,0.0016246480085786441,26.041652240969626,8.1263,0.6758,0.3242,38,5281.22119140625
2021-04-07,5281.22119140625,5302.346076171874,5184.046721484375,5200.946629296875,107908000,5240.6611328125,5476.2034912109375,0.013787624393760467,32.52430479255696,7.177,0.6915,0.3085,41,5256.71484375
2021-04-08,5256.71484375,5325.262062576406,5248.1464413967,5312.409459046455,123697500,5241.67490234375,5459.9794921875,-0.0046402804896956695,24.896313808657396,7.1596,0.6992,0.3008,58,5312.40966796875
2021-04-09,5312.40966796875,5415.230500252016,5265.283453172253,5410.946298906881,116961000,5252.13759765625,5442.31533203125,0.010594986769154602,25.736810780293197,6.7455,0.7033,0.2967,41,5196.736328125
2021-04-12,5196.736328125,5393.809593659831,5192.45212670033,5393.809593659831,110411500,5251.29560546875,5416.332470703125,-0.021774175388092565,25.81909773790248,4.8049,0.626,0.374,82,5141.0419921875
2021-04-13,5141.0419921875,5192.452412109375,5123.905185546875,5183.884008789062,119211500,5237.6248046875,5391.789892578125,-0.01071717563118979,25.532446604031037,3.2975,0.624,0.376,82,5402.37841796875
2021-04-14,5402.37841796875,5402.37841796875,5192.452531782811,5231.010347612882,135519500,5261.85625,5382.004125976562,0.0508333575524933,48.00266198815604,5.2581,0.687,0.313,72,5380.95654296875
2021-04-15,5380.95654296875,5406.661749384206,5295.272521583897,5402.377548314963,102686500,5286.70458984375,5371.781005859375,-0.003965267395699135,49.91226768737291,6.479,0.7492,0.2508,53,5376.6728515625
2021-04-16,5376.6728515625,5458.072679594124,5325.262433858317,5458.072679594124,79293500,5299.5572265625,5357.330004882812,-0.0007960836278909644,47.59621646402638,5.3753,0.7079,0.2921,27,5372.38818359375
2021-04-19,5372.38818359375,5380.956585800439,5338.114574766996,5376.672384697095,47095000,5334.68759765625,5340.340991210937,-0.0007968995114711053,49.89786026260448,2.7353,0.604,0.396,42,5342.39892578125
2021-04-20,5342.39892578125,5355.251529451934,5299.556913545634,5312.40951721632,72721000,5374.958984375,5327.7674560546875,-0.0055821092571235464,46.485878391484285,5.5526,0.6895,0.3105,40,5282.419921875
2021-04-21,5282.419921875,5333.830334739963,5282.419921875,5312.409329379562,68397000,5350.96728515625,5314.518725585937,-0.011226979628347178,51.97082089661105,3.0385,0.5705,0.4295,31,5325.26220703125
2021-04-22,5325.26220703125,5376.672622545631,5295.272797981194,5312.409603152655,63758000,5339.82841796875,5308.693334960937,0.008110352033702695,53.997273242959636,4.988,0.6327,0.3673,59,5475.20947265625
2021-04-23,5475.20947265625,5479.493674121552,5333.830824301276,5380.9570404196,108498500,5359.5357421875,5313.322778320313,0.0281577244078266,65.13713650553935,5.5763,0.7053,0.2947,54,5385.24072265625
2021-04-26,5385.24072265625,5483.777346857598,5380.956521604017,5479.493145805365,108742000,5362.10625,5311.552587890625,-0.016432019715284518,58.904005941333416,4.5173,0.6958,0.3042,51,5488.0625
2021-04-27,5488.0625,5513.767710772833,5445.220482045277,5458.073087431694,132650000,5391.23896484375,5317.2471923828125,0.019093255555163724,60.1547723471118,3.2793,0.6433,0.3567,44,5415.23046875
2021-04-28,5415.23046875,5488.061891193632,5410.9462674297865,5483.777689873417,87660000,5417.80107421875,5317.821435546875,-0.013270991584006242,57.42970342682427,5.0717,0.7005,0.2995,33,5492.34619140625
2021-04-29,5492.34619140625,5535.188205379778,5449.504177432723,5535.188205379778,57355000,5451.21787109375,5329.8564453125,0.014240524591015324,58.26769462243954,5.621,0.7055,0.2945,38,5488.0625
2021-04-30,5488.0625,5526.62031615925,5466.641491022639,5526.62031615925,65829500,5453.7884765625,5341.2547607421875,-0.000779938346376019,64.91226139891285,7.0055,0.6631,0.3369,29,5475.20947265625
2021-05-03,5475.20947265625,5552.32509903169,5436.65165946853,5552.32509903169,42065500,5471.7822265625,5354.967919921875,-0.0023419972611008477,67.88982766716104,4.2554,0.6159,0.3841,51,5483.77783203125
2021-05-04,5483.77783203125,5509.483040618897,5432.367414855958,5440.935817718506,50123500,5470.92529296875,5368.68701171875,0.001564937271859801,55.9747827966503,5.8881,0.7027,0.2973,19,5505.1982421875
2021-05-05,5505.1982421875,5509.482443154183,5483.777237354086,5500.914041220817,51685000,5488.91884765625,5379.8858642578125,0.0039061411334229135,59.1194607774691,6.5143,0.7604,0.2396,22,5505.1982421875
2021-05-06,5505.1982421875,5526.619247020914,5483.777237354086,5483.777237354086,38115500,5491.4892578125,5392.310034179687,0.0,59.49358869551123,5.202,0.7189,0.2811,31,5483.77783203125
2021-05-07,5483.77783203125,5535.188249206543,5470.925227737427,5535.188249206543,48864000,5490.63232421875,5400.878442382813,-0.0038909425626312277,58.02470524326273,5.7828,0.6776,0.3224,22,5500.91455078125
2021-05-10,5500.91455078125,5500.91455078125,5479.493543963567,5483.777745327103,68180500,5495.77333984375,5416.087353515625,0.003124984139565745,61.63520839174923,5.1149,0.6319,0.3681,29,5552.3251953125
2021-05-11,5552.3251953125,5552.3251953125,5402.378141426746,5483.7779706790125,70680000,5509.4828125,5436.651513671875,0.009345835870864239,70.06369379055187,4.5062,0.6844,0.3156,38,5569.4609375
2021-05-17,5569.4609375,5569.4609375,5462.355919471154,5569.4609375,129058500,5522.3353515625,5445.005639648438,0.0030862281269055103,68.87411018819985,2.6581,0.6233,0.3767,30,5475.20947265625
2021-05-18,5475.20947265625,5530.904091705179,5453.788465329739,5483.777875586854,73563000,5516.33759765625,5449.718286132813,-0.016922906166580876,49.99999998816005,0.6135,0.5081,0.4919,28,5436.6513671875
2021-05-19,5436.6513671875,5483.777580772262,5428.082964717543,5466.6407758323485,64912500,5506.9123046875,5452.717211914062,-0.007042306903747297,54.76193705291563,0.9637,0.5472,0.4528,58,5466.640625
2021-05-20,5466.640625,5513.766837284483,5440.935418299373,5475.209027233542,64950000,5500.05751953125,5457.429833984375,0.005516126708712266,47.70631744156697,0.9317,0.5791,0.4209,36,5449.5048828125
2021-05-21,5449.5048828125,5526.62051794664,5363.820843774568,5526.62051794664,92620000,5479.49345703125,5462.785131835937,-0.003134601917882618,54.16680515786453,4.2258,0.5896,0.4104,30,5419.5146484375
2021-05-24,5419.5146484375,5466.640862771739,5389.525239315712,5445.219856256175,59210000,5449.50419921875,5469.639868164062,-0.0055032952570770455,39.99989271538822,2.6314,0.5864,0.4136,36,5445.2197265625
2021-05-25,5445.2197265625,5518.051146980723,5398.093513350708,5398.093513350708,87470000,5443.50625,5475.637744140625,0.00474305907308703,44.44430372041685,5.2517,0.6756,0.3244,17,5372.38818359375
2021-05-27,5372.38818359375,5552.324629934211,5372.38818359375,5518.051021107456,537971500,5430.65361328125,5470.4966796875,-0.013375317549348509,38.461403569746594,6.4003,0.6792,0.3208,73,5432.3671875
2021-05-28,5432.3671875,5458.07239501183,5423.798784996056,5423.798784996056,102108500,5423.79892578125,5472.853002929687,0.011164309401434203,44.8275319858428,2.785,0.5654,0.4346,31,5462.35693359375
2021-05-31,5462.35693359375,5475.209538143383,5419.514918428309,5449.504329044118,101442000,5426.3693359375,5471.567724609375,0.005520566828169704,45.76276423805568,3.9309,0.6288,0.3712,39,5539.47216796875
2021-06-02,5539.47216796875,5582.314180095345,5500.914357054815,5569.461576457367,141732500,5450.36083984375,5477.779809570313,0.01411757512599321,52.941215894894,6.6371,0.7304,0.2696,35,5655.1455078125
2021-06-03,5655.1455078125,5655.1455078125,5509.482668974905,5565.177283824573,133810500,5492.34599609375,5485.919775390625,0.020881653763442642,62.65823650957021,4.8708,0.7031,0.2969,37,5638.0087890625
2021-06-04,5638.0087890625,5672.282398722455,5569.461569742592,5672.282398722455,62108500,5545.4701171875,5493.41708984375,-0.003030287854897118,60.126596419059794,4.5036,0.6697,0.3303,22,5595.16748046875
2021-06-07,5595.16748046875,5629.441094437931,5509.483445545798,5620.872690945635,62576000,5578.03017578125,5499.414990234375,-0.007598659419769005,53.20516238214205,4.272,0.6682,0.3318,33,5509.482421875
2021-06-08,5509.482421875,5633.724249428946,5509.482421875,5633.724249428946,64348000,5587.4552734375,5500.700219726563,-0.01531411863770904,45.930248729954315,3.3076,0.6802,0.3198,13,5595.16748046875
2021-06-09,5595.16748046875,5599.451682214897,5449.504621099732,5449.504621099732,77198000,5598.5943359375,5505.198681640625,0.015552288224669475,58.23530593749138,5.0618,0.7401,0.2599,25,5672.2822265625
2021-06-10,5672.2822265625,5672.2822265625,5560.892998548433,5616.587612555466,73262500,5602.0216796875,5513.552880859375,0.013782383880900362,65.36311389564389,7.9984,0.7931,0.2069,26,5543.7568359375
2021-06-11,5543.7568359375,5638.009270551584,5535.188432790766,5629.44086740485,72780500,5583.1712890625,5516.551831054688,-0.02265849714302537,54.45548184698025,5.082,0.6273,0.3727,26,5492.34619140625
2021-06-14,5492.34619140625,5586.598622148011,5483.777788611545,5586.598622148011,61478500,5562.60703125,5516.1234130859375,-0.009273611028171258,52.380911022262794,4.9482,0.6537,0.3463,25,5543.7568359375
2021-06-15,5543.7568359375,5543.7568359375,5488.062215483723,5522.335828070663,87799000,5569.4619140625,5515.694995117187,0.009360415884142714,56.74420329710791,4.5308,0.6747,0.3253,23,5470.92529296875
2021-06-16,5470.92529296875,5513.767307792311,5449.504285556969,5500.914703345243,48984000,5544.6134765625,5510.768212890625,-0.013137578924208637,51.32745147232935,4.081,0.654,0.346,30,5423.79833984375
2021-06-17,5423.79833984375,5475.208750647956,5376.672129939894,5475.208750647956,68448500,5494.91669921875,5508.19765625,-0.008614073598403493,52.727255764869795,4.9308,0.7199,0.2801,14,5419.5146484375
2021-06-18,5419.5146484375,5436.651453649951,5380.956836709486,5398.093641921936,118043000,5470.06826171875,5507.3408203125,-0.0007897954787111638,49.27536630085637,3.3214,0.6007,0.3993,27,5355.25146484375
2021-06-21,5355.25146484375,5398.0934765625,5320.97785546875,5398.0934765625,60823500,5442.64931640625,5501.7713623046875,-0.011857737779577326,44.186024314485095,2.5586,0.586,0.414,28,5432.3671875
2021-06-22,5432.3671875,5475.209200019716,5346.683162460568,5355.251564964511,65824000,5420.37138671875,5500.914477539062,0.014400018965029071,44.186053901717045,1.5993,0.5825,0.4175,19,5338.11572265625
2021-06-23,5338.11572265625,5432.368167197532,5338.11572265625,5393.810348976099,52451000,5393.80947265625,5496.84453125,-0.017349980513214347,32.381011300494976,2.3157,0.5844,0.4156,29,5320.97802734375
2021-06-24,5320.97802734375,5406.662053548964,5312.409624723229,5406.662053548964,56010000,5373.24541015625,5490.6324462890625,-0.003210439076800742,32.38097615247325,2.5207,0.608,0.392,19,5303.84130859375
2021-06-25,5303.84130859375,5363.820127915489,5303.84130859375,5338.114919634743,68939500,5350.1107421875,5487.205102539063,-0.0032205956615375397,33.333333327993756,5.2112,0.717,0.283,23,5188.16796875
2021-06-28,5188.16796875,5269.567796500825,5188.16796875,5226.725781895128,84420500,5316.69404296875,5474.995141601563,-0.02180935158379005,32.22753013019856,2.8926,0.6456,0.3544,54,5179.60009765625
2021-06-29,5179.60009765625,5218.157914760391,5175.31589575579,5183.88429955671,53704000,5266.140625,5460.8572998046875,-0.0016514251553452208,24.870437249389482,1.0951,0.55,0.45,22,5162.46142578125
2021-06-30,5162.46142578125,5201.01922896136,5141.040424014524,5141.040424014524,65795000,5231.009765625,5442.006762695312,-0.003308879363631778,16.759786493068788,9.7955,0.675,0.325,25,5162.46142578125
2021-07-01,5162.46142578125,5205.303429314705,5141.040424014524,5192.4508282546685,58153000,5199.3064453125,5417.37255859375,0.0,20.13421175582664,5.9358,0.6762,0.3238,31,5226.7255859375
2021-07-02,5226.7255859375,5260.99919633709,5175.3151703381145,5201.020378137808,67392500,5183.88330078125,5396.8083984375,0.012448356482687828,29.6053494789992,5.3783,0.6563,0.3437,33,5235.2939453125
2021-07-05,5235.2939453125,5252.430750370806,5201.020335195888,5226.725542783347,39710500,5193.30849609375,5378.814721679688,0.0016393359923185802,24.647970971597644,6.2353,0.671,0.329,35,5188.16796875
2021-07-06,5188.16796875,5235.294184816267,5188.16796875,5235.294184816267,34279500,5195.0220703125,5362.748999023437,-0.00900159132510503,25.73539208700521,4.3672,0.6047,0.3953,39,5196.736328125
2021-07-07,5196.736328125,5295.272960892416,5166.746918152308,5295.272960892416,35595000,5201.87705078125,5342.82744140625,0.0016515192697326153,29.133981920284725,3.5528,0.6417,0.3583,28,5153.89453125
2021-07-08,5153.89453125,5175.3155392768085,5123.905120012469,5141.041926433915,47297000,5200.163671875,5316.908056640625,-0.008243981254761334,27.205989565011464,4.7738,0.6296,0.3704,34,5158.17822265625
2021-07-09,5158.17822265625,5158.17822265625,5132.473015566601,5149.609820293033,40707500,5186.45419921875,5297.629125976562,0.0008311562024168051,31.147588450939026,4.6539,0.6759,0.3241,18,5286.70458984375
2021-07-12,5286.70458984375,5295.272992744631,5158.1785463305305,5201.020560834937,65981500,5196.736328125,5287.3470458984375,0.024917007834854177,37.31348741355459,7.2603,0.6713,0.3287,30,5179.60009765625
2021-07-13,5179.60009765625,5290.989347068213,5153.89488625349,5286.705145167753,65946500,5195.02275390625,5269.139208984375,-0.02025921637332595,36.49637950359366,7.1591,0.6538,0.3462,22,5132.47314453125
2021-07-14,5132.47314453125,5166.746754845315,5123.904741952734,5158.178352266799,59321000,5182.1701171875,5252.2166015625,-0.009098569819381397,34.72226398656112,6.5795,0.6602,0.3398,27,5239.578125
2021-07-15,5239.578125,5239.578125,5136.757295073589,5141.041496320523,49724000,5199.3068359375,5243.005590820312,0.020868103437204022,45.45454544554322,7.3812,0.6985,0.3015,19,5235.2939453125
2021-07-16,5235.2939453125,5286.704360487418,5188.167731402158,5286.704360487418,47998500,5214.72998046875,5233.7945556640625,-0.0008176573734168802,53.956802075875544,7.2236,0.7584,0.2416,11,5145.326171875
2021-07-19,5145.326171875,5235.29440635408,5145.326171875,5235.29440635408,47119000,5186.454296875,5223.298291015625,-0.017184856166109652,47.46833844144453,4.8028,0.6708,0.3292,24,5149.609375
2021-07-21,5149.609375,5243.861792845258,5149.609375,5183.882981489185,55009500,5180.45615234375,5209.160400390625,0.0008324454042218932,49.03229837750066,6.7503,0.7063,0.2937,25,5273.85205078125
2021-07-22,5273.85205078125,5273.85205078125,5183.883819208215,5239.578438753427,60792000,5208.73193359375,5205.947216796875,0.024126621406356685,57.06530625389503,7.3872,0.7511,0.2489,49,5171.03125
2021-07-23,5171.03125,5303.841497514499,5162.462846934549,5295.273094449048,79938000,5195.02255859375,5198.449877929687,-0.01949633774159787,46.63213627746838,7.3533,0.7529,0.2471,53,5145.326171875
2021-07-26,5145.326171875,5192.45238993547,5145.326171875,5175.315583368027,48171500,5177.02900390625,5190.52412109375,-0.004970977138264221,44.670069255597504,8.0357,0.7127,0.2873,58,5145.326171875
2021-07-27,5145.326171875,5192.45238993547,5141.041970233139,5145.326171875,53107500,5177.02900390625,5188.38203125,0.0,47.31183783184418,4.6172,0.6667,0.3333,29,5123.90478515625
2021-07-28,5123.90478515625,5149.609993108539,5115.336382505487,5145.325791783157,74133000,5171.8880859375,5185.597265625,-0.004163270899295357,45.50263432756062,3.6228,0.6473,0.3527,43,5175.31494140625
2021-07-29,5175.31494140625,5213.872751400171,5123.904528081022,5188.167544737557,84605000,5152.1806640625,5186.23994140625,0.010033394140916307,51.30886521172875,5.1585,0.694,0.306,27,5115.33544921875
2021-07-30,5115.33544921875,5226.724663355842,5106.767048131282,5175.31425683103,105685000,5141.04150390625,5183.883642578125,-0.011589534717514671,47.5489774247177,6.0535,0.6955,0.3045,66,5106.767578125
2021-08-02,5106.767578125,5196.735798880558,5059.641367253041,5192.451597892198,119981500,5133.32978515625,5177.8857421875,-0.0016749382672565094,38.06813876232578,4.8284,0.6713,0.3287,102,5265.283203125
2021-08-03,5265.283203125,5295.272611116761,5128.188766591233,5162.4623757246745,110071500,5157.32119140625,5179.385205078125,0.031040305354605557,55.3190895927599,4.7153,0.6562,0.3438,39,5243.86279296875
2021-08-04,5243.86279296875,5269.568002738205,5192.452373429841,5265.283801109962,41112000,5181.31279296875,5182.169946289063,-0.004068235141375998,57.14289291679618,7.4682,0.7144,0.2856,22,5398.0927734375
2021-08-05,5398.0927734375,5406.661174665179,5260.998353794643,5286.703557477678,93768000,5225.868359375,5192.237768554687,0.029411520964192528,59.5854695756996,11.7176,0.7663,0.2337,33,5278.13623046875
2021-08-06,5278.13623046875,5449.504289899553,5256.7152230399,5449.504289899553,67285000,5258.428515625,5198.449853515625,-0.0222220232225393,52.272749635681585,10.9497,0.7468,0.2532,33,5312.40966796875
2021-08-09,5312.40966796875,5312.40966796875,5231.009842411165,5256.715050481981,52858500,5299.55693359375,5206.16142578125,0.00649347345416218,59.42030181512217,9.9125,0.7446,0.2554,66,5398.0927734375
2021-08-10,5398.0927734375,5398.0927734375,5239.577350725446,5355.250767299107,60446000,5326.11884765625,5211.7308349609375,0.016128858808720503,62.8318829438007,6.657,0.7025,0.2975,53,5398.0927734375
2021-08-12,5398.0927734375,5415.229575892858,5243.861551339286,5243.861551339286,118325500,5356.96484375,5222.65546875,0.0,57.360372896375154,8.0004,0.6769,0.3231,44,5492.34619140625
2021-08-13,5492.34619140625,5513.767198393014,5419.514767651253,5440.935774638017,86929000,5375.81552734375,5240.64912109375,0.01746050353794293,69.23082317083728,9.7932,0.7297,0.2703,46,5500.91455078125
2021-08-16,5500.91455078125,5500.91455078125,5402.377919419904,5500.91455078125,69282000,5420.37119140625,5253.7159423828125,0.0015600544970029162,71.72779929040486,11.847,0.7285,0.2715,44,5655.1455078125
2021-08-18,5655.1455078125,5792.23994436553,5535.187875828598,5586.598289535985,186354500,5488.918359375,5274.708520507813,0.028037330085293855,76.21150150883447,30.2113,0.7679,0.2321,67,5655.1455078125
2021-08-19,5655.1455078125,5655.1455078125,5595.166691820549,5655.1455078125,100926000,5540.32890625,5300.199487304688,0.0,77.92801325045986,17.0823,0.6813,0.3187,37,5655.1455078125
2021-08-20,5655.1455078125,5655.1455078125,5578.02988725142,5655.1455078125,120163500,5591.739453125,5325.476293945312,0.0,76.66675891852624,12.2347,0.7206,0.2794,25,5646.57666015625
2021-08-23,5646.57666015625,5646.57666015625,5582.313648090739,5582.313648090739,68253000,5622.585546875,5344.112524414062,-0.0015152302702754472,81.31326793703504,8.4055,0.7041,0.2959,32,5655.1455078125
2021-08-24,5655.1455078125,5655.1455078125,5569.461484966856,5629.440300958807,59561500,5653.43173828125,5368.3182373046875,0.0015175296771783309,82.32333057211846,5.0735,0.6377,0.3623,21,5655.1455078125
2021-08-25,5655.1455078125,5659.429708954782,5642.292904385653,5655.1455078125,80751500,5653.43173828125,5393.8092041015625,0.0,78.26097111852124,5.5118,0.6292,0.3708,29,5620.87255859375
2021-08-26,5620.87255859375,5638.009365174828,5543.756928978896,5620.87255859375,74337000,5646.5771484375,5417.5865234375,-0.006060489366967237,76.82936997839482,3.8147,0.6041,0.3959,38,5578.0302734375
2021-08-27,5578.0302734375,5595.167079193068,5560.893467681932,5560.893467681932,71572500,5631.1541015625,5440.292797851563,-0.007621999024110315,65.21750619524423,3.6532,0.5975,0.4025,22,5625.15673828125
2021-08-30,5625.15673828125,5638.009343166888,5586.598923624333,5595.167326881426,74564500,5626.8701171875,5462.784887695312,0.008448585348875826,83.47107357917523,8.0746,0.7078,0.2922,22,5612.3037109375
2021-08-31,5612.3037109375,5629.440516161737,5582.314301795086,5586.598503101145,115373500,5618.3017578125,5487.63330078125,-0.0022849189705738127,80.17235363351905,6.3123,0.6789,0.3211,20,5625.15673828125
2021-09-01,5625.15673828125,5655.146149681073,5599.451528509972,5612.304133395611,67362500,5612.30400390625,5513.552758789063,0.002290151781825678,76.76768720807839,8.0107,0.7323,0.2677,28,5603.7353515625
2021-09-02,5603.7353515625,5633.724760936306,5530.903928797544,5590.882747545155,53257000,5608.8765625,5530.475366210938,-0.003808140415531791,73.07688933447824,3.9189,0.5884,0.4116,18,5655.1455078125
2021-09-03,5655.1455078125,5655.1455078125,5582.314088393702,5620.871898674242,35764500,5624.299609375,5551.039501953125,0.00917426556121459,70.21265500497552,8.4901,0.7228,0.2772,21,5633.72509765625
2021-09-06,5633.72509765625,5659.430307227305,5612.30408968037,5655.14610563213,36780000,5626.01328125,5562.821118164063,-0.003787773475794398,65.97938626631729,9.7275,0.7218,0.2782,43,5629.4404296875
2021-09-07,5629.4404296875,5659.429838369245,5629.4404296875,5650.861435888746,53902000,5629.440625,5580.386328125,-0.0007605390562156478,45.16134366748777,6.8885,0.6791,0.3209,22,5518.05126953125
2021-09-08,5518.05126953125,5650.861509714067,5500.914464346371,5612.303698048087,77888000,5608.01953125,5590.668408203125,-0.019786897391937286,31.81828188514602,4.7154,0.6284,0.3716,45,5629.4404296875
2021-09-09,5629.4404296875,5629.4404296875,5492.345989999524,5492.345989999524,110074000,5613.160546875,5602.235791015625,0.020186322075567142,47.36844208654941,4.7482,0.6097,0.3903,22,5586.59912109375
2021-09-10,5586.59912109375,5625.156937113569,5565.178112193851,5565.178112193851,41483500,5599.45126953125,5611.661108398437,-0.007610225053243602,44.26242065116493,11.5339,0.7664,0.2336,26,5616.587890625
2021-09-13,5616.587890625,5620.872091914569,5590.882682887585,5620.872091914569,29929000,5596.023828125,5617.873193359375,0.005367983075431182,46.4567056208101,9.286,0.6479,0.3521,17,5608.01953125
2021-09-14,5608.01953125,5650.861544475745,5565.177518024256,5646.577343153171,51990500,5591.7396484375,5623.228442382812,-0.0015255453207279057,45.73644916454163,9.8344,0.6989,0.3011,32,5565.17822265625
2021-09-15,5565.17822265625,5612.30444317143,5556.6098189262175,5608.0202413064135,44514000,5601.1650390625,5618.730078125,-0.007639293756917631,45.038185195281926,4.7947,0.5638,0.4362,14,5569.4609375
2021-09-16,5569.4609375,5638.008149038462,5552.3241346153845,5638.008149038462,58672500,5589.169140625,5614.445849609375,0.0007695557397091601,49.18023443510357,3.1399,0.5569,0.4431,20,5586.59912109375
2021-09-17,5586.59912109375,5599.45172643369,5552.325506853911,5560.893910413871,117540000,5589.169140625,5611.018530273437,0.003077170984063571,46.08696426483128,4.917,0.6875,0.3125,11,5642.29345703125
2021-09-20,5642.29345703125,5646.577658593157,5578.030433602648,5629.4408523455295,73157500,5594.31025390625,5610.804370117187,0.009969273744237395,52.80004302240087,3.615,0.6295,0.3705,42,5560.8935546875
2021-09-21,5560.8935546875,5599.451368240803,5543.756748663809,5578.03036071119,57115500,5584.88505859375,5606.091772460937,-0.014426740289857132,44.68081493708375,0.9231,0.41,0.59,21,5616.587890625
2021-09-22,5616.587890625,5638.008897072845,5569.461676439741,5569.461676439741,68722000,5595.1669921875,5604.163891601563,0.010015357314392848,51.00671139820929,2.6878,0.53,0.47,20,5638.0087890625
2021-09-23,5638.0087890625,5646.577191477489,5608.01938061004,5616.587783025028,60998500,5608.8765625,5605.020703125,0.0038138633018198753,48.59154928459231,5.1134,0.636,0.364,31,5642.29345703125
2021-09-24,5642.29345703125,5642.29345703125,5569.462030478834,5569.462030478834,60539500,5620.0154296875,5608.233862304687,0.000759961207769333,50.72463647220484,6.5311,0.678,0.322,25,5638.0087890625
2021-09-27,5638.0087890625,5650.861392684983,5616.587783025028,5642.292990269994,55052500,5619.15849609375,5608.87646484375,-0.0007593841053075145,50.72463647220484,3.5086,0.5473,0.4527,36,5586.59912109375
2021-09-28,5586.59912109375,5620.872735333589,5569.462313973831,5603.7359282136695,80186000,5624.299609375,5607.591235351562,-0.009118408624775975,56.451704802141,2.3543,0.5237,0.4763,20,5638.0087890625
2021-09-29,5638.0087890625,5638.0087890625,5582.314173365074,5586.598374572568,74079000,5628.5837890625,5608.233837890625,0.009202319130907188,50.90909277782384,1.8456,0.5535,0.4465,24,5997.8818359375
2021-09-30,5997.8818359375,5997.8818359375,5650.861529715401,5655.145731026785,156848000,5700.5583984375,5627.941162109375,0.06382981303135571,76.08700094472646,3.3414,0.6386,0.3614,76,5792.240234375
2021-10-01,5792.240234375,5912.197872365015,5749.3982208071375,5912.197872365015,103954500,5730.54775390625,5634.7958984375,-0.0342857040514466,59.11113406592572,2.3785,0.5981,0.4019,52,5963.6083984375
2021-10-04,5963.6083984375,5963.6083984375,5775.1035352684985,5775.1035352684985,74719000,5795.66767578125,5651.290063476563,0.029585817771419,65.77949963864138,7.7172,0.7121,0.2879,46,5950.7548828125
2021-10-05,5950.7548828125,5950.7548828125,5877.923469559935,5920.765477355562,54986500,5868.498828125,5667.355786132813,-0.002155325226983029,67.57806116702722,4.5461,0.6061,0.3939,16,6152.11328125
2021-10-06,6152.11328125,6152.11328125,5972.176820377786,5980.745223276463,174312000,5971.3197265625,5699.05888671875,0.03383745464278509,72.51655428411718,5.0964,0.6583,0.3417,38,6134.9765625
2021-10-07,6134.9765625,6147.829167030377,6066.429338337988,6147.829167030377,107263500,5998.738671875,5724.335693359375,-0.002785501171154947,71.19202735474373,5.3095,0.6821,0.3179,34,6246.3662109375
2021-10-08,6246.3662109375,6254.934614519033,6147.829569749872,6169.250578703704,94643500,6089.5638671875,5757.324047851563,0.01815649127632679,72.38094134663527,7.2931,0.7528,0.2472,34,6216.3759765625
2021-10-11,6216.3759765625,6246.365385133098,6194.9549704406445,6203.523372889387,47201000,6140.1173828125,5787.313452148437,-0.004801228964527615,75.24746664651464,5.8318,0.699,0.301,31,6272.0703125
2021-10-12,6272.0703125,6272.0703125,6207.8072970030735,6216.375699069331,91067000,6204.38046875,5820.5159912109375,0.00895929334832446,75.24746664651464,6.132,0.7048,0.2952,38,6447.72265625
2021-10-13,6447.72265625,7068.931815822259,6340.617628737541,6340.617628737541,210893300,6263.50234375,5864.643212890625,0.02800548064646713,77.87605322799624,6.0092,0.7291,0.2709,219,6640.51220703125
2021-10-14,6640.51220703125,6769.038249747984,6511.986164314516,6511.986164314516,138811900,6364.60947265625,5918.195776367187,0.029900409967908992,80.41770421493658,6.7041,0.7506,0.2494,79,6554.82763671875
2021-10-15,6554.82763671875,6747.616684857537,6383.459593928717,6683.3536688112745,142378200,6426.3017578125,5966.607202148438,-0.012903307401765374,76.61686943389827,5.2365,0.7086,0.2914,75,6447.72265625
2021-10-18,6447.72265625,6576.24868926495,6404.880645245016,6554.827683762458,116644300,6472.57109375,6006.878662109375,-0.016339862221360413,74.2167973170423,6.999,0.7516,0.2484,73,6426.302734375
2021-10-19,6426.302734375,6447.723743489583,6297.7766796875,6404.881725260417,134601200,6503.417578125,6050.14912109375,-0.0033220910726110553,72.54900809963382,5.7329,0.6931,0.3069,52,6340.61767578125
2021-10-21,6340.61767578125,6469.143709749789,6297.775664458404,6426.301698426943,106120100,6481.99658203125,6086.350610351563,-0.013333492388307722,61.62786806068294,6.4751,0.6961,0.3039,50,6447.72265625
2021-10-22,6447.72265625,6469.143661752491,6362.038634240033,6383.459639742525,96730700,6443.438671875,6126.8363037109375,0.016891884347143282,73.83169605522326,7.8186,0.7428,0.2572,38,6447.72265625
2021-10-25,6447.72265625,6447.72265625,6340.617628737541,6340.617628737541,60329800,6422.01767578125,6167.107763671875,0.0,70.10667957265666,6.2924,0.7175,0.2825,52,6447.72265625
2021-10-26,6447.72265625,6511.985672757475,6426.301650747509,6511.985672757475,70103000,6422.01767578125,6207.59345703125,0.0,70.86327837506798,6.4378,0.7562,0.2438,39,6383.46044921875
2021-10-27,6383.46044921875,6490.565490313024,6362.039440999894,6490.565490313024,57067000,6413.44921875,6247.4365234375,-0.009966651864121157,60.975613138016,3.5454,0.6638,0.3362,21,6319.1962890625
2021-10-28,6319.1962890625,6362.038297801907,6297.775284692796,6297.775284692796,75271900,6409.16494140625,6281.4958984375,-0.010067291975485615,58.365699387771606,4.1024,0.5641,0.4359,28,6404.88134765625
2021-10-29,6404.88134765625,6404.88134765625,6319.197316249478,6383.4603398045565,60639200,6400.5966796875,6301.845874023437,0.01355948678822605,57.37048372969364,4.9598,0.6768,0.3232,19,6340.61767578125
2021-11-01,6340.61767578125,6469.143709749789,6340.61767578125,6469.143709749789,38593400,6379.17568359375,6329.26474609375,-0.010033546038837438,55.5984357128563,6.2701,0.7134,0.2866,28,6254.93359375
2021-11-02,6254.93359375,6362.038621040239,6212.091582833904,6319.196610124144,90535400,6340.61787109375,6343.831005859375,-0.013513522879408213,49.248126093503316,5.3882,0.6616,0.3384,41,6297.7763671875
2021-11-03,6297.7763671875,6340.618383290816,6212.092334980867,6254.934351084184,61621500,6323.4810546875,6361.182080078125,0.006849436975687295,42.553256492432794,6.2304,0.7425,0.2575,17,6319.1962890625
2021-11-04,6319.1962890625,6404.880306541313,6319.1962890625,6362.038297801907,61081400,6323.4810546875,6369.53623046875,0.003401188074349859,30.76923076407445,10.5921,0.8435,0.1565,18,6383.46044921875
2021-11-05,6383.46044921875,6404.881457437605,6319.197424562185,6404.881457437605,43120400,6319.196875,6381.960424804687,0.010169673043307847,39.47377260318503,6.4665,0.6717,0.3283,22,6490.56494140625
2021-11-08,6490.56494140625,6511.985947813531,6383.459909369843,6426.301922184406,85441700,6349.186328125,6394.170361328125,0.01677843750102781,52.6315884096914,6.9062,0.6942,0.3058,60,6576.25
2021-11-09,6576.25,6576.25,6490.565960912052,6511.986970684039,101785800,6413.449609375,6412.1640625,0.013201479280659623,58.536555524480285,5.44,0.6943,0.3057,36,6554.82763671875
2021-11-10,6554.82763671875,6576.248642067504,6490.564620672488,6576.248642067504,47503900,6464.85986328125,6426.301928710937,-0.0032575348080212674,63.15781264097504,5.6415,0.5863,0.4137,23,6576.25
2021-11-11,6576.25,6640.513029315961,6511.986970684039,6597.671009771987,55790000,6516.27060546875,6432.728295898438,0.00326818102145765,58.8235451750698,4.2558,0.6431,0.3569,20,6447.72265625
2021-11-12,6447.72265625,6640.511705772426,6447.72265625,6640.511705772426,52590100,6529.123046875,6423.088818359375,-0.01954416935943737,49.99999999183052,3.5295,0.611,0.389,19,6426.302734375
2021-11-15,6426.302734375,6533.407779947916,6426.302734375,6533.407779947916,67344200,6516.27060546875,6416.662573242187,-0.0033220910726110553,48.78055830904548,4.9879,0.6086,0.3914,33,6404.88134765625
2021-11-16,6404.88134765625,6404.88134765625,6276.355300546091,6340.61832410117,98616900,6481.996875,6414.5205078125,-0.003333392092495835,51.282033289788274,5.6924,0.6956,0.3044,23,6512.34521484375
2021-11-17,6512.34521484375,6512.34521484375,6383.387883856745,6447.866549350248,61968100,6473.500390625,6418.8226318359375,0.01677843216046848,60.99152673740725,4.8393,0.7007,0.2993,17,6361.89501953125
2021-11-18,6361.89501953125,6447.86657384924,6361.89501953125,6383.387908110747,78839600,6430.62939453125,6419.886499023438,-0.02310230651925138,47.72171343334919,2.2397,0.5304,0.4696,25,6383.38818359375
2021-11-19,6383.38818359375,6404.8810731008,6340.402404579651,6383.38818359375,68203700,6417.7625,6416.669775390625,0.003378421680413579,52.374500661968945,2.9779,0.6541,0.3459,9,6426.3740234375
2021-11-22,6426.3740234375,6469.359802858487,6361.89535430602,6383.388244016513,66328300,6417.7767578125,6415.60234375,0.006734016263373999,59.99159943153898,3.2973,0.677,0.323,30,6426.3740234375
2021-11-23,6426.3740234375,6447.866913147993,6361.89535430602,6361.89535430602,43477500,6422.07529296875,6414.534912109375,0.0,57.8886516514878,4.9497,0.6915,0.3085,17,6426.3740234375
2021-11-24,6426.3740234375,6512.345582279473,6383.388244016513,6512.345582279473,35181400,6404.8810546875,6416.680590820312,0.0,56.752117601726596,4.7825,0.7303,0.2697,13,6383.38818359375
2021-11-25,6383.38818359375,6469.359741621949,6383.38818359375,6404.8810731008,40216100,6409.1796875,6419.890185546875,-0.006688972613012711,49.995321888629135,8.3646,0.8318,0.1682,15,6254.4306640625
2021-11-26,6254.4306640625,6404.880886222079,6232.93777518256,6361.8951084622,113288400,6383.38818359375,6412.367651367187,-0.020202048790122107,35.1344804692546,3.4972,0.6512,0.3488,34,6361.89501953125
2021-11-29,6361.89501953125,6383.387908110747,6168.459022315773,6254.430576633762,87907900,6370.4923828125,6413.4315185546875,0.0171821163653203,36.86573156212574,3.6721,0.6351,0.3649,42,6254.4306640625
2021-11-30,6254.4306640625,6383.387997342139,6254.4306640625,6297.416441822379,144923700,6336.1037109375,6413.4063720703125,-0.016891878149329798,33.34931966435086,2.4312,0.5529,0.4471,17,6275.92333984375
2021-12-01,6275.92333984375,6404.880668744649,6254.4304516936,6254.4304516936,76538100,6306.01357421875,6412.313720703125,0.0034363920452016306,33.35451447477158,2.0554,0.5889,0.4111,16,6447.8671875
2021-12-02,6447.8671875,6447.8671875,6275.9240625,6340.402734374999,66831000,6318.909375,6418.747265625,0.027397378576095033,50.007642757376196,1.2473,0.5236,0.4764,24,6340.40185546875
2021-12-03,6340.40185546875,6469.359181342691,6318.908967823093,6469.359181342691,63283700,6336.10361328125,6416.5943359375,-0.016666802976274875,45.83647505191609,2.6632,0.5844,0.4156,31,6318.90966796875
2021-12-06,6318.90966796875,6426.374118104272,6318.90966796875,6404.881228077168,56944100,6327.50654296875,6408.011572265625,-0.003389720082404901,45.83332938297147,4.2745,0.601,0.399,34,6318.90966796875
2021-12-07,6318.90966796875,6426.374118104272,6318.90966796875,6404.881228077168,51258200,6340.40234375,6395.144555664063,0.0,39.53492057526002,7.7113,0.6894,0.3106,18,6383.38818359375
2021-12-08,6383.38818359375,6426.3739626078495,6361.895294086701,6404.8810731008,74775000,6361.8953125,6386.572583007813,0.010204057189145965,51.28206620987254,5.3743,0.6629,0.3371,22,6318.90966796875
2021-12-09,6318.90966796875,6404.881228077168,6318.90966796875,6361.89544802296,54886400,6336.10380859375,6373.70556640625,-0.010100986148816604,46.34147421905329,5.6828,0.6856,0.3144,24,6340.40185546875
2021-12-10,6340.40185546875,6340.40185546875,6254.430304886123,6297.416080177437,91092400,6336.10380859375,6368.339526367187,0.0034012493656849774,44.99996307547387,3.7611,0.6359,0.3641,29,6275.92333984375
2021-12-13,6275.92333984375,6361.894892444349,6275.92333984375,6340.402004294199,59977100,6327.50654296875,6360.820556640625,-0.010169468291569839,41.86043685031548,4.0793,0.6469,0.3531,38,6275.92333984375
2021-12-14,6275.92333984375,6340.402004294199,6254.4304516936,6275.92333984375,49763600,6318.90927734375,6354.37265625,0.0,41.86043685031548,2.6878,0.6012,0.3988,18,6275.92333984375
2021-12-15,6275.92333984375,6340.402004294199,6254.4304516936,6275.92333984375,52477600,6297.41630859375,6342.5515625,0.0,43.90241333940575,5.1171,0.6816,0.3184,21,6254.4306640625
2021-12-16,6254.4306640625,6361.8951084622,6254.4306640625,6340.402219582259,95171400,6284.5205078125,6337.1783447265625,-0.00342462369557639,49.99999999095307,6.7202,0.7103,0.2897,23,6447.8671875
2021-12-17,6447.8671875,6447.8671875,6275.9240625,6297.416953125,107096800,6306.01357421875,6340.402294921875,0.03092791875509504,55.00003690824167,5.5183,0.6766,0.3234,42,6340.40185546875
2021-12-20,6340.40185546875,6361.894743114407,6297.416080177437,6318.908967823093,74753000,6318.90927734375,6336.103686523437,-0.016666802976274875,54.99997443301235,5.9461,0.7027,0.2973,59,6340.40185546875
2021-12-21,6340.40185546875,6361.894743114407,6297.416080177437,6297.416080177437,52386100,6331.80498046875,6331.805078125,0.0,53.84614039441273,3.0617,0.5619,0.4381,19,6297.4169921875
2021-12-22,6297.4169921875,6383.388555220777,6297.4169921875,6383.388555220777,33232000,6336.1037109375,6325.3572265625,-0.006779517175898642,39.39393104152007,4.6459,0.6309,0.3691,20,6275.92333984375
2021-12-23,6275.92333984375,6318.909116144049,6275.92333984375,6297.416227993899,37136400,6340.40224609375,6319.983984375,-0.0034130902194368096,44.8275915995148,6.0364,0.6791,0.3209,33,6275.92333984375
2021-12-24,6275.92333984375,6318.909116144049,6275.92333984375,6275.92333984375,30802100,6306.0134765625,6321.058618164063,0.0,46.428525053946174,7.1834,0.7146,0.2854,28,6318.90966796875
2021-12-27,6318.90966796875,6318.90966796875,6275.9238879145405,6275.9238879145405,20722100,6301.7150390625,6318.909350585937,0.006849402995746212,49.9999999891437,9.0902,0.7611,0.2389,26,6318.90966796875
2021-12-28,6318.90966796875,6361.89544802296,6297.416777941646,6340.402557995854,39343800,6297.4166015625,6322.13330078125,0.0,44.44446313186755,7.4296,0.7472,0.2528,15,6275.92333984375
2021-12-29,6275.92333984375,6340.402004294199,6275.92333984375,6318.909116144049,42079500,6293.11787109375,6322.13330078125,-0.006802807823460766,46.15380581408703,4.937,0.6236,0.3764,18,6275.92333984375
2021-12-30,6275.92333984375,6318.909116144049,6275.92333984375,6318.909116144049,49954700,6293.11787109375,6313.536108398437,0.0,44.0000363376325,1.4951,0.581,0.419,13,6297.4169921875
2022-01-03,6297.4169921875,6361.895664462458,6275.924101429181,6297.4169921875,54287400,6297.4166015625,6311.386865234375,0.0034247793001698223,52.17397744685751,5.8801,0.7411,0.2589,23,6361.89501953125
2022-01-04,6361.89501953125,6404.880796690245,6297.416353792757,6297.416353792757,70624000,6306.013671875,6313.5361328125,0.010238805437807308,57.692287513791214,7.4289,0.7744,0.2256,26,6404.88134765625
2022-01-05,6404.88134765625,6469.36001894138,6340.40267637112,6404.88134765625,76164900,6323.2080078125,6317.834716796875,0.00675684336082738,60.71429149561133,4.6736,0.6928,0.3072,36,6426.3740234375
2022-01-06,6426.3740234375,6469.359802858487,6383.388244016513,6447.866913147993,63657100,6353.29814453125,6319.9840087890625,0.0033556711849338505,64.28566790716062,5.3217,0.6612,0.3388,27,6576.82373046875
2022-01-07,6576.82373046875,6619.809506484885,6447.866402420343,6490.852178436478,143433300,6413.47822265625,6332.879711914063,0.02341129017429555,61.53835398128171,5.8604,0.7106,0.2894,50,6533.83837890625
2022-01-10,6533.83837890625,6576.824157714844,6490.852600097656,6512.345489501953,45351900,6460.7625,6342.551538085938,-0.006535883174633383,69.56525172812208,5.6939,0.6744,0.3256,47,6619.8095703125
2022-01-11,6619.8095703125,6619.8095703125,6555.330905666599,6576.823793881899,110334600,6512.34541015625,6359.745849609375,0.013157838688480306,74.07408340528417,3.8197,0.6206,0.3794,30,6619.8095703125
2022-01-12,6619.8095703125,6619.8095703125,6576.823793881899,6619.8095703125,62606000,6555.3310546875,6376.940161132812,0.0,79.99987275708621,4.9738,0.7009,0.2991,32,6619.8095703125
2022-01-13,6619.8095703125,6662.795346743101,6576.823793881899,6619.8095703125,50025200,6594.0181640625,6394.13447265625,0.0,83.3333175341476,3.5185,0.6467,0.3533,27,6748.76708984375
2022-01-14,6748.76708984375,6748.76708984375,6576.823979274483,6619.809756916799,65898700,6628.4068359375,6418.851293945312,0.019480548218422822,86.6666565508472,4.1282,0.6907,0.3093,49,6662.7958984375
2022-01-17,6662.7958984375,6791.753238407258,6619.810118447581,6791.753238407258,63902600,6654.19833984375,6429.597729492188,-0.012738799585427785,75.00001773339382,5.4804,0.6995,0.3005,48,6598.3173828125
2022-01-18,6598.3173828125,6684.288944803542,6490.852930323697,6684.288944803542,71476300,6649.89990234375,6442.493505859375,-0.009677396187405485,68.57145452242534,3.0086,0.6335,0.3665,37,6598.3173828125
2022-01-19,6598.3173828125,6641.303163808021,6512.345820821458,6576.82449231474,60389700,6645.60146484375,6455.3892822265625,0.0,72.72736033173383,2.3663,0.5776,0.4224,23,6684.28857421875
2022-01-20,6684.28857421875,6684.28857421875,6555.331238381732,6641.302795606411,59925500,6658.497265625,6474.732861328125,0.013029259797382675,75.67574702009541,6.1561,0.7243,0.2757,31,6834.7392578125
2022-01-21,6834.7392578125,6834.7392578125,6619.81035033412,6684.289022577634,63370500,6675.69169921875,6502.673657226563,0.022508107171500313,79.06982763526068,6.1903,0.7193,0.2807,49,6705.78125
2022-01-24,6705.78125,6748.76702724359,6684.288361378205,6727.274138621795,40278300,6684.28876953125,6524.166552734375,-0.018868021580354166,67.39131400106854,5.5316,0.6495,0.3505,69,6684.28857421875
2022-01-25,6684.28857421875,6684.28857421875,6555.331238381732,6598.317016994071,106796900,6701.4830078125,6542.435498046875,-0.0032050964652701186,64.44444667889877,2.7805,0.5591,0.4409,32,6619.8095703125
2022-01-26,6619.8095703125,6662.795346743101,6576.823793881899,6619.8095703125,53350200,6705.7814453125,6557.480493164063,-0.009646352516099466,59.57445265021805,1.498,0.5117,0.4883,28,6705.78125
2022-01-27,6705.78125,6705.78125,6555.3310296474365,6555.3310296474365,71945100,6710.07998046875,6578.973388671875,0.012987032145615363,56.818192370950705,3.1347,0.598,0.402,38,6684.28857421875
2022-01-28,6684.28857421875,6727.274352831088,6619.809906300241,6705.78146352492,70595000,6679.98984375,6599.391650390625,-0.0032050964652701186,58.13953241755659,4.4636,0.649,0.351,40,6555.3310546875
2022-01-31,6555.3310546875,6684.288386910861,6555.3310546875,6684.288386910861,68122000,6649.8998046875,6612.287353515625,-0.01929263198310116,46.66667675691354,5.3778,0.7091,0.2909,39,6705.78125
2022-02-02,6705.78125,6705.78125,6598.316806891026,6684.288361378205,65308100,6654.19833984375,6629.481665039062,0.02295081576466207,53.84615720009771,5.4921,0.6615,0.3385,29,6641.302734375
2022-02-03,6641.302734375,6727.274290807039,6619.80984526699,6705.781401699029,35100600,6658.49697265625,6641.302734375,-0.009615362210778966,50.90910216831478,5.3524,0.6907,0.3093,25,6641.302734375
2022-02-04,6641.302734375,6705.781401699029,6619.80984526699,6662.79562348301,39324700,6645.60126953125,6652.049169921875,0.0,44.89796485490534,6.7027,0.7802,0.2198,23,6705.78125
2022-02-07,6705.78125,6705.78125,6619.809695512821,6684.288361378205,56813200,6649.8998046875,6658.497045898437,0.009708715022319847,52.08331163348382,10.8015,0.8243,0.1757,38,6641.302734375
2022-02-08,6641.302734375,6748.7671799150485,6641.302734375,6662.79562348301,61883100,6667.094140625,6663.870263671875,-0.009615362210778966,52.08331163348382,8.0298,0.7915,0.2085,29,6834.7392578125
2022-02-09,6834.7392578125,6834.7392578125,6705.781913325472,6748.767694821147,108922200,6692.8857421875,6674.616748046875,0.029126292110775776,59.64911860477156,8.5154,0.792,0.208,53,6662.7958984375
2022-02-10,6662.7958984375,6834.7390183971775,6662.7958984375,6834.7390183971775,93277000,6697.184375,6676.766064453125,-0.02515726685234687,49.180337021720135,8.1055,0.7564,0.2436,43,6727.2744140625
2022-02-11,6727.2744140625,6727.2744140625,6576.82418754992,6598.317077051717,71968800,6714.3787109375,6682.139306640625,0.009677396187405485,45.614022496218226,6.0185,0.6731,0.3269,39,6619.8095703125
2022-02-14,6619.8095703125,6684.288234958401,6619.8095703125,6662.795346743101,57710700,6697.184375,6675.691430664063,-0.015974499795245234,46.42856852543431,6.8458,0.7143,0.2857,45,6770.259765625
2022-02-15,6770.259765625,6770.259765625,6641.302436755953,6662.795324900794,55617000,6722.97578125,6681.064624023437,0.0227272693745173,53.22579048887084,6.7061,0.7372,0.2628,25,6856.23046875
2022-02-16,6856.23046875,6856.23046875,6727.273155858151,6748.766041340125,77055100,6727.2740234375,6693.960278320313,0.012698287229908622,58.73012781487019,9.1008,0.8221,0.1779,43,6791.7529296875
2022-02-17,6791.7529296875,6813.245818705498,6705.781373615507,6748.767151651503,48704600,6753.0654296875,6703.632055664062,-0.009404225741299399,53.22581472011393,7.6312,0.7444,0.2556,33,6813.24560546875
2022-02-18,6813.24560546875,6834.738493814078,6748.766940432768,6834.738493814078,56813400,6770.25966796875,6710.079907226563,0.0031645255656023163,54.83870376159151,6.114,0.7122,0.2878,25,6834.7392578125
2022-02-21,6834.7392578125,6856.232148560338,6791.753476316824,6813.246367064662,43821700,6813.24560546875,6710.079907226563,0.0031546862667768405,61.403543726880905,22.146,0.7377,0.2623,38,6791.7529296875
2022-02-22,6791.7529296875,6834.738707723497,6748.767151651503,6791.7529296875,80095500,6817.54423828125,6714.378491210938,-0.006289388154180786,53.846160560792455,13.4362,0.6488,0.3512,25,6920.71044921875
2022-02-23,6920.71044921875,6963.696228406445,6770.260222061821,6791.753111655668,99240300,6830.440234375,6726.1995849609375,0.01898736907338927,61.818188570015224,12.2581,0.702,0.298,49,6877.724609375
2022-02-24,6877.724609375,7006.681945800781,6813.245941162109,6985.189056396484,124947700,6847.6345703125,6739.0953369140625,-0.006211188888649799,59.649126296395046,6.3986,0.6322,0.3678,48,6920.71044921875
2022-02-25,6920.71044921875,7028.174897187985,6813.246001249515,6834.738890843362,135899900,6869.1275390625,6749.841796875,0.006250008874324031,58.92858228823392,6.7475,0.7404,0.2596,33,6920.71044921875
2022-03-01,6920.71044921875,7028.174897187985,6877.724670031056,6877.724670031056,136616800,6886.32177734375,6761.662890625,0.0,62.26415336204448,6.634,0.7275,0.2725,11,6856.23046875
2022-03-02,6856.23046875,7071.159323569749,6856.23046875,7071.159323569749,100301000,6899.21728515625,6776.707861328125,-0.00931695971705171,51.06374544806609,7.1392,0.6971,0.3029,15,6791.7529296875
2022-03-04,6791.7529296875,6899.217374777492,6791.7529296875,6856.231596741495,132983400,6873.42578125,6781.0064453125,-0.009404225741299399,57.142841679386734,4.3939,0.7066,0.2934,17,6619.8095703125
2022-03-07,6619.8095703125,6748.766899604301,6619.8095703125,6705.781123173701,130990900,6821.8427734375,6779.931787109375,-0.025316492097852472,44.68083254569711,3.0131,0.6033,0.3967,34,6576.82373046875
2022-03-08,6576.82373046875,6748.766834533292,6576.82373046875,6619.809506484885,119256500,6753.0654296875,6776.707836914063,-0.006493516072807681,47.727269199813726,2.2935,0.5709,0.4291,26,6748.76708984375
2022-03-09,6748.76708984375,6834.738645128384,6576.823979274483,6619.809756916799,132814500,6718.6767578125,6778.85712890625,0.026143829669393437,48.888900100708845,3.8252,0.6454,0.3546,25,6813.24560546875
2022-03-10,6813.24560546875,6856.231382159405,6705.781163742114,6813.24560546875,86484000,6710.07978515625,6787.454272460937,0.009554117776865434,47.72732317912751,3.0226,0.6227,0.3773,20,6834.7392578125
2022-03-11,6834.7392578125,6834.7392578125,6641.303241081958,6641.303241081958,61053900,6718.67705078125,6787.454272460937,0.0031546862667768405,52.38097555466558,5.4663,0.6614,0.3386,20,6942.20361328125
2022-03-14,6942.20361328125,6963.696503724845,6834.739161063274,6920.710722837654,78432100,6783.155859375,6801.424658203125,0.015723256062169844,56.52175415337853,5.6796,0.6927,0.3073,58,7006.68115234375
2022-03-15,7006.68115234375,7049.666926284509,6942.202491432611,7006.68115234375,111214500,6869.12734375,6815.394995117187,0.009287762597332438,58.33326627503312,4.9278,0.7064,0.2936,25,7049.66796875
2022-03-16,7049.66796875,7114.146639195885,6942.20351800686,7114.146639195885,149761300,6929.30751953125,6836.887915039062,0.006135118106790127,62.49999999151853,8.2506,0.7032,0.2968,30,6877.724609375
2022-03-17,6877.724609375,7135.6392822265625,6877.724609375,7135.6392822265625,132439400,6942.2033203125,6842.261157226562,-0.02439027768927504,47.99999999374678,9.6233,0.7667,0.2333,53,6791.7529296875
2022-03-18,6791.7529296875,6963.696041831488,6791.7529296875,6877.724485759493,143981700,6933.6060546875,6839.037280273437,-0.012500017748647951,46.153846148064694,7.7776,0.75,0.25,45,6791.7529296875
2022-03-21,6791.7529296875,6834.738707723497,6705.781373615507,6705.781373615507,85485500,6903.51591796875,6839.037280273437,0.0,43.999999994267874,7.0235,0.7179,0.2821,35,6813.24560546875
2022-03-22,6813.24560546875,6834.738493814078,6770.259828778096,6791.752717123423,60010900,6864.82880859375,6839.037280273437,0.0031645255656023163,45.09802698172985,4.2852,0.6402,0.3598,16,6791.7529296875
2022-03-23,6791.7529296875,6834.738707723497,6727.274262633505,6813.245818705498,82208000,6813.24580078125,6836.887963867188,-0.003154542933840321,46.93882849119212,6.0927,0.6994,0.3006,29,6813.24560546875
2022-03-24,6813.24560546875,6834.738493814078,6705.781163742114,6748.766940432768,95245100,6800.35,6837.96259765625,0.0031645255656023163,51.06381846731012,5.9819,0.705,0.295,38,6834.7392578125
2022-03-25,6834.7392578125,6834.7392578125,6791.753476316824,6791.753476316824,85101200,6808.947265625,6833.664038085937,0.0031546862667768405,62.500028387618556,5.2132,0.6858,0.3142,27,6895.8408203125
2022-03-28,6895.8408203125,6895.8408203125,6808.551696004747,6830.373977081685,83911500,6829.76484375,6834.569848632813,0.008939852742759324,68.1707263375947,6.7775,0.6793,0.3207,55,6852.1962890625
2022-03-29,6852.1962890625,6895.840851413216,6830.3740078871415,6874.0185702378585,62180600,6837.55498046875,6831.144140625,-0.006329109442526515,56.89956970882662,7.6856,0.7146,0.2854,24,6874.0185546875
2022-03-30,6874.0185546875,6895.840835813492,6830.373992435516,6895.840835813492,71430600,6854.00810546875,6828.809545898437,0.003184711106398508,54.29869065745068,9.6988,0.7573,0.2427,25,6961.3076171875
2022-03-31,6961.3076171875,6983.129898119122,6874.018493461011,6917.663055324256,112691900,6883.6205078125,6834.063403320312,0.012698403678365944,58.19029418182097,8.1941,0.744,0.256,26,6917.6630859375
2022-04-01,6917.6630859375,7048.5967721066645,6852.196242852919,7048.5967721066645,105575400,6900.2052734375,6840.358911132813,-0.006269588078860577,48.268997483804036,4.9681,0.6514,0.3486,34,6895.8408203125
2022-04-04,6895.8408203125,6917.663101389438,6830.373977081685,6917.663101389438,57321200,6900.2052734375,6854.160473632813,-0.003154571905845116,41.68112384813331,8.2089,0.7103,0.2897,26,6895.8408203125
2022-04-05,6895.8408203125,6895.8408203125,6852.196258158623,6895.8408203125,48528300,6908.9341796875,6870.111328125,0.0,37.65850057445888,11.4131,0.7996,0.2004,18,6764.908203125
2022-04-06,6764.908203125,6852.197341229839,6764.908203125,6830.3750567036295,119263000,6887.112109375,6870.918383789062,-0.0189871867114193,40.311201604603006,9.0528,0.8209,0.1791,19,6764.908203125
2022-04-07,6764.908203125,6830.3750567036295,6721.263634072581,6743.085918598791,68619400,6847.8322265625,6868.501513671875,0.0,47.29512453943569,7.744,0.8271,0.1729,18,6852.1962890625
2022-04-08,6852.1962890625,6874.0185702378585,6786.729445536425,6808.551726711783,69791600,6834.7388671875,6869.374365234375,0.012903070273322825,55.1792321811108,4.8644,0.7396,0.2604,23,6743.0849609375
2022-04-11,6743.0849609375,6874.018649499393,6743.0849609375,6830.374086645429,62776200,6804.1876953125,6859.418432617187,-0.01592355553199254,44.77298769150823,6.8109,0.7544,0.2456,39,6808.55224609375
2022-04-12,6808.55224609375,6808.55224609375,6721.263114733574,6743.085397573618,73471300,6786.72998046875,6849.511987304688,0.00970880324591783,51.17459687843475,8.6721,0.7772,0.2228,30,6808.55224609375
2022-04-13,6808.55224609375,6852.196811773839,6764.907680413662,6808.55224609375,57622100,6795.4587890625,6837.456201171875,0.0,49.66167508543373,10.4156,0.8004,0.1996,17,6721.2626953125
2022-04-14,6721.2626953125,6808.551821225649,6721.2626953125,6808.551821225649,93342900,6786.7296875,6829.63310546875,-0.012820574422606534,42.528666892868145,6.5658,0.678,0.322,27,6721.2626953125
2022-04-18,6721.2626953125,6743.084976790787,6655.795850877637,6721.2626953125,68464700,6760.54296875,6826.10859375,0.0,37.49998251170024,5.6522,0.6678,0.3322,37,6655.7958984375
2022-04-19,6655.7958984375,6721.262743340164,6655.7958984375,6721.262743340164,98632000,6743.08515625,6819.3107421875,-0.009740252664228954,36.36361786450125,5.0248,0.6754,0.3246,41,6677.6181640625
2022-04-20,6677.6181640625,6743.085008808211,6655.795882480596,6743.085008808211,124388800,6716.89833984375,6812.529370117188,0.003278686119284835,36.36361786450125,2.9849,0.6377,0.3623,40,6917.6630859375
2022-04-21,6917.6630859375,6917.6630859375,6764.907118740142,6808.5516807965305,129323400,6738.7205078125,6818.824877929687,0.03594768613258981,47.49999719545735,7.3923,0.7372,0.2628,49,6874.0185546875
2022-04-22,6874.0185546875,6917.663116939484,6808.551711309524,6852.196273561508,85956100,6769.2716796875,6821.863525390625,-0.006309143811690121,47.49999719545735,8.6761,0.7335,0.2665,37,6983.13037109375
2022-04-25,6983.13037109375,6983.13037109375,6830.3743942260735,6874.01895904541,91279600,6821.64521484375,6829.2830810546875,0.015873075630825184,54.54548227557657,12.3921,0.7538,0.2462,62,7092.24169921875
2022-04-26,7092.24169921875,7092.24169921875,6917.663442007211,6917.663442007211,128360900,6908.934375,6839.103125,0.015624987981988747,59.183700487295056,7.4885,0.6672,0.3328,31,7157.708984375
2022-04-27,7157.708984375,7157.708984375,7048.59756693026,7048.59756693026,89463100,7004.9525390625,6854.378759765625,0.009230831087364333,69.56519834775291,5.8751,0.6518,0.3482,33,7092.24169921875
2022-04-28,7092.24169921875,7201.353109975961,7048.597134915865,7201.353109975961,133730600,7039.86826171875,6865.2899169921875,-0.009146402193657588,65.30607864030796,9.9109,0.7259,0.2741,30,6633.97412109375
2022-05-09,6633.97412109375,6895.841520610608,6633.97412109375,6874.019237317537,456796600,6991.859375,6848.9232421875,-0.0646153356808864,42.42427221280029,9.5081,0.5802,0.4198,97,6568.5068359375
2022-05-10,6568.5068359375,6633.9736814784055,6328.461735620847,6328.461735620847,268445700,6908.93466796875,6831.4654296875,-0.009868486665946863,43.750013106154825,5.3835,0.575,0.425,86,6677.6181640625
2022-05-11,6677.6181640625,6721.262727226307,6503.039911407271,6568.506756152981,156535200,6826.0099609375,6820.554296875,0.016611283332770954,45.45453620412244,3.3981,0.6033,0.3967,38,6350.2841796875
2022-05-12,6350.2841796875,6590.329286136168,6350.2841796875,6568.507003731744,240529600,6664.525,6793.27646484375,-0.04901957199898621,37.03704112652943,1.8702,0.535,0.465,75,6393.9287109375
2022-05-13,6393.9287109375,6524.862404676835,6328.461864067833,6328.461864067833,212968600,6524.86240234375,6774.727490234375,0.006872846949055322,40.50633986628779,2.2726,0.5882,0.4118,53,6459.3955078125
2022-05-17,6459.3955078125,6524.862354175465,6350.284097207559,6350.284097207559,159657600,6489.9466796875,6759.45185546875,0.010238900030745013,42.68293481236962,6.6695,0.7365,0.2635,22,6612.15185546875
2022-05-18,6612.15185546875,6612.15185546875,6437.573588657694,6546.685005414604,153514300,6498.67568359375,6747.449633789062,0.02364870636447236,48.837223820266026,3.8889,0.6102,0.3898,31,6503.03955078125
2022-05-19,6503.03955078125,6524.861831152999,6437.572709666003,6459.394990037752,140908900,6463.7599609375,6735.44736328125,-0.016501784452705226,45.55555085625126,4.0488,0.61,0.39,41,6459.3955078125
2022-05-20,6459.3955078125,6524.862354175465,6459.3955078125,6481.217789933488,86520200,6485.5822265625,6717.989526367188,-0.006711329775551889,37.03705851933332,6.2208,0.6621,0.3379,28,6437.57275390625
2022-05-23,6437.57275390625,6524.861875993114,6415.7504733845335,6503.039595471398,71603500,6494.31103515625,6699.4405517578125,-0.003378451416987227,37.500010485426536,10.6437,0.6195,0.3805,26,6415.75146484375
2022-05-24,6415.75146484375,6524.862884313882,6393.9291809497245,6393.9291809497245,108710800,6485.5822265625,6684.164990234375,-0.003389676497133065,32.8947569833352,7.2912,0.5955,0.4045,28,6437.57275390625
2022-05-25,6437.57275390625,6503.039595471398,6415.7504733845335,6459.395034427966,76747400,6450.66640625,6669.980493164063,0.003401205483422043,29.166648535886438,6.1577,0.6213,0.3787,17,6612.15185546875
2022-05-27,6612.15185546875,6612.15185546875,6524.862722063222,6568.507288765986,84336900,6472.4888671875,6667.798291015625,0.027118777252896686,33.766233386032184,8.0286,0.6931,0.3069,17,6612.15185546875
2022-05-30,6612.15185546875,6633.974138820132,6524.862722063222,6612.15185546875,105411400,6503.04013671875,6664.524975585938,0.0,35.135144121457685,8.1909,0.6966,0.3034,30,6764.908203125
2022-05-31,6764.908203125,6764.908203125,6568.507642389113,6633.974495967743,286292700,6568.5072265625,6656.887231445313,0.023102365310909923,55.000013046403254,6.0076,0.7178,0.2822,23,6612.15185546875
2022-06-02,6612.15185546875,6699.440988874278,6568.507288765986,6655.796422171514,149226300,6607.7873046875,6643.793896484375,-0.022580697781779957,51.562515836750876,4.7554,0.7211,0.2789,24,6633.97412109375
2022-06-03,6633.97412109375,6699.440970972964,6612.151837800679,6633.97412109375,80563100,6647.067578125,6626.336083984375,0.003300327352123933,48.333353838897466,4.3036,0.6939,0.3061,9,6503.03955078125
2022-06-06,6503.03955078125,6612.150952639996,6481.217270409501,6590.328672268247,81140300,6625.2451171875,6596.8759765625,-0.019736973331893615,56.86270809977652,8.4283,0.7435,0.2565,29,6437.57275390625
2022-06-07,6437.57275390625,6524.861875993114,6372.105912341101,6372.105912341101,129242500,6590.329296875,6560.869165039063,-0.010067107290949062,51.92305126449076,3.7681,0.556,0.444,19,6633.97412109375
2022-06-08,6633.97412109375,6633.97412109375,6481.218138042249,6546.684987921463,108910500,6564.14248046875,6537.955786132812,0.03050860544734446,56.89655238298452,3.4396,0.6113,0.3887,21,6546.68505859375
2022-06-09,6546.68505859375,6612.151909179687,6546.68505859375,6546.68505859375,107828300,6551.04912109375,6533.591333007813,-0.013157884083757732,47.272733924331554,7.2531,0.753,0.247,19,6415.75146484375
2022-06-10,6415.75146484375,6503.040600419856,6415.75146484375,6459.396032631803,111768600,6507.40458984375,6525.953564453125,-0.01999998359140942,46.42861708719827,6.8609,0.7515,0.2485,24,6415.75146484375
2022-06-13,6415.75146484375,6459.396032631803,6350.284613161672,6372.106897055698,85539500,6489.94697265625,6512.8602294921875,0.0,48.148172696966014,4.5773,0.6668,0.3332,67,6459.3955078125
2022-06-14,6459.3955078125,6459.3955078125,6328.461815086571,6372.106379328548,80865100,6494.3115234375,6518.3157958984375,0.006802639286746848,50.909110134851446,4.7365,0.6459,0.3541,24,6393.9287109375
2022-06-15,6393.9287109375,6437.573275517278,6372.10642864761,6372.10642864761,130367100,6446.30244140625,6518.3157958984375,-0.010135127473742567,49.122789106245314,3.0468,0.573,0.427,14,6612.15185546875
2022-06-16,6612.15185546875,6633.974138820132,6437.573588657694,6459.395872009076,132666300,6459.39580078125,6525.95361328125,0.03412974313553985,56.060623519814456,3.6203,0.6394,0.3606,17,6546.68505859375
2022-06-17,6546.68505859375,6590.329625651042,6481.218208007813,6481.218208007813,117839400,6485.58251953125,6522.6802734375,-0.009900982056371577,47.54098901348647,2.7569,0.6274,0.3726,26,6655.7958984375
2022-06-20,6655.7958984375,6677.618180071721,6546.684490266393,6633.973616803279,88138700,6533.59140625,6530.318090820312,0.016666578408338406,51.51513199080089,8.6363,0.7211,0.2789,27,6677.6181640625
2022-06-21,6677.6181640625,6677.6181640625,6590.329037734885,6633.973600898693,44295700,6577.2359375,6541.229223632812,0.003278686119284835,46.66663434174736,10.2314,0.7696,0.2304,11,6546.68505859375
2022-06-22,6546.68505859375,6677.618759765625,6546.68505859375,6655.796476236979,53041800,6607.78720703125,6546.684838867188,-0.019607755677526373,47.45762904183923,7.5897,0.7084,0.2916,17,6568.5068359375
2022-06-23,6568.5068359375,6612.151399631437,6503.0399903965945,6503.0399903965945,60443000,6599.058203125,6554.322607421875,0.003333256014065533,47.457609115491735,5.1054,0.6979,0.3021,16,6524.8623046875
2022-06-24,6524.8623046875,6633.9737144648825,6524.8623046875,6633.9737144648825,57956600,6594.69365234375,6558.687084960938,-0.006644513333108337,50.909111614246584,6.6777,0.724,0.276,12,6415.75146484375
2022-06-27,6415.75146484375,6546.685168207909,6415.75146484375,6524.862884313882,76354100,6546.684765625,6548.8670654296875,-0.016722320678761893,49.12284557839413,4.0802,0.6536,0.3464,24,6372.10595703125
2022-06-28,6372.10595703125,6459.395079730308,6372.10595703125,6372.10595703125,146078100,6485.58232421875,6536.864770507813,-0.00680286760664961,37.99994450415898,6.4687,0.7554,0.2446,21,6350.2841796875
2022-06-29,6350.2841796875,6459.395591709622,6350.2841796875,6393.928744496348,98517800,6446.3021484375,6516.133569335938,-0.0034245785445031762,40.42549443133833,4.9661,0.6902,0.3098,24,6328.4619140625
2022-06-30,6328.4619140625,6459.395608836207,6328.4619140625,6372.10647898707,101343900,6398.2931640625,6501.949072265625,-0.003436423474527661,45.23806098311634,4.7256,0.6451,0.3549,40,6328.4619140625
2022-07-01,6328.4619140625,6393.928761449354,6328.4619140625,6372.10647898707,68738800,6359.0130859375,6486.6734619140625,0.0,45.23806098311634,5.5596,0.6825,0.3175,25,6153.8828125
2022-07-04,6153.8828125,6350.283327792553,6110.238253546099,6328.461048315603,102238600,6306.63935546875,6469.215625,-0.027586339924803416,35.41662004658055,3.9004,0.6575,0.3425,68,6328.4619140625
2022-07-05,6328.4619140625,6393.928761449354,6197.5282192887935,6197.5282192887935,69172900,6297.910546875,6463.760083007813,0.028368935009273955,47.169813704722834,3.7342,0.6749,0.3251,26,6372.10595703125
2022-07-06,6372.10595703125,6393.928237706014,6262.994553657427,6372.10595703125,66801100,6302.27490234375,6450.666674804687,0.006896469246621795,37.77772804934931,6.6671,0.7124,0.2876,20,6197.52783203125
2022-07-07,6197.52783203125,6328.46151862346,6197.52783203125,6306.639237524758,86126800,6276.0880859375,6433.208813476563,-0.027397241379416015,33.99995524489911,8.8414,0.825,0.175,16,6241.17236328125
2022-07-08,6241.17236328125,6262.994644271744,6175.705520309768,6219.350082290756,64312400,6258.63017578125,6424.4798583984375,0.007042248527618922,29.787219857635307,9.0125,0.7696,0.2304,21,6219.3505859375
2022-07-11,6219.3505859375,6284.817434210526,6219.3505859375,6284.817434210526,36830800,6271.72373046875,6414.659814453125,-0.0034964227990456065,27.659574464309586,7.1453,0.6925,0.3075,26,6262.9951171875
2022-07-12,6262.9951171875,6328.461965102351,6241.172834549216,6262.9951171875,34269000,6258.63037109375,6404.839794921875,0.0070175383501749344,34.883702773034344,4.3435,0.5963,0.4037,12,6110.23876953125
2022-07-13,6110.23876953125,6219.350176130022,6110.23876953125,6197.527894810268,71988200,6206.25693359375,6390.655297851563,-0.024390302849996104,28.57143509111009,2.2479,0.5876,0.4124,19,6132.0615234375
2022-07-14,6132.0615234375,6197.528372442171,6110.239240435943,6132.0615234375,83316300,6193.163671875,6366.65078125,0.003571505914804707,31.250034957272447,3.4677,0.5438,0.4562,24,6110.23876953125
2022-07-15,6110.23876953125,6197.527894810268,6110.23876953125,6197.527894810268,57419900,6166.976953125,6344.828466796875,-0.0035587956550729993,34.09090677444043,0.7525,0.4992,0.5008,22,6241.17236328125
2022-07-18,6241.17236328125,6241.17236328125,6132.0609583287805,6132.0609583287805,60077700,6171.34130859375,6324.0972900390625,0.02142855601697624,43.75001164796897,4.8839,0.5889,0.4111,28,6262.9951171875
2022-07-19,6262.9951171875,6262.9951171875,6197.528269272648,6197.528269272648,59641000,6171.34130859375,6303.366137695312,0.003496579270048761,45.83334498101299,6.3297,0.723,0.277,14,6459.3955078125
2022-07-20,6459.3955078125,6459.3955078125,6262.994968723607,6284.817250844595,105792900,6241.17265625,6299.00166015625,0.03135886056912596,55.35713000782656,6.7025,0.71,0.29,33,6459.3955078125
2022-07-21,6459.3955078125,6459.3955078125,6328.461815086571,6459.3955078125,64337100,6306.639453125,6293.54609375,0.0,55.35713000782656,5.8012,0.705,0.295,10,6393.9287109375
2022-07-22,6393.9287109375,6459.395557807167,6372.10642864761,6459.395557807167,38956500,6363.37744140625,6286.9994140625,-0.010135127473742567,60.784338665347505,7.5435,0.7096,0.2904,7,6372.10595703125
2022-07-25,6372.10595703125,6437.572799055543,6372.10595703125,6415.750518380779,31247600,6389.56416015625,6284.817138671875,-0.0034130430433044756,52.27269837133616,17.0321,0.701,0.299,13,6372.10595703125
2022-07-26,6372.10595703125,6437.572799055543,6328.461395681721,6328.461395681721,44379900,6411.386328125,6284.817138671875,0.0,49.999999992362554,11.0875,0.7791,0.2209,7,6393.9287109375
2022-07-27,6393.9287109375,6415.750993227389,6350.2841463577215,6393.9287109375,58465500,6398.29296875,6286.999365234375,0.0034247318003508553,62.857133712846675,13.8771,0.8062,0.1938,24,6415.75146484375
2022-07-28,6415.75146484375,6503.040600419856,6393.9291809497245,6437.573748737776,86909700,6389.56416015625,6291.363842773438,0.0034130430433045866,61.76472522647786,13.4385,0.8031,0.1969,20,6415.75146484375
2022-07-29,6415.75146484375,6524.862884313882,6415.75146484375,6459.396032631803,131553000,6393.9287109375,6295.7283203125,0.0,63.6363328040708,9.8928,0.7652,0.2348,22,6546.68505859375
2022-08-01,6546.68505859375,6546.68505859375,6415.751357421875,6415.751357421875,104841600,6428.84453125,6315.368432617188,0.020408146180143305,67.56752342638447,7.4362,0.6683,0.3317,21,6633.97412109375
2022-08-02,6633.97412109375,6655.796404386821,6546.684987921463,6633.97412109375,106466900,6481.2181640625,6330.64404296875,0.013333322394272873,85.2940440790035,9.4603,0.7717,0.2283,16,6655.7958984375
2022-08-03,6655.7958984375,6655.7958984375,6612.151335169057,6655.7958984375,60170600,6533.5916015625,6344.828540039062,0.0032893974178109797,85.29402472310191,10.3447,0.6775,0.3225,12,6808.55224609375
2022-08-04,6808.55224609375,6808.55224609375,6677.618549053486,6699.44083189353,164221000,6612.1517578125,6375.3797607421875,0.022950876196806247,89.99996642258655,7.4004,0.686,0.314,36,6874.0185546875
2022-08-05,6874.0185546875,6874.0185546875,6743.084867931548,6830.373992435516,118734200,6703.80517578125,6407.0220703125,0.009615305314181866,89.18914831300768,4.5514,0.623,0.377,25,6874.0185546875
2022-08-08,6874.0185546875,6917.663116939484,6764.90714905754,6874.0185546875,84328900,6769.271875,6439.75546875,0.0,88.88884053126132,5.5101,0.6865,0.3135,24,6895.8408203125
2022-08-09,6895.8408203125,6961.307663543314,6874.018539235562,6874.018539235562,92875800,6821.64521484375,6471.39775390625,0.0031746009195914304,85.71422861471436,2.7278,0.629,0.371,21,6895.8408203125
2022-08-10,6895.8408203125,6895.8408203125,6743.084852773932,6808.551696004747,104376300,6869.65419921875,6510.6778564453125,0.0,85.71422861471436,2.9692,0.5645,0.4355,38,6939.48583984375
2022-08-11,6939.48583984375,6939.48583984375,6830.37442726759,6852.196709782823,73204700,6895.84091796875,6551.049072265625,0.006329180250606692,96.29622260983167,2.3603,0.5899,0.4101,13,6917.6630859375
2022-08-12,6917.6630859375,6961.307647993888,6852.196242852919,6917.6630859375,59381200,6904.56982421875,6591.4202880859375,-0.0031447220168607792,96.29622260983167,7.7357,0.6283,0.3717,9,6939.48583984375
2022-08-15,6939.48583984375,6961.308122358983,6895.841274813287,6939.48583984375,81411000,6917.66328125,6626.335961914063,0.003154642490556192,96.42850291066824,8.1637,0.6402,0.3598,23,6961.3076171875
2022-08-16,6961.3076171875,6961.3076171875,6852.1962125293885,6939.485336255878,83556700,6930.756640625,6661.2515869140625,0.003144581291377291,96.42849720256551,6.0523,0.6663,0.3337,13,6983.13037109375
2022-08-18,6983.13037109375,7004.952653503417,6874.01895904541,6895.841241455078,86136900,6948.21455078125,6687.438330078125,0.0031348641816042466,96.42849720256551,4.2376,0.6409,0.3591,13,6895.8408203125
2022-08-19,6895.8408203125,7026.77450677413,6895.8408203125,7026.77450677413,58194900,6939.485546875,6709.260595703125,-0.012500060308565875,84.37489291367113,8.6813,0.6955,0.3045,12,6983.13037109375
2022-08-22,6983.13037109375,6983.13037109375,6830.3743942260735,6852.196676635742,97293300,6952.57900390625,6738.720678710937,0.012658289693133318,83.33323386972404,5.604,0.6408,0.3592,29,6895.8408203125
2022-08-23,6895.8408203125,6983.129944620253,6895.8408203125,6983.129944620253,71671800,6943.85,6764.907421875,-0.012500060308565875,69.99988810860191,3.582,0.6204,0.3796,10,6939.48583984375
2022-08-24,6939.48583984375,7004.952687389447,6895.841274813287,6939.48583984375,108892400,6939.48564453125,6793.276416015625,0.006329180250606692,70.96767207088203,11.3396,0.7269,0.2731,12,7048.59716796875
2022-08-25,7048.59716796875,7070.419450222524,6895.841192192338,6983.130321207431,99503500,6952.57900390625,6826.009838867188,0.015723258270595064,68.96542942781525,6.1264,0.6589,0.3411,22,6983.13037109375
2022-08-26,6983.13037109375,7092.24178314209,6983.13037109375,7004.952653503417,80472400,6970.0369140625,6854.3787841796875,-0.009287918619112379,58.6206816605461,6.6369,0.7104,0.2896,21,7114.06396484375
2022-08-29,7114.06396484375,7114.06396484375,6939.485708037769,6983.130272239264,57762100,6996.2236328125,6889.294409179687,0.018749985578386363,65.7142473446363,8.7436,0.7794,0.2206,33,7135.88623046875
2022-08-30,7135.88623046875,7223.175358670202,7048.5971022672975,7070.419384317661,124467000,7044.23271484375,6918.754467773438,0.003067482346636341,65.7142473446363,5.3299,0.6992,0.3008,21,7157.708984375
2022-08-31,7157.708984375,7179.531267863948,7026.775283441311,7048.59756693026,137659900,7087.87734375,6944.9412109375,0.0030581700998919548,66.66664593695481,4.1591,0.6309,0.3691,16,7114.06396484375
2022-09-01,7114.06396484375,7201.353093246741,7092.2416827430025,7114.06396484375,74960800,7100.970703125,6967.8546142578125,-0.006097624201616081,61.11105585267026,4.0795,0.6488,0.3512,15,7179.53125
2022-09-02,7179.53125,7179.53125,7114.064399696048,7114.064399696048,71430600,7140.25087890625,6986.403564453125,0.009202515675958978,65.78945817776844,11.4148,0.6994,0.3006,4,7223.17578125
2022-09-05,7223.17578125,7244.998064577039,7157.708931268882,7179.5312145959215,62906000,7162.0732421875,7003.86142578125,0.00607902239439384,66.66662840735937,9.778,0.6747,0.3253,40,7223.17578125
2022-09-06,7223.17578125,7288.642631231118,7201.353497922961,7244.998064577039,67079900,7179.53115234375,7021.319287109375,0.0,65.78945817776844,7.0223,0.6707,0.3293,15,7310.46484375
2022-09-07,7310.46484375,7310.46484375,7201.353428171642,7201.353428171642,117931700,7210.08232421875,7042.05048828125,0.012084582342102967,68.29264032190892,4.6424,0.6762,0.3238,22,7288.6416015625
2022-09-08,7288.6416015625,7419.575283027695,7288.6416015625,7332.286162050898,132777400,7244.9978515625,7061.69052734375,-0.0029852058184997032,73.68409894746364,3.2881,0.6667,0.3333,35,7310.46484375
2022-09-09,7310.46484375,7419.576259328358,7223.175711287314,7419.576259328358,91234600,7271.1845703125,7080.239477539062,0.002994143954453854,71.42848008796668,7.7659,0.7807,0.2193,19,7310.46484375
2022-09-12,7310.46484375,7354.109409981344,7266.820277518657,7266.820277518657,52395300,7288.6423828125,7099.879565429687,0.0,80.64505649883608,4.4494,0.7029,0.2971,16,7441.39990234375
2022-09-13,7441.39990234375,7485.044476551045,7310.466179721866,7310.466179721866,124485200,7332.28720703125,7124.975268554687,0.017910633782158403,82.85706064724702,5.4005,0.6993,0.3007,23,7419.57568359375
2022-09-14,7419.57568359375,7550.509372127757,7310.4642764820765,7310.4642764820765,116642400,7354.109375,7147.888671875,-0.0029328109006917513,77.41907775275784,5.3353,0.6925,0.3075,35,7637.7978515625
2022-09-15,7637.7978515625,7746.909249441965,7419.575055803572,7419.575055803572,190404800,7423.940625,7180.622045898437,0.029411677604594733,89.4733525962273,5.3436,0.7384,0.2616,51,7375.931640625
2022-09-16,7375.931640625,7615.976753189719,7375.931640625,7594.1544702292895,363127600,7437.033984375,7204.6265869140625,-0.03428556450782849,63.63631277425778,5.3249,0.6961,0.3039,26,7550.51025390625
2022-09-19,7550.51025390625,7637.7993897895585,7375.931982139631,7397.754266110458,102530600,7485.04306640625,7232.995581054687,0.02366868645036102,68.62739677564869,4.7849,0.6886,0.3114,69,7463.2197265625
2022-09-20,7463.2197265625,7550.508846171419,7463.2197265625,7463.2197265625,89238400,7489.40703125,7261.364526367188,-0.011560877928559865,62.96284632186172,3.1467,0.6487,0.3513,23,7397.75390625
2022-09-21,7397.75390625,7506.86532079646,7354.109340431416,7441.398472068584,90933700,7485.04267578125,7284.2779296875,-0.008771793235498482,61.81814926512517,5.2922,0.7191,0.2809,19,7397.75390625
2022-09-22,7397.75390625,7441.398472068584,7310.464774612831,7310.464774612831,61908500,7437.03388671875,7301.735766601562,0.0,59.61534323363446,7.0544,0.7442,0.2558,13,7310.46484375
2022-09-23,7310.46484375,7397.753976212687,7310.46484375,7310.46484375,60567600,7423.94052734375,7318.102490234375,-0.011799400683801253,53.70368835076896,9.7672,0.7721,0.2279,10,7354.10888671875
2022-09-26,7354.10888671875,7419.575731407641,7157.708352652077,7157.708352652077,106228200,7384.66025390625,7330.104736328125,0.005970077676532792,55.35710360842606,10.3693,0.7289,0.2711,35,7244.9970703125
2022-09-27,7244.9970703125,7375.9307523061,7244.9970703125,7310.4639113093,89567100,7341.01572265625,7335.560278320312,-0.014836850811836944,47.36839212265208,11.8291,0.6978,0.3022,15,7266.81982421875
2022-09-28,7266.81982421875,7354.108951236392,7201.352978955518,7201.352978955518,89153400,7314.82890625,7341.0158203125,0.0030121135584266767,49.12282973853315,6.5931,0.5989,0.4011,14,7310.46484375
2022-09-29,7310.46484375,7375.931693097015,7266.820277518657,7266.820277518657,62643700,7297.37109375,7350.835864257812,0.006006068760063377,49.99999999446945,6.778,0.6328,0.3672,9,7463.2197265625
2022-09-30,7463.2197265625,7485.04200646473,7223.174647637975,7310.463767246893,176524800,7327.9220703125,7365.020288085938,0.020895372056005,55.38456983411284,4.3033,0.6573,0.3427,22,7419.57568359375
2022-10-03,7419.57568359375,7441.397965016084,7375.931120749081,7375.931120749081,115079600,7341.0154296875,7374.840283203125,-0.005847883965336753,49.18025510319404,3.9786,0.6816,0.3184,17,7463.2197265625
2022-10-04,7463.2197265625,7528.686566269189,7441.39744666027,7441.39744666027,80524500,7384.6599609375,7386.84248046875,0.0058822828730296095,51.61288692205227,2.8682,0.6533,0.3467,16,7375.931640625
2022-10-05,7375.931640625,7463.220772466716,7354.109357664571,7441.398489506287,63788000,7406.48232421875,7390.1158203125,-0.011695767930673617,39.2857371132595,3.5608,0.6933,0.3067,15,7354.10888671875
2022-10-06,7354.10888671875,7419.575731407641,7354.10888671875,7397.753449844678,43967400,7415.2111328125,7393.389184570313,-0.002958643730651578,48.88886346790679,7.0767,0.68,0.32,9,7157.708984375
2022-10-07,7157.708984375,7310.464968797637,7157.708984375,7266.820401819741,112043400,7354.108984375,7385.751391601562,-0.026706145553330174,30.43472973251849,5.4199,0.66,0.34,25,7244.9970703125
2022-10-10,7244.9970703125,7310.4639113093,7092.241107986634,7114.0633883189,80238200,7319.19326171875,7382.478002929687,0.01219497553309945,39.1303924795024,4.8783,0.6336,0.3664,28,7201.3525390625
2022-10-11,7201.3525390625,7244.997099905303,7114.063417376894,7157.707978219697,64060000,7266.81982421875,7370.475634765625,-0.006024092325563557,39.99992043719176,3.2517,0.5668,0.4332,20,7266.81982421875
2022-10-12,7266.81982421875,7266.81982421875,7135.886133692286,7157.708415446697,47569700,7244.9974609375,7362.837841796875,0.009090970731002734,43.749962119090384,7.6718,0.6405,0.3595,14,7223.17578125
2022-10-13,7223.17578125,7310.464914558157,7223.17578125,7223.17578125,62282800,7218.81083984375,7342.10673828125,-0.006005934373561006,45.65216121739419,3.7425,0.5536,0.4464,15,7201.3525390625
2022-10-14,7201.3525390625,7288.641660748106,7201.3525390625,7244.997099905303,70642900,7227.53955078125,7333.377783203125,-0.0030212807840215294,42.22218575258376,8.3643,0.7351,0.2649,12,7201.3525390625
2022-10-17,7201.3525390625,7244.997099905303,7135.885697798296,7201.3525390625,56387500,7218.81064453125,7315.919897460937,0.0,47.4999943985268,7.2229,0.6881,0.3119,39,7244.9970703125
2022-10-18,7244.9970703125,7397.753032638366,7201.352509647967,7223.174789980233,85665300,7227.53955078125,7305.008764648437,0.006060601951266564,48.78045718243871,5.1392,0.6496,0.3504,18,7223.17578125
2022-10-19,7223.17578125,7288.642631231118,7179.5312145959215,7201.353497922961,66753500,7218.8107421875,7296.279858398438,-0.0030119113714919266,44.99997761731325,2.5202,0.547,0.453,9,7419.57568359375
2022-10-20,7419.57568359375,7419.57568359375,7201.352869370404,7201.352869370404,91812300,7258.09072265625,7297.370947265625,0.027190242670483977,47.619065370069556,6.7497,0.6485,0.3515,36,7550.51025390625
2022-10-21,7550.51025390625,7615.977105818732,7375.931982139631,7375.931982139631,122777800,7327.922265625,7309.373217773437,0.017647177668397296,56.52180045402343,7.4859,0.7026,0.2974,37,7768.732421875
2022-10-24,7768.732421875,7768.732421875,7615.97644728757,7637.798729371489,89416500,7441.3982421875,7330.10439453125,0.028901645137936693,62.96302587672114,6.9409,0.6358,0.3642,58,7594.154296875
2022-10-25,7594.154296875,7746.910274110992,7594.154296875001,7703.265709186423,84696300,7511.2296875,7347.562255859375,-0.022471893163475087,58.62069630011114,9.0534,0.6883,0.3117,27,7463.2197265625
2022-10-26,7463.2197265625,7550.508846171419,7463.2197265625,7528.686566269189,98962100,7559.2384765625,7357.382250976562,-0.017241494601496266,53.9682376139062,6.9369,0.6702,0.3298,23,7594.154296875
2022-10-27,7594.154296875,7594.154296875001,7463.220602101293,7463.220602101293,77003400,7594.15419921875,7371.566723632813,0.01754397902107696,66.66665422878698,9.7462,0.6684,0.3316,12,7637.7978515625
2022-10-28,7637.7978515625,7637.7978515625,7550.508733258929,7550.508733258929,84980600,7611.61171875,7380.295629882812,0.00574699340852991,65.51722939952074,7.4642,0.7009,0.2991,15,7681.443359375
2022-10-31,7681.443359375,7725.087923916903,7659.621077104048,7725.087923916903,138922800,7594.15390625,7393.389013671875,0.005714409920337449,68.96552654572137,10.2121,0.8004,0.1996,20,7681.443359375
2022-11-01,7681.443359375,7856.021617542613,7615.976512562144,7856.021617542613,118118400,7611.61171875,7404.3001953125,0.0,67.27272652519954,9.7272,0.8065,0.1935,16,7637.7978515625
2022-11-02,7637.7978515625,7703.264690290179,7615.975571986608,7681.442410714286,68323600,7646.52734375,7417.393505859375,-0.005681940980431954,67.27264442074036,7.9253,0.8477,0.1523,9,7681.443359375
2022-11-03,7681.443359375,7703.265641645951,7594.154230291193,7594.154230291193,81856300,7663.98515625,7433.760229492187,0.005714409920337449,69.64284999989292,9.7115,0.8572,0.1428,15,7659.62109375
2022-11-04,7659.62109375,7681.443376068376,7572.331964476496,7659.62109375,84458300,7668.3498046875,7458.8558349609375,-0.002840906923874731,68.42104849177896,7.8858,0.7286,0.2714,10,7725.087890625
2022-11-07,7725.087890625,7725.087890625,7572.331915386652,7615.976479740466,94794000,7677.0787109375,7482.860375976563,0.008547002008809423,68.9655119126291,14.7476,0.7874,0.2126,13,7637.7978515625
2022-11-08,7637.7978515625,7746.909249441965,7615.975571986608,7725.086969866072,42525500,7668.349609375,7504.682641601563,-0.01129955287219886,65.57367667827445,10.349,0.7573,0.2427,11,7746.91015625
2022-11-09,7746.91015625,7746.91015625,7572.331899207747,7572.331899207747,96599500,7690.1720703125,7528.687158203125,0.01428583301208719,63.1578472107248,5.8687,0.6514,0.3486,22,7681.443359375
2022-11-10,7681.443359375,7681.443359375,7615.976512562144,7615.976512562144,89463000,7690.1720703125,7551.600537109375,-0.00845069783366248,55.55550950931085,4.3426,0.5949,0.4051,26,7725.087890625
2022-11-11,7725.087890625,7790.55473715572,7703.265608448093,7768.732454978814,59597900,7703.2654296875,7577.7873046875,0.005681813847749462,47.82609963902286,4.5713,0.6975,0.3025,10,7637.7978515625
2022-11-14,7637.7978515625,7768.731529017858,7637.7978515625,7746.909249441965,49208200,7685.807421875,7599.6095703125,-0.01129955287219886,52.380881340563015,6.6751,0.74,0.26,23,7681.443359375
2022-11-15,7681.443359375,7725.087923916903,7637.798794833096,7659.621077104048,59092900,7694.5365234375,7621.431884765625,0.005714409920337449,63.15784514128244,6.532,0.7867,0.2133,12,7506.865234375
2022-11-16,7506.865234375,7572.3320823492,7463.220669058866,7528.687517033067,143424800,7646.5275390625,7635.616357421875,-0.022727255390997847,45.00003355561113,11.059,0.8308,0.1692,16,7615.97705078125
2022-11-17,7615.97705078125,7703.266186033758,7506.865631715616,7528.687915528743,72679800,7633.43427734375,7645.43642578125,0.014534937420564331,48.83729642397422,10.9732,0.7404,0.2596,20,7703.26513671875
2022-11-18,7703.26513671875,7768.73197924044,7615.976013356499,7615.976013356499,83556900,7629.0697265625,7653.074169921875,0.011461180273454996,51.111080165211575,9.0157,0.7386,0.2614,19,7615.97705078125
2022-11-21,7615.97705078125,7768.733037473138,7615.97705078125,7746.910753660011,35901000,7624.70556640625,7645.4364013671875,-0.011331310085826884,46.938810916825474,13.6602,0.7377,0.2623,38,7768.732421875
2022-11-22,7768.732421875,7812.376986042837,7725.0878577071635,7768.732421875,84684200,7642.16337890625,7654.165307617188,0.02005722576042701,55.5555831727992,9.1709,0.7489,0.2511,25,7746.91015625
2022-11-23,7746.91015625,7834.199284771126,7746.91015625,7768.732438380282,84642100,7690.17236328125,7668.349829101562,-0.002808986645434386,52.83018389349871,14.1122,0.7673,0.2327,28,7856.02197265625
2022-11-24,7856.02197265625,7856.02197265625,7812.377406141493,7834.199689398872,53520800,7738.18134765625,7681.443212890625,0.014084559418598763,57.894740967689806,14.4279,0.7755,0.2245,37,7834.19775390625
2022-11-25,7834.19775390625,7856.020031772285,7768.730920308148,7856.020031772285,75048300,7764.36787109375,7691.263208007813,-0.0027780241483490453,54.54537687280575,10.8598,0.6378,0.3622,24,7877.84375
2022-11-28,7877.84375,7943.310595567867,7834.199186288089,7899.666031855955,96209700,7816.7412109375,7701.083227539062,0.0055712144963391275,60.37735689014441,10.5929,0.7213,0.2787,41,7834.19775390625
2022-11-29,7834.19775390625,7921.486865370387,7790.553198174182,7834.19775390625,91562100,7829.83427734375,7708.720947265625,-0.005540348029084763,53.999913177066226,7.3587,0.6273,0.3727,15,8117.88916015625
2022-11-30,8117.88916015625,8205.178290910619,7725.088071761593,7746.910354450185,644359600,7904.030078125,7732.725512695312,0.0362119281592741,66.66659207539166,7.4805,0.6867,0.3133,63,7856.02197265625
2022-12-01,7856.02197265625,8161.533938259548,7856.02197265625,8096.067088487413,155775400,7904.030078125,7741.454443359375,-0.032258039292440865,54.285709714359065,5.4579,0.6639,0.3361,39,7799.0625
2022-12-02,7799.0625,7864.784936797753,7799.0625,7799.0625,130982100,7897.00302734375,7748.426513671875,-0.007250421759830039,55.385414127248815,5.3906,0.6798,0.3202,23,7689.5244140625
2022-12-05,7689.5244140625,7799.061798878205,7689.5244140625,7711.431891025642,114656300,7859.33916015625,7746.64833984375,-0.014045032455824003,50.258489864882385,3.1239,0.6256,0.3744,28,7601.89453125
2022-12-06,7601.89453125,7667.616962355908,7514.26462310879,7645.709485320605,180553800,7812.878515625,7744.853173828125,-0.011396008139624825,53.21875776813206,3.3848,0.6253,0.3747,48,7404.72802734375
2022-12-07,7404.72802734375,7514.265424197947,7404.72802734375,7448.542986085429,229308700,7670.2462890625,7727.744067382812,-0.02593649557958666,43.24752649171921,3.6851,0.6564,0.3436,64,7448.54248046875
2022-12-08,7448.54248046875,7514.264914119945,7317.097613166361,7339.005091050092,172590100,7588.750390625,7716.0990234375,0.0059170914803627905,41.62515676199824,4.5999,0.6561,0.3439,61,7514.26416015625
2022-12-09,7514.26416015625,7536.171635841837,7404.726781728316,7448.541733099491,90851300,7531.79072265625,7705.557836914062,0.008823428188780902,46.607748297958416,3.7959,0.668,0.332,25,7623.8017578125
2022-12-12,7623.8017578125,7623.8017578125,7426.634470972522,7470.449423603628,102851800,7518.64619140625,7704.8580322265625,0.014577288650173381,45.02290531587578,7.8481,0.7551,0.2449,38,7623.8017578125
2022-12-13,7623.8017578125,7623.8017578125,7492.356899919181,7558.079328865841,104580200,7523.02763671875,7701.9759521484375,0.0,45.70797930063265,11.2647,0.8018,0.1982,33,7558.080078125
2022-12-14,7558.080078125,7623.802513586957,7470.450164175724,7536.172599637681,118164300,7553.698046875,7704.536694335938,-0.008620591376231945,39.288554336639486,7.8886,0.7191,0.2809,22,7448.54248046875
2022-12-15,7448.54248046875,7536.172392003677,7448.54248046875,7514.264914119945,113255700,7553.698046875,7696.164965820312,-0.014492780775541059,36.957689131161075,7.1209,0.7004,0.2996,22,7536.1728515625
2022-12-16,7536.1728515625,7579.987810001817,7360.913017805232,7382.820497024891,181516700,7558.07978515625,7687.8103515625,0.011764767580171531,38.77900013819147,11.2975,0.7326,0.2674,17,7579.98779296875
2022-12-19,7579.98779296875,7623.80275130961,7536.172834627891,7579.98779296875,67482900,7549.3169921875,7686.010888671875,0.005813951228197389,41.65227870271613,12.2314,0.7754,0.2246,22,7514.26416015625
2022-12-20,7514.26416015625,7579.98658721301,7492.356684470664,7492.356684470664,41243700,7527.40947265625,7673.2874755859375,-0.008670677922920311,26.866632980518645,7.6307,0.6877,0.3123,20,7601.89453125
2022-12-21,7601.89453125,7623.802008285303,7514.26462310879,7536.172100144093,33617700,7536.17236328125,7666.036694335938,0.011661869908487166,38.759663130433296,6.5778,0.6688,0.3312,20,7514.26416015625
2022-12-22,7514.26416015625,7601.894062898597,7514.26416015625,7579.98658721301,59591500,7549.31669921875,7648.948803710938,-0.011527438421240599,37.73580937900129,9.0264,0.7594,0.2406,20,7448.54248046875
2022-12-23,7448.54248046875,7514.264914119945,7448.54248046875,7470.449958352482,47393000,7531.790625,7629.666040039063,-0.008746256225058424,39.215694838742074,5.9629,0.6489,0.3511,13,7514.26416015625
2022-12-26,7514.26416015625,7558.079111527424,7448.541733099491,7448.541733099491,20495900,7518.6458984375,7611.487060546875,0.008823428188780902,45.999974139618274,7.379,0.6786,0.3214,24,7536.1728515625
2022-12-27,7536.1728515625,7579.987810001817,7514.265372342841,7536.1728515625,27193800,7523.02763671875,7596.5858154296875,0.0029156136834287416,57.14284955310113,6.1375,0.6793,0.3207,25,7579.98779296875
2022-12-28,7579.98779296875,7579.98779296875,7492.35787628703,7579.98779296875,40420200,7518.6462890625,7569.690747070313,0.005813951228197389,57.14287229627743,6.1845,0.6351,0.3649,22,7514.26416015625
2022-12-29,7514.26416015625,7536.171635841837,7448.541733099491,7470.449208785077,47020900,7518.6462890625,7552.602856445313,-0.008670677922920311,49.999999992392276,9.8129,0.6787,0.3213,18,7492.3564453125
2022-12-30,7492.3564453125,7579.986345257676,7492.3564453125,7514.263920298794,44681400,7527.40908203125,7537.267553710937,-0.0029154837222670205,42.10526623782949,11.9549,0.7511,0.2489,17,7492.3564453125
2023-01-02,7492.3564453125,7536.171395285088,7448.541495339912,7514.263920298794,10653900,7523.0275390625,7527.409155273437,0.0,42.10526623782949,8.1024,0.7089,0.2911,24,7492.3564453125
2023-01-03,7492.3564453125,7536.171395285088,7470.448970326206,7492.3564453125,27399100,7514.2642578125,7521.9322509765625,0.0,45.71422930308725,8.3262,0.8044,0.1956,10,7317.09716796875
2023-01-04,7317.09716796875,7514.264456925992,7317.09716796875,7470.449503824383,90918800,7461.6861328125,7517.550708007812,-0.023391743121538022,42.10526623782949,4.7695,0.6953,0.3047,29,7229.46728515625
2023-01-05,7229.46728515625,7339.004668264678,7141.837378669507,7317.097191642993,128838500,7404.7267578125,7506.596948242188,-0.011976044707470601,31.578953537145267,3.8791,0.6717,0.3283,54,7273.28271484375
2023-01-06,7273.28271484375,7295.190192900509,7098.022890389684,7098.022890389684,69286600,7360.91201171875,7494.547875976563,0.006060671963681541,31.578993668344737,6.9776,0.6635,0.3365,29,7404.72802734375
2023-01-09,7404.72802734375,7404.72802734375,7295.190630489553,7295.190630489553,86916900,7343.386328125,7483.594189453125,0.01807235022388709,43.90252520065553,8.8504,0.6726,0.3274,22,7163.74560546875
2023-01-10,7163.74560546875,7382.820394626816,7141.838126552943,7360.912915711009,101759100,7277.66416015625,7460.591381835938,-0.032544398792921814,29.166738248445427,5.2652,0.6363,0.3637,30,7119.93017578125
2023-01-11,7119.93017578125,7141.837653245192,7010.392788461539,7054.207743389423,96069100,7238.23076171875,7438.68388671875,-0.006116273818273399,30.434854230353224,3.0325,0.5945,0.4055,38,7163.74560546875
2023-01-12,7163.74560546875,7251.375521131976,7119.930647637137,7141.838126552943,103804600,7225.08642578125,7424.44404296875,0.006153912834221398,35.55562158979966,9.7476,0.6544,0.3456,21,7054.20751953125
2023-01-13,7054.20751953125,7163.744903374904,7032.300042762519,7141.837426606173,119748200,7181.27138671875,7400.345776367188,-0.015290616385634781,27.659697559139403,7.1701,0.6605,0.3395,27,7141.837890625
2023-01-16,7141.837890625,7185.652847009203,7054.207977856595,7054.207977856595,105710700,7128.693359375,7378.43828125,0.012422426027463018,32.00004992160103,5.1118,0.5895,0.4105,27,7295.18994140625
2023-01-17,7295.18994140625,7339.004896009291,7141.837600295608,7163.745077597128,88695900,7154.9822265625,7367.4845703125,0.021472351113227317,38.181828492613064,10.2164,0.767,0.233,18,7273.28271484375
2023-01-18,7273.28271484375,7295.190192900509,7163.745324559959,7185.652802616717,96814600,7185.652734375,7351.053979492188,-0.0030029686325449,39.62269704685983,9.2332,0.7585,0.2415,12,7295.18994140625
2023-01-19,7295.18994140625,7317.09741870777,7229.467509501689,7317.09741870777,66391800,7211.9416015625,7340.100268554687,0.003012013614951403,41.509481564882044,5.6207,0.7883,0.2117,11,7273.28271484375
2023-01-20,7273.28271484375,7295.190192900509,7229.467758730234,7251.375236786992,96859500,7255.756640625,7331.3372802734375,-0.0030029686325449,40.74079729746792,2.2186,0.7019,0.2981,13,7207.560546875
2023-01-24,7207.560546875,7317.097941204407,7207.560546875,7273.282983472644,42474500,7268.901171875,7316.002099609375,-0.009036107978398822,38.59655570824582,5.9597,0.7255,0.2745,10,7185.65283203125
2023-01-25,7185.65283203125,7273.282744616997,7185.65283203125,7273.282744616997,66124500,7246.99375,7298.476098632813,-0.0030395464181356413,44.000035655647764,3.4243,0.6961,0.3039,6,7426.634765625
2023-01-26,7426.634765625,7426.634765625,7207.559993777655,7207.559993777655,77582300,7277.66416015625,7290.808447265625,0.03353653999529915,57.89473271958396,6.527,0.7091,0.2909,36,7623.8017578125
2023-01-27,7623.8017578125,7755.24661570582,7492.356899919181,7623.8017578125,196804700,7343.3865234375,7296.285327148437,0.0265486318379502,62.49996952144537,6.6911,0.6905,0.3095,64,7623.8017578125
2023-01-30,7623.8017578125,7689.52418675916,7514.264376234734,7645.709234128053,68544300,7413.49033203125,7302.857592773437,0.0,58.62064459502005,12.3884,0.7935,0.2065,29,7426.634765625
2023-01-31,7426.634765625,7601.894583102876,7426.634765625,7558.079628733407,200589000,7457.30517578125,7299.571508789062,-0.0258620303164957,60.71426154270784,6.1838,0.624,0.376,22,7448.54248046875
2023-02-01,7448.54248046875,7514.264914119945,7404.727524701287,7514.264914119945,77396200,7509.88310546875,7297.380810546875,0.0029498845082771563,63.63637099701587,12.2239,0.7287,0.2713,24,7404.72802734375
2023-02-02,7404.72802734375,7470.450465456269,7360.913068602071,7382.82054797291,99109500,7505.5017578125,7301.762353515625,-0.005882285459187231,60.00001620274333,5.9144,0.5866,0.4134,9,7623.8017578125
2023-02-03,7623.8017578125,7623.8017578125,7448.541947288075,7492.356899919181,71716700,7505.5017578125,7321.479077148438,0.029585655227277297,71.66670690195217,7.9272,0.6796,0.3204,22,7645.7109375
2023-02-06,7645.7109375,7667.6184186962755,7579.988493911175,7667.6184186962755,117757700,7509.88359375,7340.10048828125,0.00287378664654403,70.17550718931945,7.2119,0.697,0.303,21,7755.24658203125
2023-02-07,7755.24658203125,7755.24658203125,7667.616677149541,7689.524153369968,116014700,7575.60595703125,7357.626416015625,0.014326417180384077,69.09094150236348,8.9886,0.7056,0.2944,14,7733.33984375
2023-02-08,7733.33984375,7755.247322060907,7711.432365439094,7733.339843750001,54495500,7632.5654296875,7386.106127929687,-0.002824763603520686,69.09096950103165,10.4943,0.7278,0.2722,12,7799.0625
2023-02-09,7799.0625,7799.0625,7711.432584269663,7733.340063202248,72381700,7711.43232421875,7420.062744140625,0.008498612187994858,70.17551130544649,9.8677,0.6797,0.3203,19,7733.33984375
2023-02-10,7733.33984375,7799.06227868272,7623.802452195468,7777.154800371813,62060900,7733.33994140625,7448.542456054687,-0.008426994430420276,67.79664985992747,9.8925,0.7944,0.2056,11,7777.15478515625
2023-02-13,7777.15478515625,7799.062263424295,7689.524872084066,7777.15478515625,63775000,7759.6287109375,7484.6898193359375,0.005665720412075359,72.41382754837346,16.4107,0.7639,0.2361,15,7842.87744140625
2023-02-14,7842.87744140625,7842.877441406251,7733.340046973202,7755.2475258598115,81678200,7777.1548828125,7519.741796875,0.00845073269924379,75.00005571295542,12.8264,0.8194,0.1806,16,7777.15478515625
2023-02-15,7777.15478515625,7799.062263424295,7667.617393816021,7777.15478515625,38037000,7785.91787109375,7543.8400390625,-0.008379916266830767,65.38465659028736,13.2449,0.874,0.126,14,7623.8017578125
2023-02-16,7623.8017578125,7755.24661570582,7623.8017578125,7733.339139390267,66040400,7750.86572265625,7561.365991210938,-0.019718397226251017,49.99999999360948,11.3061,0.8656,0.1344,14,7645.7109375
2023-02-17,7645.7109375,7755.248343481376,7645.7109375,7689.52589989255,43588900,7733.33994140625,7578.892041015625,0.00287378664654403,50.98046755886209,9.8814,0.8151,0.1849,17,7667.6171875
2023-02-20,7667.6171875,7733.339620535715,7623.802232142858,7645.709709821429,40077000,7711.432421875,7598.6087646484375,0.0028651684819205325,62.79070730849997,10.4345,0.7409,0.2591,27,7623.8017578125
2023-02-21,7623.8017578125,7711.4316630747135,7623.8017578125,7689.52418675916,25390500,7667.61728515625,7619.420825195312,-0.005714347575793033,59.09087914964815,12.6001,0.808,0.192,16,7601.89453125
2023-02-22,7601.89453125,7667.616962355908,7558.079577179395,7623.802008285303,38671900,7632.565234375,7640.23291015625,-0.0028735304587439447,60.46506925846915,9.6379,0.7849,0.2151,21,7645.7109375
2023-02-23,7645.7109375,7667.6184186962755,7558.0810127149,7558.0810127149,53412300,7636.9470703125,7651.18671875,0.005763879789423276,51.42867694723185,16.1723,0.8258,0.1742,15,7601.89453125
2023-02-24,7601.89453125,7755.246870497119,7601.89453125,7689.524439391211,44123400,7628.1837890625,7650.091357421875,-0.00573084787120226,47.22213966472293,15.4826,0.7975,0.2025,13,7689.5244140625
2023-02-27,7689.5244140625,7689.5244140625,7579.987029246795,7601.894506209936,59983900,7632.565234375,7653.377490234375,0.011527374189719275,45.714327553189406,9.1773,0.6929,0.3071,17,7667.6171875
2023-02-28,7667.6171875,7689.524665178572,7601.894754464286,7689.524665178572,106349400,7641.3283203125,7665.426611328125,-0.002848970285137087,45.71429844205056,4.4458,0.5964,0.4036,14,7536.1728515625
2023-03-01,7536.1728515625,7667.61772688045,7536.1728515625,7645.710247660791,67034700,7628.183984375,7669.808129882813,-0.017142788003525422,34.2106096593603,3.572,0.6059,0.3941,13,7558.080078125
2023-03-02,7558.080078125,7623.802513586957,7536.172599637681,7536.172599637681,56672000,7610.6578125,7677.475732421875,0.0029069432182620147,38.88894391466192,4.8485,0.678,0.322,12,7426.634765625
2023-03-03,7426.634765625,7601.894583102876,7426.634765625,7579.987105918141,95376900,7575.605859375,7667.6173828125,-0.01739136277219877,30.000072431962863,5.566,0.7437,0.2563,21,7360.9130859375
2023-03-06,7360.9130859375,7492.357962472098,7360.9130859375,7492.357962472098,92652000,7509.88359375,7653.377490234375,-0.0088494562829049,22.50010725864395,6.276,0.6862,0.3138,35,7382.81982421875
2023-03-07,7382.81982421875,7426.634778665152,7317.097392549147,7317.097392549147,106115600,7452.92412109375,7634.75615234375,0.002976089790151404,26.315829600508835,4.4158,0.6764,0.3236,18,7514.26416015625
2023-03-08,7514.26416015625,7514.26416015625,7360.911830357143,7360.911830357143,79350900,7448.5423828125,7623.8023681640625,0.01780408286631996,43.243238351557316,5.0855,0.6507,0.3493,24,7514.26416015625
2023-03-09,7514.26416015625,7579.98658721301,7492.356684470664,7579.98658721301,54201400,7439.77919921875,7609.562451171875,0.0,41.66653767571638,6.332,0.6435,0.3565,11,7404.72802734375
2023-03-10,7404.72802734375,7492.357944827108,7404.72802734375,7448.542986085429,59580100,7435.3978515625,7593.131860351563,-0.014577093708430744,35.00001949672043,8.6532,0.6432,0.3568,14,7492.3564453125
2023-03-13,7492.3564453125,7558.078870271382,7404.726545367324,7404.726545367324,82077700,7461.6865234375,7578.891943359375,0.011834117018904688,42.85709736408426,4.5667,0.5848,0.4152,57,7295.18994140625
2023-03-14,7295.18994140625,7426.634805215372,7295.18994140625,7382.819850612331,90495300,7444.160546875,7551.507568359375,-0.026315686572761066,35.99996255088023,2.9109,0.5872,0.4128,39,7295.18994140625
2023-03-15,7295.18994140625,7426.634805215372,7295.18994140625,7404.727327913852,86747400,7400.345703125,7527.409326171875,0.0,33.33319402616138,3.849,0.6136,0.3864,25,7273.28271484375
2023-03-16,7273.28271484375,7317.097670957267,7229.467758730234,7273.28271484375,105894000,7352.1494140625,7509.883374023438,-0.0030029686325449,34.042470450098875,3.1967,0.5943,0.4057,40,7339.0048828125
2023-03-17,7339.0048828125,7404.72731459888,7295.189928288246,7339.0048828125,198558600,7339.00478515625,7494.548071289062,0.009036107978398933,32.60858610121612,2.9694,0.5784,0.4216,16,7360.9130859375
2023-03-20,7360.9130859375,7426.6355242047985,7339.005606515067,7360.9130859375,37277900,7312.71611328125,7479.212866210937,0.0029851735316741568,34.78255181099922,20.6276,0.7178,0.2822,21,7448.54248046875
2023-03-21,7448.54248046875,7448.54248046875,7339.005091050092,7360.912568933823,91617400,7343.38662109375,7470.44990234375,0.011904690832263753,45.45449479233341,18.7705,0.7412,0.2588,17,7733.33984375
2023-03-24,7733.33984375,7733.339843750001,7558.080017262749,7623.802452195468,145603600,7431.0166015625,7477.02216796875,0.03823531436224381,57.142885565459935,14.7689,0.8271,0.1729,23,7623.8017578125
2023-03-27,7623.8017578125,7733.339139390267,7623.8017578125,7733.339139390267,110692800,7501.12041015625,7475.926708984375,-0.014164395739833857,58.18183954247855,20.5938,0.7886,0.2114,40,7601.89453125
2023-03-28,7601.89453125,7711.431916426513,7601.89453125,7711.431916426513,98296600,7553.69833984375,7475.926708984375,-0.0028735304587439447,60.377364037539,31.7784,0.8109,0.1891,18,7865.5703125
2023-03-29,7865.5703125,7865.5703125,7709.152721058238,7753.84346147017,101068200,7654.62978515625,7484.72900390625,0.034685535318344174,67.20592928329377,23.2518,0.7666,0.2334,18,7887.91552734375
2023-03-30,7887.91552734375,7954.951636641289,7865.570157577904,7954.951636641289,118912100,7742.50439453125,7495.743920898438,0.0028408893387219525,64.44050173968972,15.4251,0.7254,0.2746,19,7820.87939453125
2023-03-31,7820.87939453125,7910.260873325893,7798.534024832589,7887.915503627232,97146900,7760.0123046875,7509.979248046875,-0.008498586550542586,61.26600963733858,9.8653,0.7794,0.2206,12,7865.5703125
2023-04-03,7865.5703125,7887.915682705966,7820.879572088068,7887.915682705966,60288900,7808.366015625,7525.353759765625,0.005714308546939106,67.78005892766583,9.1456,0.7508,0.2492,18,7843.22412109375
2023-04-04,7843.22412109375,7887.914856826478,7731.49728176193,7887.914856826478,60975800,7856.63193359375,7546.1832275390625,-0.0028410134953262833,64.255143891726,5.0371,0.6254,0.3746,14,7798.53515625
2023-04-05,7798.53515625,7865.571275071633,7798.535156249999,7843.225902131088,36922100,7843.22490234375,7568.0643310546875,-0.0056977799121616934,73.34207673473969,9.9879,0.7413,0.2587,7,7820.87939453125
2023-04-06,7820.87939453125,7843.224764229911,7776.188655133928,7776.188655133928,45489400,7829.81767578125,7589.967309570313,0.002865184016429323,73.88331335854127,6.5217,0.6484,0.3516,18,7865.5703125
2023-04-10,7865.5703125,7865.5703125,7776.188831676136,7798.534201882102,32996000,7838.755859375,7607.5326171875,0.005714308546939106,76.36324356455017,17.3804,0.7335,0.2665,14,7887.91552734375
2023-04-11,7887.91552734375,7887.91552734375,7820.879418046211,7887.91552734375,44554300,7843.22490234375,7626.215185546875,0.0028408893387219525,75.41385116973282,12.5791,0.7001,0.2999,15,7954.95166015625
2023-04-12,7954.95166015625,7954.95166015625,7887.915550660551,7954.95166015625,91903600,7865.57041015625,7653.7263671875,0.008498586550542697,76.40003002329911,8.4671,0.6577,0.3423,13,7977.29833984375
2023-04-13,7977.29833984375,7999.643713344712,7932.607592841824,7999.643713344712,51726500,7901.323046875,7677.973461914063,0.0028091534231977633,74.9462783621222,8.6163,0.7039,0.2961,16,8044.33349609375
2023-04-14,8044.33349609375,8044.33349609375,7999.642754448784,8044.33349609375,110354200,7946.0138671875,7715.430639648437,0.008403240469919915,68.46696753982476,7.0327,0.7109,0.2891,39,8066.6787109375
2023-04-17,8066.6787109375,8089.024081327908,7954.951858985457,8066.6787109375,83946900,7986.235546875,7754.005078125,0.0027777583878889622,79.33605018258152,20.942,0.7741,0.2259,43,8156.060546875
2023-04-18,8156.060546875,8200.751289597603,8066.679061429794,8089.024432791096,91178700,8039.86455078125,7798.143969726562,0.01108037634079917,83.69574510120775,22.364,0.7574,0.2426,27,8223.0966796875
2023-04-26,8223.0966796875,8223.0966796875,8044.333708389945,8156.060565450917,186928200,8093.4935546875,7842.348559570312,0.008219180378471469,78.57152889288182,27.5153,0.7684,0.2316,26,8178.40576171875
2023-04-27,8178.40576171875,8200.751132652407,8111.369648917777,8133.715019851435,54842400,8133.7150390625,7883.223193359375,-0.005434803907771735,72.4138632415698,22.5829,0.7314,0.2686,36,8089.0234375
2023-04-28,8089.0234375,8156.059543335635,8089.0234375,8133.7141747237565,145775300,8142.65302734375,7915.247241210937,-0.010929064517332776,69.99997813380999,18.3264,0.7157,0.2843,20,8089.0234375
2023-05-02,8089.0234375,8133.7141747237565,7954.951225828729,8133.7141747237565,83645900,8147.12197265625,7933.031420898437,0.0,67.85710939566653,23.491,0.7372,0.2628,39,7977.29833984375
2023-05-03,7977.29833984375,8089.025207348564,7932.607592841824,8089.025207348564,83728800,8111.36953125,7950.70625,-0.013811938921860722,59.37517924022886,13.1101,0.6186,0.3814,24,8044.33349609375
2023-05-04,8044.33349609375,8066.678866916232,7932.606641981337,7977.297383626302,67565000,8075.61689453125,7972.828198242188,0.008403240469919915,66.6666666540095,5.9945,0.4858,0.5142,17,8044.33349609375
2023-05-05,8044.33349609375,8089.024237738715,7999.642754448784,8044.33349609375,64815100,8048.80244140625,7981.766357421875,0.0,65.62505120182678,3.8217,0.4762,0.5238,15,8044.33349609375
2023-05-08,8044.33349609375,8111.369608561197,7999.642754448784,8044.33349609375,84754500,8039.864453125,7989.587255859375,0.0,63.333374595356425,16.4268,0.6181,0.3819,25,7977.29833984375
2023-05-09,7977.29833984375,8021.989086845675,7954.952966342787,7999.643713344712,40929600,8017.51943359375,7997.408203125,-0.008333214464884109,56.25011095426862,11.0833,0.6305,0.3695,14,7977.29833984375
2023-05-10,7977.29833984375,7999.643713344712,7954.952966342787,7977.29833984375,45322600,8017.51943359375,8002.994604492187,0.0,51.724244449813305,7.2674,0.6069,0.3931,12,7887.91552734375
2023-05-11,7887.91552734375,7954.951636641289,7865.570157577904,7954.951636641289,81993900,7986.23583984375,8005.229174804687,-0.011204647073754903,43.74988902615232,4.0964,0.5743,0.4257,24,7865.5703125
2023-05-12,7865.5703125,7932.606423117898,7798.534201882102,7820.879572088068,96525600,7950.483203125,8008.5809326171875,-0.0028328415493661385,36.66662538375926,7.847,0.5564,0.4436,13,7843.22412109375
2023-05-15,7843.22412109375,7932.605592559206,7798.533385361022,7932.605592559206,64830300,7910.261328125,8009.698168945312,-0.0028410134953262833,33.333260487801866,5.0863,0.5837,0.4163,36,7776.18798828125
2023-05-16,7776.18798828125,7887.914827193337,7776.18798828125,7865.56945941092,49497000,7870.0392578125,8005.229052734375,-0.008547012271676868,20.68953045023143,5.251,0.6808,0.3192,27,7843.22412109375
2023-05-17,7843.22412109375,7910.260224692842,7820.878753227386,7843.22412109375,69996100,7843.2244140625,8002.994482421875,0.008620693444336025,20.68953045023143,5.1625,0.6737,0.3263,18,8044.33349609375
2023-05-19,8044.33349609375,8044.33349609375,7887.915900336371,7954.952012803819,123592500,7874.5080078125,8007.46357421875,0.0256411613253702,41.666666659415185,6.4723,0.6829,0.3171,23,8044.33349609375
2023-05-22,8044.33349609375,8111.369608561197,7977.297383626302,8044.33349609375,91000000,7910.26064453125,8010.81533203125,0.0,46.87505333940624,7.2943,0.6956,0.3044,24,8156.060546875
2023-05-23,8156.060546875,8178.405918236301,8066.679061429794,8089.024432791096,102980500,7972.8279296875,8016.401684570313,0.0138889133370097,54.05411629554523,4.2152,0.6555,0.3445,13,8066.6787109375
2023-05-24,8066.6787109375,8223.09630367036,8066.6787109375,8223.09630367036,77392900,8030.92607421875,8016.401684570313,-0.010958947082822523,55.55547461434875,4.0643,0.7101,0.2899,17,8089.0234375
2023-05-25,8089.0234375,8178.404911947514,8089.0234375,8133.7141747237565,76325700,8080.0859375,8013.049829101563,0.0027700032892350457,52.94111597224134,3.3587,0.7122,0.2878,7,8178.40576171875
2023-05-26,8178.40576171875,8223.096503586066,8133.715019851435,8200.751132652407,55675900,8106.900390625,8010.815283203125,0.01104982880929506,57.89471262038469,3.7735,0.7245,0.2755,19,8178.40576171875
2023-05-29,8178.40576171875,8267.78724545338,8111.369648917777,8267.78724545338,79148200,8133.71484375,8010.815283203125,0.0,57.89471262038469,7.4325,0.7307,0.2693,19,8267.7861328125
2023-05-30,8267.7861328125,8334.822236592061,8178.40466110642,8223.09539695946,97189500,8156.0599609375,8019.75341796875,0.010928825702451572,66.66649856754233,6.1005,0.782,0.218,18,8089.0234375
2023-05-31,8089.0234375,8334.822492230664,8089.0234375,8312.477123618784,722827900,8160.52890625,8019.75341796875,-0.02162159161362942,55.31905297603118,4.8072,0.7104,0.2896,36,8223.0966796875
2023-06-05,8223.0966796875,8334.82353674847,8133.715194038722,8178.405936863111,163535600,8187.3435546875,8032.0433349609375,0.016574713032224464,65.30611971032708,10.1236,0.6473,0.3527,29,8178.40576171875
2023-06-06,8178.40576171875,8223.096503586066,8089.024277984119,8089.024277984119,74872200,8187.3435546875,8038.7469482421875,-0.005434803907771735,63.999980762648384,5.3111,0.5605,0.4395,19,8133.71484375
2023-06-07,8133.71484375,8200.750955099587,8111.369473300137,8156.0602141998625,87492200,8178.40537109375,8043.216015625,-0.005464502406806182,62.74511735427269,6.227,0.6374,0.3626,14,8156.060546875
2023-06-08,8156.060546875,8156.060546875,8111.369804152397,8111.369804152397,53188400,8156.06025390625,8048.8023681640625,0.00274729364801507,67.34696242951894,18.5185,0.6823,0.3177,11,8133.71484375
2023-06-09,8133.71484375,8200.750955099587,8133.71484375,8200.750955099587,44632400,8164.99853515625,8056.623193359375,-0.0027397667043511653,63.82979810677518,13.3088,0.6593,0.3407,11,8178.40576171875
2023-06-12,8178.40576171875,8178.40576171875,8133.715019851435,8178.40576171875,38082300,8156.0603515625,8066.678564453125,0.005494527264266136,57.49998906523205,13.119,0.7329,0.2671,31,8178.40576171875
2023-06-13,8178.40576171875,8200.751132652407,8133.715019851435,8200.751132652407,45552600,8156.0603515625,8081.203076171875,0.0,57.49998906523205,11.3928,0.6998,0.3002,12,8111.36767578125
2023-06-14,8111.36767578125,8156.05840677729,8089.022310283231,8133.71304127927,72223700,8151.59091796875,8093.492944335938,-0.008196962573230326,47.368306037055824,8.2171,0.5807,0.4193,13,8089.0234375
2023-06-15,8089.0234375,8133.7141747237565,8089.0234375,8133.7141747237565,59073000,8138.18349609375,8105.78291015625,-0.0027546819691043334,51.428526824447715,8.0269,0.7189,0.2811,7,8089.0234375
2023-06-16,8089.0234375,8133.7141747237565,8021.987331664364,8133.7141747237565,112769400,8129.24521484375,8121.4246826171875,0.0,49.99999999078638,5.6956,0.6372,0.3628,18,8044.33349609375
2023-06-19,8044.33349609375,8089.024237738715,8044.33349609375,8044.33349609375,32330600,8102.43076171875,8131.480151367187,-0.005524763496057017,40.62500852780198,8.5503,0.6823,0.3177,22,8089.0234375
2023-06-20,8089.0234375,8089.0234375,7999.641963052486,8066.678068888121,54990100,8084.554296875,8133.7146484375,0.005555456076995258,44.11759223276705,7.1501,0.7161,0.2839,12,8156.060546875
2023-06-21,8156.060546875,8156.060546875,8044.333690068493,8089.024432791096,42676300,8093.49287109375,8139.301000976562,0.00828741687954837,42.42435077071958,8.0751,0.7331,0.2669,8,8089.0234375
2023-06-22,8089.0234375,8178.404911947514,8089.0234375,8156.059543335635,48291100,8093.49287109375,8135.949145507812,-0.008219300113053385,49.99999998881206,7.1615,0.7756,0.2244,11,8089.0234375
2023-06-23,8089.0234375,8178.404911947514,8066.678068888121,8066.678068888121,47813500,8093.49287109375,8137.066381835937,0.0,36.36360023517511,11.0707,0.7378,0.2622,10,8111.36767578125
2023-06-26,8111.36767578125,8156.05840677729,8066.67694478521,8066.67694478521,36389900,8106.89970703125,8138.18359375,0.0027622912028741897,42.8569495997137,11.2235,0.7385,0.2615,23,8178.40576171875
2023-06-27,8178.40576171875,8178.40576171875,8089.024277984119,8089.024277984119,36225100,8124.776171875,8138.18359375,0.008264708076008098,54.54544550040349,14.143,0.7442,0.2558,12,8111.36767578125
2023-07-03,8111.36767578125,8111.36767578125,8066.67694478521,8066.67694478521,108855900,8115.83759765625,8134.831689453125,-0.008196962573230326,45.83317019477653,15.0298,0.7815,0.2185,13,8089.0234375
2023-07-04,8089.0234375,8178.404911947514,8089.0234375,8178.404911947514,35049300,8115.83759765625,8125.8935546875,-0.0027546819691043334,45.8332953848481,8.6589,0.7592,0.2408,19,8089.0234375
2023-07-05,8089.0234375,8111.368806111878,8066.678068888121,8089.0234375,44609200,8115.83759765625,8125.8935546875,0.0,40.90905929412977,10.6505,0.824,0.176,9,8111.36767578125
2023-07-06,8111.36767578125,8133.71304127927,8066.67694478521,8089.022310283231,52532400,8115.83759765625,8120.307104492187,0.0027622912028741897,43.47809149837914,17.5089,0.8406,0.1594,14,8066.6787109375
2023-07-07,8066.6787109375,8133.714822108725,8066.6787109375,8066.6787109375,37641300,8093.4921875,8114.720751953125,-0.005509424135362706,45.454707974528155,12.6433,0.7536,0.2464,6,8089.0234375
2023-07-10,8089.0234375,8133.7141747237565,8089.0234375,8133.7141747237565,28981500,8089.02333984375,8112.486181640625,0.0027700032892350457,49.99999998576069,11.5283,0.7859,0.2141,11,8066.6787109375
2023-07-11,8066.6787109375,8133.714822108725,8066.6787109375,8133.714822108725,43703500,8084.55439453125,8108.01708984375,-0.002762351566310439,47.82614064320555,10.4873,0.802,0.198,11,8200.75
2023-07-12,8200.75,8200.75,8089.023160762942,8111.368528610354,61566500,8106.89970703125,8111.36884765625,0.016620382919269483,62.96292098360501,22.6277,0.8716,0.1284,17,8156.060546875
2023-07-13,8156.060546875,8245.442032320205,8156.060546875,8223.096660958903,65230900,8115.83828125,8110.2515869140625,-0.0054494348840045115,55.55566345210203,12.9539,0.7358,0.2642,15,8223.0966796875
2023-07-14,8223.0966796875,8223.0966796875,8156.060565450917,8200.751308275305,55554500,8147.121875,8112.4861328125,0.008219180378471469,55.55559151253486,9.5124,0.7141,0.2859,13,8200.75
2023-07-17,8200.75,8267.786103542234,8200.75,8223.09536784741,62550100,8169.4671875,8116.955249023437,-0.0027175504019915087,60.000034947675495,7.1941,0.6647,0.3353,26,8178.40576171875
2023-07-18,8178.40576171875,8267.78724545338,8133.715019851435,8223.096503586066,52924600,8191.81259765625,8121.424365234375,-0.0027246579009542193,57.69244021110322,9.3748,0.6657,0.3343,9,8178.40576171875
2023-07-20,8178.40576171875,8245.441874519724,8156.060390785093,8223.096503586066,83476600,8187.34375,8125.893481445312,0.0,56.00021325851046,6.6701,0.4581,0.5419,3,8178.40576171875
2023-07-21,8178.40576171875,8200.751132652407,8156.060390785093,8178.40576171875,42667800,8191.81279296875,8132.597094726562,0.0,49.99999998576057,8.775,0.629,0.371,5,8133.71484375
2023-07-24,8133.71484375,8223.09632554945,8133.71484375,8223.09632554945,62061200,8173.93642578125,8134.8316650390625,-0.005464502406806182,52.381180298935256,7.0542,0.6479,0.3521,42,8178.40576171875
2023-07-25,8178.40576171875,8312.477987320697,8178.40576171875,8200.751132652407,122802700,8169.467578125,8135.94892578125,0.005494527264266136,59.09110321217563,6.8914,0.6923,0.3077,38,8357.16796875
2023-07-26,8357.16796875,8357.16796875,8156.05964864639,8200.750386447193,113868700,8205.22001953125,8149.35615234375,0.021857830516063936,70.0002039353082,4.3984,0.694,0.306,23,8245.44140625
2023-07-27,8245.44140625,8401.858993902439,8245.44140625,8401.858993902439,77848400,8218.6271484375,8157.17705078125,-0.013368950213490938,58.82369574626163,2.6745,0.6526,0.3474,18,8156.060546875
2023-07-28,8156.060546875,8245.442032320205,8156.060546875,8223.096660958903,74510200,8214.15810546875,8159.411694335938,-0.010840033294912454,55.55560950067139,15.1834,0.7878,0.2122,13,8156.060546875
2023-07-31,8156.060546875,8223.096660958903,8133.715175513698,8200.751289597603,80868000,8218.62724609375,8158.29443359375,0.0,54.28579989887993,9.8834,0.8106,0.1894,18,8156.060546875
2023-08-01,8156.060546875,8200.751289597603,8133.715175513698,8200.751289597603,49756400,8214.158203125,8160.529077148438,0.0,55.882402078206695,7.7886,0.7267,0.2733,14,8223.0966796875
2023-08-02,8223.0966796875,8223.0966796875,8156.060565450917,8156.060565450917,60629900,8187.3439453125,8167.232739257813,0.008219180378471469,51.613003264494694,4.311,0.6134,0.3866,12,8267.7861328125
2023-08-03,8267.7861328125,8312.47686866554,8178.40466110642,8178.40466110642,64596100,8191.812890625,8176.170874023437,0.005434625770044832,58.06445244967551,4.3749,0.6638,0.3362,14,8178.40576171875
2023-08-04,8178.40576171875,8290.13261638704,8156.060390785093,8267.78724545338,52675900,8196.28193359375,8179.522778320313,-0.01081067769024946,46.87497224944501,4.065,0.6176,0.3824,14,8290.1318359375
2023-08-07,8290.1318359375,8290.1318359375,8178.404991787399,8178.404991787399,55589300,8223.09619140625,8190.6954345703125,0.013661106757714814,55.55561624509313,9.5881,0.6421,0.3579,21,8223.0966796875
2023-08-08,8223.0966796875,8312.478165336277,8223.0966796875,8290.132793924082,43373400,8236.50341796875,8197.399096679688,-0.008086138746238536,52.63160617765403,6.114,0.6211,0.3789,10,8401.859375
2023-08-09,8401.859375,8401.859375,8267.787150930852,8290.132521609043,77056800,8272.25595703125,8214.158129882813,0.021739096872602115,60.86962097426559,6.4703,0.7105,0.2895,30,8401.859375
2023-08-10,8401.859375,8424.204745678191,8357.168633643618,8401.859375,76738100,8299.07060546875,8224.213598632812,0.0,60.86962097426559,12.9496,0.7511,0.2489,24,8401.859375
2023-08-11,8401.859375,8446.550116356382,8379.514004321809,8424.204745678191,68898600,8343.761328125,8236.503540039062,0.0,63.63644940873996,12.8903,0.6913,0.3087,19,8357.16796875
2023-08-14,8357.16796875,8357.16796875,8245.441124247995,8334.822599849598,75495400,8357.1685546875,8243.207104492187,-0.005319228072655058,59.0909203695206,10.8586,0.6726,0.3274,26,8312.4775390625
2023-08-15,8312.4775390625,8379.513648248489,8312.4775390625,8334.822908791162,59303700,8375.0447265625,8248.793481445313,-0.005347556714740076,47.368424071371365,7.9548,0.6577,0.3423,14,8312.4775390625
2023-08-16,8312.4775390625,8334.822908791162,8267.786799605175,8290.132169333838,53440000,8357.168359375,8255.4970703125,0.0,54.54548463385869,9.3346,0.8289,0.1711,7,8267.7861328125
2023-08-18,8267.7861328125,8357.167604518581,8267.7861328125,8267.7861328125,79328900,8330.3537109375,8259.966088867188,-0.00537642430189833,58.06446381881989,5.5164,0.6534,0.3466,13,8200.75
2023-08-21,8200.75,8267.786103542234,8200.75,8245.440735694823,73573000,8290.1318359375,8261.08330078125,-0.008108111619681724,52.94110463012259,3.4501,0.5876,0.4124,23,8312.4775390625
2023-08-22,8312.4775390625,8334.822908791162,8178.405320690524,8178.405320690524,65664600,8281.19375,8270.021435546874,0.013624063538395959,58.974351781574974,3.184,0.575,0.425,16,8312.4775390625
2023-08-23,8312.4775390625,8334.822908791162,8290.132169333838,8312.4775390625,63749800,8281.19375,8276.725024414063,0.0,55.55553531289181,5.8513,0.6208,0.3792,18,8223.0966796875
2023-08-24,8223.0966796875,8334.82353674847,8223.0966796875,8267.787422511889,53725900,8263.317578125,8270.021459960937,-0.01075261364075586,47.36849065522553,17.9256,0.8104,0.1896,2,8290.1318359375
2023-08-25,8290.1318359375,8290.1318359375,8200.75036061742,8223.09572944744,50379000,8267.78671875,8272.255981445312,0.00815205741355185,56.75672482368213,8.9016,0.4766,0.5234,7,8223.0966796875
2023-08-28,8223.0966796875,8267.787422511889,8223.0966796875,8267.787422511889,44423100,8272.2560546875,8275.607788085938,-0.008086138746238536,45.71433565265965,7.9542,0.4764,0.5236,21,8267.7861328125
2023-08-29,8267.7861328125,8312.47686866554,8223.09539695946,8290.13150073902,45428500,8263.3177734375,8281.194067382812,0.005434625770044832,52.94110084965611,14.2271,0.4882,0.5118,2,8223.0966796875
2023-08-30,8223.0966796875,8312.478165336277,8223.0966796875,8312.478165336277,56227000,8245.4416015625,8284.545874023437,-0.005405250257700778,35.7142299622122,7.6921,0.4714,0.5286,11,8200.75
2023-08-31,8200.75,8245.440735694823,8133.713896457765,8223.09536784741,136107200,8240.972265625,8283.428540039062,-0.0027175504019915087,34.48262869866234,7.2445,0.5482,0.4518,8,8245.44140625
2023-09-01,8245.44140625,8290.132145579268,8200.750666920732,8223.096036585366,42152700,8232.0341796875,8282.311303710938,0.005449673048196768,38.70962738704212,3.6639,0.5241,0.4759,12,8245.44140625
2023-09-04,8245.44140625,8290.132145579268,8200.750666920732,8245.44140625,40610600,8236.503125,8285.6630859375,0.0,41.3793051393047,7.932,0.662,0.338,20,8245.44140625
2023-09-05,8245.44140625,8267.786775914634,8223.096036585366,8267.786775914634,42007200,8232.0341796875,8283.428564453125,0.0,44.44442644925397,7.656,0.781,0.219,10,8178.40576171875
2023-09-06,8178.40576171875,8267.78724545338,8178.40576171875,8223.096503586066,49318400,8223.09599609375,8281.194018554688,-0.008130024971184313,39.99999999164626,6.5199,0.7383,0.2617,23,8200.75
2023-09-07,8200.75,8200.75,8133.713896457765,8156.059264305177,61405200,8223.09599609375,8271.138549804688,0.0027321019441024497,44.827552419319794,3.7463,0.6311,0.3689,21,8156.060546875
2023-09-08,8156.060546875,8178.405918236301,8089.024432791096,8133.715175513698,80732300,8205.21982421875,8258.848608398437,-0.0054494348840045115,46.42864388571534,3.9012,0.5834,0.4166,28,8156.060546875
2023-09-11,8156.060546875,8156.060546875,8111.369804152397,8111.369804152397,53155900,8187.34365234375,8246.558666992187,0.0,34.78248889360175,10.7709,0.6621,0.3379,27,8133.71484375
2023-09-12,8133.71484375,8156.0602141998625,8111.369473300137,8133.71484375,66479000,8164.99833984375,8235.386010742188,-0.0027397667043511653,33.3331815760631,12.3855,0.7428,0.2572,17,8111.36767578125
2023-09-13,8111.36767578125,8111.36767578125,8044.33157928719,8089.022310283231,69490200,8151.59072265625,8225.330517578124,-0.002747473743307083,38.09492591652585,14.1749,0.7464,0.2536,28,8133.71484375
2023-09-14,8133.71484375,8156.0602141998625,8044.333361950549,8044.333361950549,112757900,8138.18369140625,8216.3923828125,0.002755043152028902,31.578995782580918,18.2219,0.7399,0.2601,30,8044.33349609375
2023-09-15,8044.33349609375,8133.714979383681,8044.33349609375,8089.024237738715,121005300,8115.83828125,8205.219750976563,-0.010988994496768156,29.99998906482851,10.3837,0.6881,0.3119,33,8044.33349609375
2023-09-18,8044.33349609375,8111.369608561197,8044.33349609375,8089.024237738715,34272200,8093.49287109375,8197.39892578125,0.0,22.222465008659697,13.1918,0.7441,0.2559,20,8111.36767578125
2023-09-19,8111.36767578125,8111.36767578125,8021.98621378917,8044.33157928719,33325800,8089.0234375,8187.343432617187,0.008333093067318886,36.841881288131404,11.5783,0.732,0.268,25,8178.40576171875
2023-09-20,8178.40576171875,8200.751132652407,8111.369648917777,8156.060390785093,54305500,8102.4310546875,8180.63984375,0.008264708076008098,47.619176434468564,6.0494,0.5803,0.4197,14,8156.060546875
2023-09-21,8156.060546875,8178.405918236301,8111.369804152397,8156.060546875,40607000,8106.9001953125,8177.288037109375,-0.0027322213515429405,40.00008739356252,13.0247,0.6902,0.3098,10,8111.36767578125
2023-09-22,8111.36767578125,8178.40377227531,8111.36767578125,8156.05840677729,42445300,8120.30703125,8168.349829101562,-0.005479713010575149,36.36356411714139,20.4409,0.7736,0.2264,14,8044.33349609375
2023-09-25,8044.33349609375,8111.369608561197,8044.33349609375,8111.369608561197,56132200,8120.30703125,8159.411669921875,-0.008264226498775229,32.0000699168549,13.3762,0.6662,0.3338,34,7999.642578125
2023-09-26,7999.642578125,8066.678689114874,7999.642578125,8044.333318784916,73544700,8097.96201171875,8146.0044921875,-0.005555577474560369,33.33336367393076,6.7058,0.5639,0.4361,26,7932.6064453125
2023-09-27,7932.6064453125,8044.33329665493,7932.6064453125,7954.951815580986,84345000,8048.8021484375,8131.47998046875,-0.008379890996106476,26.923264399505612,3.4906,0.5181,0.4819,36,7887.91552734375
2023-09-29,7887.91552734375,7954.951636641289,7887.91552734375,7887.91552734375,118960000,7995.17314453125,8115.8382568359375,-0.005633825184301,26.923196517458493,4.4313,0.6486,0.3514,25,8111.36767578125
2023-10-02,8111.36767578125,8133.71304127927,7932.60475179709,7954.95011729511,93663000,7995.17314453125,8109.1345703125,0.02832841549366183,47.22209913077234,9.7179,0.7281,0.2719,52,8223.0966796875
2023-10-03,8223.0966796875,8223.0966796875,8066.679079802139,8111.369822626528,98380200,8030.92578125,8108.017333984375,0.013774372999987072,54.99999452852237,5.3312,0.6535,0.3465,19,8223.0966796875
2023-10-04,8223.0966796875,8267.787422511889,8156.060565450917,8223.0966796875,112582800,8075.6166015625,8106.90009765625,0.0,56.41035984021853,9.3415,0.7157,0.2843,36,8111.36767578125
2023-10-05,8111.36767578125,8223.09450327135,8111.36767578125,8223.09450327135,72855700,8111.36884765625,8103.548193359375,-0.013587217596777168,48.837119478368,5.7645,0.6078,0.3922,24,8066.6787109375
2023-10-06,8066.6787109375,8133.714822108725,8066.6787109375,8133.714822108725,53344400,8147.121484375,8096.84462890625,-0.005509424135362706,51.219501787995604,4.6373,0.6289,0.3711,20,8089.0234375
2023-10-09,8089.0234375,8156.059543335635,8066.678068888121,8066.678068888121,43774500,8142.65263671875,8093.4927734375,0.0027700032892350457,52.38090777815134,15.5669,0.6716,0.3284,21,7977.29833984375
2023-10-10,7977.29833984375,8044.3344603466385,7977.29833984375,8044.3344603466385,71966100,8093.49296875,8084.554663085937,-0.013811938921860722,43.18197167822755,17.1723,0.6958,0.3042,25,7977.29833984375
2023-10-11,7977.29833984375,8066.679833847601,7977.29833984375,7977.29833984375,84305800,8044.33330078125,8076.733837890625,0.0,39.024427935499936,9.0407,0.5752,0.4248,11,8089.0234375
2023-10-12,8089.0234375,8133.7141747237565,8044.332700276243,8044.332700276243,71064500,8039.864453125,8075.616625976562,0.014005380380250232,46.66660838918595,7.1155,0.6405,0.3595,17,8111.36767578125
2023-10-13,8111.36767578125,8156.05840677729,8066.67694478521,8133.71304127927,62941800,8048.80224609375,8074.499267578125,0.0027622912028741897,49.99999999288032,6.5952,0.6953,0.3047,20,8133.71484375
2023-10-16,8133.71484375,8156.0602141998625,8089.024102850274,8156.0602141998625,29429200,8057.74052734375,8078.968334960938,0.002755043152028902,54.76190846999626,8.4439,0.7524,0.2476,21,7999.642578125
2023-10-17,7999.642578125,8111.369429774791,7999.642578125,8089.024059444832,59606000,8062.209375,8076.7337890625,-0.01648352176103418,49.999999993189896,10.6264,0.7972,0.2028,19,7910.26025390625
2023-10-18,7910.26025390625,7999.641725701801,7910.26025390625,7977.2963577529135,50919200,8048.8017578125,8066.67841796875,-0.011173289724614177,48.93612964873753,6.2834,0.701,0.299,43,7820.87939453125
2023-10-19,7820.87939453125,7910.260873325893,7820.87939453125,7887.915503627232,89509700,7995.17294921875,8048.802099609375,-0.01129935760721168,46.93876822336699,4.8796,0.6771,0.3229,75,8021.98681640625
2023-10-20,8021.98681640625,8066.677550759487,7798.533144640059,7798.533144640059,64554500,7977.29677734375,8042.098413085938,0.02571416994559783,45.83335608942886,7.1366,0.7186,0.2814,75,7910.26025390625
2023-10-23,7910.26025390625,7977.2963577529135,7910.26025390625,7932.6056218551375,50633500,7932.605859375,8032.043041992188,-0.013927542522446101,35.416553799816796,6.8914,0.7285,0.2715,65,7843.22412109375
2023-10-24,7843.22412109375,7932.605592559206,7843.22412109375,7843.22412109375,76963200,7901.32216796875,8021.987573242188,-0.008474579932992277,33.33321907230052,5.3172,0.6559,0.3441,24,7932.6064453125
2023-10-25,7932.6064453125,7977.297185849471,7887.915704775528,7887.915704775528,54748400,7905.79140625,8018.635766601563,0.011396120120852116,42.000039327736864,6.768,0.703,0.297,24,7798.53515625
2023-10-26,7798.53515625,7999.643512714899,7798.535156249999,7977.298139774355,63199400,7901.32255859375,8011.932202148438,-0.01690129089181336,38.88888438815389,7.3917,0.7136,0.2864,58,7776.18798828125
2023-10-27,7776.18798828125,7865.56945941092,7776.18798828125,7798.533356063667,52450700,7852.16279296875,8006.3458251953125,-0.0028655596879422207,37.037004060504955,5.6218,0.6901,0.3099,27,7910.26025390625
2023-10-30,7910.26025390625,7910.26025390625,7776.188046212924,7776.188046212924,51958200,7852.16279296875,7996.290454101562,0.017241386888671828,47.2726463623681,4.6654,0.6645,0.3355,36,7820.87939453125
2023-10-31,7820.87939453125,7887.915503627232,7798.534024832589,7865.5701339285715,64907600,7847.69384765625,7976.17958984375,-0.01129935760721168,44.06774136450315,4.403,0.6447,0.3553,24,7686.8076171875
2023-11-01,7686.8076171875,7843.225214048874,7686.8076171875,7820.879843068677,67027600,7798.53408203125,7949.36513671875,-0.01714280077474406,35.00003641560376,2.8732,0.6195,0.3805,69,7910.26025390625
2023-11-02,7910.26025390625,7954.950989804025,7798.533414161811,7798.533414161811,56050900,7820.8791015625,7939.309765625,0.02906962784122702,43.47829253453778,2.6584,0.6777,0.3223,53,7954.95166015625
2023-11-03,7954.95166015625,7999.642399820049,7910.260920492451,7977.297029988149,60414100,7856.6318359375,7933.723413085938,0.0056498022587727625,44.28570491679153,5.6495,0.7763,0.2237,16,8089.0234375
2023-11-06,8089.0234375,8089.0234375,7999.641963052486,8021.987331664364,84994200,7892.38447265625,7933.723413085938,0.016853877065686307,52.857125014389204,6.6207,0.7453,0.2547,35,8021.98681640625
2023-11-07,8021.98681640625,8066.677550759487,7954.950714876392,8044.332183582868,60648200,7932.60595703125,7935.957836914063,-0.008287356516112232,53.6231824343123,4.6463,0.7477,0.2523,16,8044.33349609375
2023-11-08,8044.33349609375,8044.33349609375,7954.952012803819,7999.642754448784,31829300,8004.1111328125,7939.309594726563,0.002785678934525082,57.57576860643094,5.8004,0.7602,0.2398,22,8044.33349609375
2023-11-09,8044.33349609375,8089.024237738715,7954.952012803819,7954.952012803819,46076800,8030.92578125,7937.07509765625,0.0,50.87724341901148,5.3794,0.7343,0.2657,24,7887.91552734375
2023-11-10,7887.91552734375,8044.333115704674,7887.91552734375,7999.642376172982,50754600,8017.5185546875,7925.902490234375,-0.01944449081157007,49.15256810488251,6.3541,0.7481,0.2519,21,7932.6064453125
2023-11-13,7932.6064453125,7977.297185849471,7910.261075044013,7932.6064453125,20827700,7986.23515625,7915.8470703125,0.005665745001176559,53.44830248865333,13.2707,0.7377,0.2623,33,7977.29833984375
2023-11-14,7977.29833984375,7999.643713344712,7932.607592841824,7954.952966342787,37195700,7977.2974609375,7914.7298583984375,0.0056339482916940575,51.78575678446794,9.8679,0.7601,0.2399,23,8089.0234375
2023-11-15,8089.0234375,8089.0234375,7999.641963052486,8021.987331664364,84977900,7986.23544921875,7923.668017578125,0.014005380380250232,61.81810307338837,8.2971,0.7589,0.2411,33,8111.36767578125
2023-11-16,8111.36767578125,8111.36767578125,7999.64084829115,8089.022310283231,48714300,7999.64228515625,7938.192431640625,0.0027622912028741897,63.63634195812211,7.1131,0.7177,0.2823,34,8111.36767578125
2023-11-17,8111.36767578125,8111.36767578125,8021.98621378917,8066.67694478521,57050500,8044.33271484375,7942.661474609375,0.0,59.18364251829775,4.5154,0.6653,0.3347,31,7932.6064453125
2023-11-20,7932.6064453125,8066.678666923415,7932.6064453125,8021.987926386443,49216000,8044.33271484375,7943.778784179687,-0.022038358710145922,54.716999017630755,5.6388,0.7,0.3,49,7843.22412109375
2023-11-21,7843.22412109375,7954.95096042557,7843.22412109375,7887.914856826478,107614800,8017.51787109375,7943.778784179687,-0.011267711922298584,56.86270392505693,6.134,0.7023,0.2977,44,7932.6064453125
2023-11-22,7932.6064453125,7932.6064453125,7843.224964238556,7843.224964238556,40364800,7986.23447265625,7943.778784179687,0.011396120120852116,51.11115103027382,4.9891,0.6747,0.3253,34,7977.29833984375
2023-11-23,7977.29833984375,8021.989086845675,7910.262219340861,7910.262219340861,55542100,7959.42060546875,7952.716943359375,0.0056339482916940575,51.11117477019248,13.1401,0.7707,0.2293,30,7977.29833984375
2023-11-24,7977.29833984375,8021.989086845675,7954.952966342787,7977.29833984375,43631900,7932.60673828125,7962.7724609375,0.0,43.58985707846428,11.2485,0.7253,0.2747,25,7932.6064453125
2023-11-27,7932.6064453125,7999.642556117958,7932.6064453125,7954.951815580986,35679000,7932.60673828125,7963.8897705078125,-0.005602384745726496,44.736922300763496,12.17,0.7336,0.2664,31,7932.6064453125
2023-11-28,7932.6064453125,7999.642556117958,7910.261075044013,7932.6064453125,69070600,7950.483203125,7969.476123046875,0.0,43.24324004358572,9.4569,0.7532,0.2468,22,7954.95166015625
2023-11-29,7954.95166015625,7999.642399820049,7954.95166015625,7954.95166015625,54715600,7954.95224609375,7982.883325195313,0.0028168818153022634,44.73682696524286,7.8618,0.7099,0.2901,30,8021.98681640625
2023-11-30,8021.98681640625,8021.98681640625,7954.950714876392,7977.296082053012,205312100,7963.88994140625,7988.469653320312,0.008426846461651927,58.82347269268855,6.1675,0.73,0.27,28,7999.642578125
2023-12-01,7999.642578125,8021.987948454958,7954.951837465083,7977.297207795042,80566400,7968.3587890625,7990.70419921875,-0.0027853745951753606,54.54546657455487,5.4238,0.665,0.335,25,8015.35986328125
2023-12-04,8015.35986328125,8105.16781693146,8015.35986328125,8037.811851693802,54747400,7984.90947265625,7987.021020507813,0.0019647484250395753,52.686363669813176,5.2614,0.6729,0.3271,47,7992.90625
2023-12-05,7992.90625,8037.810217696629,7925.550298455057,8037.810217696629,94363900,7996.96943359375,7985.5669921875,-0.002801323167548775,42.23796506665484,3.8167,0.6546,0.3454,11,7903.09912109375
2023-12-06,7903.09912109375,8037.811037930575,7903.09912109375,7948.003093372692,81852800,7986.59892578125,7978.5052734375,-0.011235854155833502,34.83361328050886,3.6728,0.6455,0.3545,22,7925.5498046875
2023-12-07,7925.5498046875,7925.5498046875,7835.741874889341,7858.193857338881,91322500,7967.3115234375,7972.566088867187,0.002840744276359608,36.89694186073094,4.352,0.6353,0.3647,40,7858.19482421875
2023-12-08,7858.19482421875,7948.002765066964,7858.19482421875,7903.098794642857,43891600,7939.02197265625,7971.080053710937,-0.008498461574099725,43.77471912804721,4.6348,0.6151,0.3849,79,7858.19482421875
2023-12-11,7858.19482421875,7880.646809430804,7790.838868582589,7790.838868582589,78642800,7907.58896484375,7967.35947265625,0.0,51.47269885780986,4.2119,0.5643,0.4357,37,7813.2900390625
2023-12-12,7813.2900390625,7858.194004804239,7813.2900390625,7813.2900390625,87589300,7871.66572265625,7959.1590576171875,-0.005714389393586261,37.13699759684845,6.5504,0.6988,0.3012,18,7790.83837890625
2023-12-13,7790.83837890625,7858.194330308898,7790.838378906251,7813.290362707133,51560500,7849.21357421875,7944.2498046875,-0.0028735219150963776,28.886065357950812,5.4297,0.7036,0.2964,24,8127.6181640625
2023-12-14,8127.6181640625,8127.618164062499,7858.194357518992,7880.646341397617,115332800,7889.62724609375,7945.062329101563,0.043227669318373296,59.656481379554435,5.2556,0.693,0.307,85,8284.7822265625
2023-12-15,8284.7822265625,8284.7822265625,8150.070320439533,8194.974289147189,275013500,7974.9447265625,7953.733056640625,0.019337038149125352,69.7671971019112,6.2883,0.7331,0.2669,75,8262.3310546875
2023-12-18,8262.3310546875,8284.783041249151,8217.4270815642,8262.3310546875,111712200,8055.77197265625,7970.219287109375,-0.0027099290314496205,68.05207135993794,6.9605,0.7035,0.2965,46,8307.234375
2023-12-19,8307.234375,8307.234375,8194.974451013513,8194.974451013513,65174500,8154.56083984375,7993.4197998046875,0.0054347035982085234,68.82218354300676,6.8419,0.7918,0.2082,25,8352.138671875
2023-12-20,8352.138671875,8352.138671875,8284.78271484375,8307.234700520834,72938100,8266.8208984375,8014.396411132812,0.00540544480244054,68.06701042280928,6.5547,0.8108,0.1892,47,8374.5908203125
2023-12-21,8374.5908203125,8374.5908203125,8307.234861972185,8352.138834199062,88116700,8316.2154296875,8034.26103515625,0.002688191530284989,70.51599505612842,4.733,0.7131,0.2869,26,8374.5908203125
2023-12-22,8374.5908203125,8397.042806425938,8329.686848085623,8329.686848085623,64449600,8334.1771484375,8054.125659179687,0.0,69.99999455212745,3.8998,0.6899,0.3101,15,8419.4931640625
2023-12-27,8419.4931640625,8441.945145833333,8374.589200520833,8419.4931640625,64464700,8365.6095703125,8078.469995117188,0.005361735840405446,73.1708144961116,4.0586,0.5929,0.4071,23,8441.947265625
2023-12-28,8441.947265625,8464.399253033578,8374.59130339927,8374.59130339927,70184600,8392.5521484375,8103.937036132813,0.002666918438551935,81.57905428699361,5.2888,0.6494,0.3506,34,8441.947265625
2023-12-29,8441.947265625,8486.851240442154,8397.043290807846,8464.399253033578,79903400,8410.5138671875,8128.28681640625,0.0,81.08121927488796,9.6012,0.7136,0.2864,27,8464.3984375
2024-01-02,8464.3984375,8464.3984375,8397.042481763927,8441.946452254642,30545200,8428.475390625,8150.407397460937,0.0026594778631725546,88.57146051162346,7.4278,0.6833,0.3167,34,8397.0419921875
2024-01-03,8397.0419921875,8464.397943996491,8374.590008251169,8464.397943996491,34603300,8432.965625,8170.277368164063,-0.007957617521180183,81.57892476382727,7.4869,0.6452,0.3548,28,8509.302734375
2024-01-04,8509.302734375,8509.302734375,8419.494789948878,8441.946776055409,56501800,8450.9275390625,8194.97451171875,0.013369081909075264,87.80494660374899,7.6064,0.7115,0.2885,45,8599.1103515625
2024-01-05,8599.1103515625,8621.56233681462,8509.302410554013,8531.754395806136,85290100,8482.36015625,8225.284716796876,0.010554051253189645,90.90912234963967,8.3711,0.7741,0.2259,49,8599.1103515625
2024-01-08,8599.1103515625,8644.014322066743,8509.302410554013,8621.56233681462,50896000,8513.7927734375,8260.085278320312,0.0,86.20694308021096,6.8522,0.7204,0.2796,42,8644.013671875
2024-01-09,8644.013671875,8644.013671875,8599.109704748376,8621.561688311689,59848600,8549.7158203125,8296.008471679688,0.005221856503369704,83.33336351701193,3.9231,0.6294,0.3706,26,8576.658203125
2024-01-10,8576.658203125,8666.466142424737,8576.658203125,8666.466142424737,52774900,8585.6390625,8331.931640625,-0.007792152038023081,76.9230511675608,3.9685,0.5516,0.4484,19,8599.1103515625
2024-01-11,8599.1103515625,8666.466307318864,8599.1103515625,8644.014322066743,39381500,8603.6005859375,8368.977416992188,0.002617820123614001,76.00000694033734,3.5172,0.5536,0.4464,27,8711.3701171875
2024-01-12,8711.3701171875,8711.3701171875,8621.56217783505,8666.466147511275,68253400,8626.0525390625,8413.881420898437,0.013054811606714845,78.57141745810983,5.1933,0.6393,0.3607,40,8733.8212890625
2024-01-15,8733.8212890625,8756.273271810733,8666.465340817802,8756.273271810733,88399500,8652.9947265625,8461.03056640625,0.0025772262655565648,78.57138417057766,5.9741,0.6696,0.3304,40,8711.3701171875
2024-01-16,8711.3701171875,8756.274086863725,8688.918132349389,8711.3701171875,44869200,8666.466015625,8490.2181640625,-0.002570601244510917,75.86211549636796,7.0704,0.5848,0.4152,18,8756.2734375
2024-01-17,8756.2734375,8756.2734375,8666.465504807693,8756.2734375,107706100,8702.3890625,8513.792724609375,0.00515456463316899,75.86215169959249,7.5508,0.6674,0.3326,24,8688.9189453125
2024-01-18,8688.9189453125,8756.274906128876,8644.014971434915,8688.9189453125,71048900,8720.35078125,8535.122119140626,-0.0076921412594362915,67.74204409681974,9.1111,0.6866,0.3134,17,8644.013671875
2024-01-19,8644.013671875,8778.725573254871,8621.561688311689,8778.725573254871,63176500,8706.8794921875,8551.961083984375,-0.005168108221532575,63.636327677399706,7.0,0.6767,0.3233,15,8644.013671875
2024-01-22,8644.013671875,8666.465655438313,8554.205737621754,8621.561688311689,52868300,8688.91796875,8566.554833984375,0.0,62.49999998782119,7.7872,0.6681,0.3319,47,8621.5625
2024-01-23,8621.5625,8621.5625,8486.8505859375,8486.8505859375,92348600,8670.9564453125,8578.90341796875,-0.002597308695617806,66.6668116389709,4.513,0.6219,0.3781,33,8554.20703125
2024-01-24,8554.20703125,8621.562992125984,8509.303057332678,8621.562992125984,84906000,8630.5431640625,8587.884228515624,-0.007812443365109334,53.5714840390345,3.582,0.6004,0.3996,19,8531.75390625
2024-01-25,8531.75390625,8599.109858141446,8486.849938322368,8486.849938322368,63212700,8599.11015625,8593.497265625,-0.002624804954798776,43.99991647692399,8.0181,0.7421,0.2579,43,8397.0419921875
2024-01-26,8397.0419921875,8486.84992793282,8352.13802431484,8441.94596006016,78977300,8549.7158203125,8591.252001953126,-0.015789474889074784,35.48375780808102,7.2896,0.695,0.305,71,8576.658203125
2024-01-29,8576.658203125,8576.658203125,8419.494309350457,8441.946294175392,73452800,8536.2447265625,8597.987548828125,0.021390414756126352,45.94596182415634,7.7894,0.7339,0.2661,66,8666.46484375
2024-01-30,8666.46484375,8666.46484375,8509.300973526555,8531.752954987047,73136400,8545.2251953125,8608.090869140626,0.01047105276881366,55.2631036665539,5.7729,0.7062,0.2938,28,8576.658203125
2024-01-31,8576.658203125,8711.370112074606,8576.658203125,8711.370112074606,102581200,8549.7154296875,8617.0716796875,-0.010362546002799067,48.780472272473645,4.0462,0.6608,0.3392,52,8711.3701171875
2024-02-01,8711.3701171875,8733.822102025611,8599.110192996939,8666.466147511275,104208700,8585.638671875,8627.175048828125,0.015706806878862833,49.99999999257672,6.037,0.7471,0.2529,30,8711.3701171875
2024-02-02,8711.3701171875,8801.178056539948,8644.014162673164,8778.726071701836,99324000,8648.504296875,8632.788037109374,0.0,48.780526609881846,5.7129,0.7069,0.2931,24,8599.1103515625
2024-02-05,8599.1103515625,8688.918292570985,8554.206381058257,8688.918292570985,57983300,8652.9947265625,8632.788037109374,-0.012886579736006376,44.4444336985962,10.1271,0.7925,0.2075,41,8644.013671875
2024-02-06,8644.013671875,8756.273589691558,8644.013671875,8756.273589691558,87651000,8648.5044921875,8632.788037109374,0.005221856503369704,44.4444336985962,11.8873,0.7869,0.2131,32,8711.3701171875
2024-02-07,8711.3701171875,8733.822102025611,8666.466147511275,8711.3701171875,92953500,8675.446875,8639.5236328125,0.0077922650136079685,51.11107244122066,9.1981,0.778,0.222,26,8801.1787109375
2024-02-12,8801.1787109375,8801.1787109375,8711.370764907526,8756.274737922513,87949400,8693.40859375,8649.62705078125,0.010309353470449922,57.44687741876665,6.5568,0.7206,0.2794,43,8733.8212890625
2024-02-13,8733.8212890625,8801.177237307198,8711.369306314267,8756.273271810733,66072400,8697.898828125,8650.749609375,-0.007653227378657035,53.99998781449167,5.2706,0.6728,0.3272,24,8846.08203125
2024-02-15,8846.08203125,8958.34195550444,8846.08203125,8935.889970653552,164748900,8747.2931640625,8656.362646484375,0.012853565291985669,59.25923836977397,5.9731,0.6932,0.3068,44,8935.890625
2024-02-16,8935.890625,8980.794597989949,8868.534665515075,8958.342611494974,142277200,8805.6685546875,8667.588671875,0.010152358234158276,65.45451237614962,6.0132,0.7127,0.2873,56,8868.5341796875
2024-02-19,8868.5341796875,8958.342120747628,8823.630209157436,8890.986164952532,53341300,8837.1013671875,8673.201708984376,-0.0075377428103312605,63.157898746142195,6.2568,0.7368,0.2632,46,9003.2451171875
2024-02-20,9003.2451171875,9003.2451171875,8846.081237336346,8846.081237336346,63997700,8877.5146484375,8688.918017578126,0.015189763581059612,73.68418240476882,7.7244,0.7623,0.2377,33,8958.341796875
2024-02-21,8958.341796875,8980.79378132832,8846.081874608397,8935.88981242168,75371600,8922.41875,8704.634423828125,-0.004987459491331392,66.66666665851565,7.5382,0.7448,0.2552,55,8868.5341796875
2024-02-22,8868.5341796875,8958.342120747628,8868.5341796875,8958.342120747628,66913000,8926.9091796875,8715.86044921875,-0.010025026865890352,58.823589606064004,7.1587,0.7524,0.2476,25,8823.6298828125
2024-02-23,8823.6298828125,8913.43782055105,8801.177898377862,8890.985836116412,55192300,8904.45703125,8725.963818359374,-0.005063327937310014,61.224460803195996,6.9332,0.731,0.269,31,8801.1787109375
2024-02-26,8801.1787109375,8868.534670459981,8733.82275141502,8756.274737922513,41356000,8890.9859375,8738.31240234375,-0.0025444371730428683,54.54548149776924,8.3449,0.7443,0.2557,33,8868.5341796875
2024-02-27,8868.5341796875,8890.986164952532,8756.274253362342,8756.274253362342,43735800,8864.04375,8755.151416015626,0.007653005462358697,57.44681047203275,6.6601,0.7333,0.2667,18,8980.7939453125
2024-02-28,8980.7939453125,8980.7939453125,8890.986005859375,8958.34196044922,54043100,8868.5341796875,8784.339013671875,0.01265820972783982,68.08508471477029,7.2463,0.7614,0.2386,38,8868.5341796875
2024-02-29,8868.5341796875,8980.794106012658,8846.082194422468,8980.794106012658,126671200,8868.5341796875,8798.9328125,-0.01249998232991345,60.00001739073562,4.8063,0.6585,0.3415,27,8823.6298828125
2024-03-01,8823.6298828125,8913.43782055105,8801.177898377862,8890.985836116412,51520600,8868.5341796875,8806.791064453126,-0.005063327937310014,55.10202812839583,4.9194,0.7331,0.2669,26,8756.2734375
2024-03-04,8756.2734375,8823.629387019231,8756.2734375,8801.177403846154,43822900,8859.553125,8815.771826171875,-0.007633643546597901,47.9166081377746,6.5764,0.7035,0.2965,46,8801.1787109375
2024-03-05,8801.1787109375,8890.986656967474,8778.726724430007,8890.986656967474,61952900,8846.08203125,8820.262255859376,0.005128354403048485,53.19155630118775,8.3559,0.7892,0.2108,24,8935.890625
2024-03-06,8935.890625,8980.794597989949,8778.726719535176,8890.98665201005,70242200,8837.1013671875,8831.48828125,0.015306121882866508,54.16669686490509,4.2146,0.629,0.371,32,9093.0537109375
2024-03-07,9093.0537109375,9137.9576798804,8980.793788580248,9025.697757523149,118369300,8882.0052734375,8856.18544921875,0.017587847986612948,56.862718334822844,4.2269,0.6406,0.3594,46,9115.505859375
2024-03-08,9115.505859375,9250.217768626848,9093.053874499692,9205.313798876232,100947200,8940.38046875,8879.76005859375,0.002469153834480764,61.22450065751499,5.9432,0.6987,0.3013,74,8980.7939453125
2024-03-13,8980.7939453125,9340.025703125,8980.7939453125,9340.025703125,141622600,8985.2845703125,8893.23125,-0.014778325650896651,48.97962806176226,7.3267,0.6839,0.3161,42,9272.6689453125
2024-03-14,9272.6689453125,9272.6689453125,9003.245150291314,9025.697133209746,110681100,9079.5826171875,8916.80576171875,0.03249991056217727,61.66665095350351,7.0857,0.6774,0.3226,79,9115.505859375
2024-03-15,9115.505859375,9250.217768626848,9025.697919873768,9160.409829125616,154176800,9115.5056640625,8935.889990234375,-0.016949066861375317,58.7301620119982,7.8847,0.672,0.328,39,9115.505859375
2024-03-18,9115.505859375,9227.76578375154,9115.505859375,9137.957844250308,62444100,9119.99609375,8949.361181640625,0.0,60.65575757042152,10.7276,0.7037,0.2963,68,9137.9580078125
2024-03-19,9137.9580078125,9205.31396364404,9115.50602253532,9115.50602253532,55004800,9124.4865234375,8959.46455078125,0.0024630721304850223,62.2950714405389,8.3787,0.6933,0.3067,41,9093.0537109375
2024-03-20,9093.0537109375,9115.50569540895,9048.1497419946,9070.60172646605,66269700,9146.9384765625,8970.69052734375,-0.004914040624459992,58.333321245160995,8.3141,0.7514,0.2486,21,9093.0537109375
2024-03-21,9093.0537109375,9182.861648823302,9025.697757523149,9137.9576798804,90279400,9111.0154296875,8975.18095703125,0.0,54.54544734991677,11.0377,0.8201,0.1799,27,9070.6025390625
2024-03-22,9070.6025390625,9093.054525545327,8935.890620165532,8980.794593131188,91968200,9102.034765625,8980.793994140626,-0.0024690464379414356,58.823554488548766,8.2212,0.761,0.239,57,9256.6533203125
2024-03-25,9256.6533203125,9256.6533203125,9118.83714184631,9256.6533203125,66971000,9130.2642578125,9000.199951171875,0.020511402682321656,66.83347682683993,6.3826,0.6937,0.3063,83,9233.685546875
2024-03-26,9233.685546875,9233.685546875,9141.80807874689,9233.685546875,65742700,9149.409765625,9020.702734375,-0.002481217848690598,69.22245149469828,4.2521,0.6754,0.3246,35,9256.6533203125
2024-03-27,9256.6533203125,9256.6533203125,9187.745231079403,9210.714594157103,39514100,9182.1296875,9043.47646484375,0.0024873896041730514,68.66896475850389,4.3301,0.6591,0.3409,28,9256.6533203125
2024-03-28,9256.6533203125,9279.622683390198,9164.775868001709,9210.714594157103,79229700,9214.849609375,9062.882421875,0.0,64.77952272511251,4.4979,0.6462,0.3538,30,9049.9296875
2024-04-01,9049.9296875,9279.623334390864,9026.960322810914,9256.653969701776,79248700,9210.7150390625,9066.339208984375,-0.022332437616397804,48.099794047697635,4.5844,0.6515,0.3485,99,9095.8681640625
2024-04-02,9095.8681640625,9141.806892163826,9003.990707859848,9118.837528113165,76763100,9178.5580078125,9077.705908203125,0.00507611419632914,49.15223653983466,6.9172,0.6591,0.3409,48,8751.328125
2024-04-03,8751.328125,9003.991141732284,8751.328125,8958.052411417322,177418400,9082.0865234375,9074.0908203125,-0.03787874151735915,41.61330090153763,4.9073,0.6466,0.3534,123,9049.9296875
2024-04-04,9049.9296875,9049.9296875,8797.266675920051,8797.266675920051,75993500,9040.741796875,9088.7736328125,0.03412071382022375,41.89898099739895,4.3731,0.6489,0.3511,86,9026.958984375
2024-04-05,9026.958984375,9141.805790791985,9026.958984375,9141.805790791985,70428600,8994.8029296875,9100.062646484375,-0.002538218960610017,46.43119726289741,8.4566,0.7967,0.2033,18,8705.388671875
2024-04-16,8705.388671875,8797.26612487632,8498.664402622033,8590.54185562335,283265900,8925.8947265625,9088.537548828124,-0.03562332708685334,36.873214427532524,5.5194,0.6655,0.3345,76,8751.328125
2024-04-17,8751.328125,8889.144315944883,8751.328125,8774.29749015748,95620700,8856.98671875,9071.45126953125,0.005277128323221136,37.80828869376423,3.9869,0.603,0.397,37,8705.388671875
2024-04-18,8705.388671875,8797.26612487632,8682.41930862467,8751.32739837566,127134000,8847.798828125,9050.94541015625,-0.00524942642634596,37.78362212474687,8.2657,0.7325,0.2675,29,8705.388671875
2024-04-19,8705.388671875,8728.35803512533,8544.603129122692,8590.54185562335,147784300,8778.890625,9037.175146484375,0.0,37.78362212474687,4.7039,0.6748,0.3252,47,8590.54296875
2024-04-22,8590.54296875,8659.451067429813,8590.54296875,8636.481701203209,128908000,8691.607421875,9003.06884765625,-0.013192484270810212,35.70447720443761,4.1075,0.6584,0.3416,81,8935.08203125
2024-04-23,8935.08203125,8981.020756346401,8636.480318123393,8636.480318123393,178833000,8737.54609375,8994.04765625,0.040106785304879766,41.24997010280176,4.8865,0.6785,0.3215,73,9141.806640625
2024-04-24,9141.806640625,9141.806640625,8958.051733275754,9026.95982353172,132832700,8815.641796875,8995.3626953125,0.02313628555977343,47.72723319468523,7.3737,0.7365,0.2635,73,8981.021484375
2024-04-25,8981.021484375,9187.745764066496,8912.113391144501,9187.745764066496,104874100,8870.768359375,8987.515869140625,-0.017587897291055365,43.61702752893777,7.4515,0.682,0.318,51,8843.2060546875
2024-04-26,8843.2060546875,9026.960985693991,8843.2060546875,8912.114153814935,100932900,8898.3318359375,8975.023486328126,-0.01534518427856657,41.00001700386991,4.7083,0.6208,0.3792,84,9003.9912109375
2024-04-29,9003.9912109375,9049.92994160555,8751.328192263234,8751.328192263234,90063500,8981.021484375,8970.570361328126,0.018181772001656826,48.979596260585396,4.9415,0.6035,0.3965,58,9003.9912109375
2024-04-30,9003.9912109375,9233.684864277742,9003.9912109375,9233.684864277742,109623000,8994.8033203125,8967.239794921876,0.0,47.916675890168406,6.727,0.6654,0.3346,44,8774.2978515625
2024-05-02,8774.2978515625,9095.868977012437,8728.359119355368,9095.868977012437,97079400,8921.3015625,8943.122021484374,-0.025510171433306472,50.54945978753875,5.7067,0.6436,0.3564,101,9049.9296875
2024-05-03,9049.9296875,9049.9296875,8889.144134676395,8958.052228743654,81200400,8935.083203125,8933.934228515625,0.031413549049787104,49.999999996613845,5.2571,0.6527,0.3473,68,9003.9912109375
2024-05-06,9003.9912109375,9072.899306939573,8981.021845603476,9049.92994160555,53076200,8967.240234375,8921.301123046875,-0.005076114196329251,49.45058641316759,5.2326,0.6712,0.3288,58,8912.11328125
2024-05-07,8912.11328125,8958.052009503866,8843.2051888692,8912.11328125,66746800,8948.8646484375,8904.07412109375,-0.010204133648630376,55.555573047644906,3.329,0.6508,0.3492,46,8613.51171875
2024-05-08,8613.51171875,8912.113458333333,8613.51171875,8820.235999999999,112808900,8870.76875,8882.25322265625,-0.033505135434961475,46.73911938075501,2.22,0.6145,0.3855,64,8751.328125
2024-05-13,8751.328125,8751.328125,8452.726377952757,8452.726377952757,145469900,8866.1748046875,8865.026220703125,0.016000025396145867,51.04168511653033,4.4584,0.7037,0.2963,52,8774.2978515625
2024-05-14,8774.2978515625,8889.144682080334,8751.328485458933,8843.2059498732,95363500,8811.0484375,8866.17470703125,0.0026247132131729245,51.54641886121713,8.0123,0.761,0.239,22,8728.3583984375
2024-05-15,8728.3583984375,8820.235855263158,8659.450305818256,8728.3583984375,54741900,8755.921875,8850.096142578124,-0.005235684256697404,53.191474923244975,9.4577,0.8015,0.1985,19,8820.236328125
2024-05-16,8820.236328125,8889.144424438477,8751.328231811523,8797.266962687174,61126000,8737.546484375,8839.760009765625,0.01052636996482037,46.98798081010864,11.9819,0.8637,0.1363,27,8958.05078125
2024-05-17,8958.05078125,9049.928225160256,8797.265254407052,8820.234615384616,99848500,8806.454296875,8852.393115234376,0.01562480278284073,44.99996810962987,7.7015,0.7611,0.2389,41,8705.388671875
2024-05-20,8705.388671875,9003.990394129289,8705.388671875,8912.112941127969,87890100,8797.26640625,8850.096142578124,-0.0282050320482492,42.857121162231685,5.4476,0.6561,0.3439,49,8613.51171875
2024-05-21,8613.51171875,8797.266635416667,8613.51171875,8682.4198125,75311400,8765.1091796875,8845.502294921875,-0.010554032288280446,43.90241246448035,3.4716,0.6035,0.3965,49,8659.4501953125
2024-05-22,8659.4501953125,8797.266378792276,8567.572739659317,8705.388923139091,121712700,8751.3275390625,8843.20537109375,0.0053333040068315185,40.259711573182265,2.5165,0.5812,0.4188,34,8544.6025390625
2024-05-27,8544.6025390625,8613.51062405494,8521.633177398355,8544.6025390625,128578500,8696.20078125,8840.908349609375,-0.013262696090355575,37.804831255712585,9.3908,0.6722,0.3278,68,8544.6025390625
2024-05-28,8544.6025390625,8636.479985719086,8544.6025390625,8544.6025390625,73945700,8613.5111328125,8821.384375,0.0,43.05549978259468,4.2943,0.5652,0.4348,24,8406.7880859375
2024-05-29,8406.7880859375,8567.573650422644,8406.7880859375,8521.634917712603,117351600,8553.791015625,8784.633447265625,-0.01612883132889653,28.787864144745498,2.8698,0.5841,0.4159,68,8268.9716796875
2024-05-30,8268.9716796875,8498.665337456598,8062.247387695313,8268.9716796875,207115100,8484.8830078125,8749.03095703125,-0.016393467379121063,27.142832845681056,2.7389,0.5847,0.4153,123,8498.6640625
2024-05-31,8498.6640625,8498.6640625,8291.93980152027,8360.847888513514,756431600,8452.72578125,8731.803857421875,0.02777762359214897,38.15785056900323,3.5755,0.6149,0.3851,62,8521.634765625
2024-06-03,8521.634765625,8590.542863460243,8475.69603373484,8590.542863460243,72197700,8448.1322265625,8707.68603515625,0.0027028604679595336,46.875012451375724,5.389,0.6718,0.3282,70,8590.54296875
2024-06-04,8590.54296875,8751.32853233623,8590.54296875,8751.32853233623,75353100,8457.3203125,8687.013623046874,0.00808626572485438,44.262299647922404,5.4299,0.6648,0.3352,38,8682.419921875
2024-06-05,8682.419921875,8728.35865162037,8544.603732638889,8728.35865162037,82087300,8512.4466796875,8682.4197265625,0.010695127590796494,46.87497715981418,4.6206,0.6538,0.3462,42,8705.388671875
2024-06-06,8705.388671875,8751.32739837566,8682.41930862467,8751.32739837566,44991300,8599.730078125,8665.19267578125,0.0026454318273791966,49.206334204762314,5.6413,0.669,0.331,19,8567.572265625
2024-06-07,8567.572265625,8728.357804121984,8567.572265625,8728.357804121984,51599800,8613.51171875,8643.371728515625,-0.015831160611501582,41.538399144214985,4.5552,0.6123,0.3877,45,8751.328125
2024-06-10,8751.328125,8751.328125,8682.420029527559,8728.35875984252,45584700,8659.450390625,8635.332470703124,0.02144783302409592,43.283625652838325,5.8825,0.6454,0.3546,56,8544.6025390625
2024-06-11,8544.6025390625,8774.296155703965,8544.6025390625,8774.296155703965,68690900,8650.2623046875,8631.88701171875,-0.023622195738146834,44.61536549163971,7.3032,0.6352,0.3648,24,8498.6640625
2024-06-12,8498.6640625,8567.572149493242,8498.6640625,8544.602787162163,49785700,8613.5111328125,8619.25380859375,-0.005376315206294002,46.03171817613773,4.5496,0.6033,0.3967,28,8452.7265625
2024-06-13,8452.7265625,8705.389584748642,8452.7265625,8705.389584748642,84652200,8562.9787109375,8603.175244140624,-0.005405261304855857,42.857162134578296,2.7246,0.5958,0.4042,17,8452.7265625
2024-06-14,8452.7265625,8498.665293817934,8360.84909986413,8452.7265625,52986300,8540.0095703125,8589.39365234375,0.0,46.551775950891425,1.9899,0.5928,0.4072,39,8314.9091796875
2024-06-19,8314.9091796875,8498.664078686119,8314.9091796875,8498.664078686119,100051000,8452.72578125,8564.127294921875,-0.016304488474040868,42.187508299864476,1.1751,0.5079,0.4921,43,8659.4501953125
2024-06-20,8659.4501953125,8659.4501953125,8360.848464439656,8406.787192266247,81474800,8475.6953125,8549.197265625,0.04143653384292878,57.53421066864679,6.0108,0.6317,0.3683,45,8820.236328125
2024-06-21,8820.236328125,8889.144424438477,8636.481404622396,8705.389500935873,166841200,8540.009765625,8554.9396484375,0.018567706861982503,66.21619058947438,5.2446,0.6873,0.3127,35,8820.236328125
2024-06-24,8820.236328125,8958.052520751953,8797.266962687174,8820.236328125,79592300,8613.51171875,8565.27587890625,0.0,60.93751244998685,5.3863,0.6467,0.3533,33,8820.236328125
2024-06-25,8820.236328125,8820.236328125,8682.420135498047,8820.236328125,80029000,8687.013671875,8573.315185546875,0.0,60.31743781649161,5.3911,0.5733,0.4267,24,8728.3583984375
2024-06-26,8728.3583984375,8866.174583675987,8682.419670024672,8751.327762643916,77913200,8769.703515625,8582.502978515626,-0.010416719719235856,54.687465741345875,2.4256,0.522,0.478,34,8958.05078125
2024-06-27,8958.05078125,8958.05078125,8774.295893429487,8797.265254407052,89150700,8829.4236328125,8603.175390625,0.0263156452023805,58.57137130012354,2.1573,0.5758,0.4242,27,9118.837890625
2024-06-28,9118.837890625,9164.776620552582,8981.021700842253,9003.991065806045,166172300,8889.1439453125,8638.777880859376,0.017948894609030486,61.842096425282065,4.5884,0.6437,0.3563,52,9072.8994140625
2024-07-01,9072.8994140625,9095.868779667722,9026.960682852055,9049.93004845728,68634600,8939.6765625,8678.974267578125,-0.005037755590515447,65.27777859238635,6.1681,0.6942,0.3058,47,9095.8681640625
2024-07-02,9095.8681640625,9187.745620265152,9049.929435961174,9187.745620265152,78848500,8994.8029296875,8708.83447265625,0.0025315777186287747,61.53843134394955,7.4024,0.7,0.3,17,9187.74609375
2024-07-03,9187.74609375,9187.74609375,9118.837998046874,9164.776728515624,55860200,9086.68046875,8742.1400390625,0.010101062155947638,73.33336166977169,8.2645,0.7196,0.2804,23,9026.958984375
2024-07-04,9026.958984375,9187.74451335878,9026.958984375,9164.77515207538,67054000,9100.462109375,8763.96083984375,-0.017500169000575272,67.69225636513316,8.9448,0.7526,0.2474,28,9141.806640625
2024-07-05,9141.806640625,9164.776004043655,9072.898550369033,9118.837277206345,36946900,9105.055859375,8786.93017578125,0.012722740454320425,72.0587242215055,7.7771,0.7513,0.2487,16,9233.685546875
2024-07-08,9233.685546875,9233.685546875,9141.80807874689,9187.746812810945,72903600,9137.2130859375,8813.34501953125,0.01005041014996988,73.61103565263203,8.2209,0.7377,0.2623,29,9256.6533203125
2024-07-09,9256.6533203125,9325.561409545597,9256.6533203125,9279.622683390198,61853200,9169.3701171875,8847.799072265625,0.0024873896041730514,80.59694672612461,6.2125,0.7167,0.2833,23,9279.623046875
2024-07-10,9279.623046875,9394.469866762069,9233.684318920174,9348.53113880724,62325900,9187.7455078125,8874.213818359374,0.0024814288455738964,75.47162394035954,4.1865,0.7472,0.2528,27,9256.6533203125
2024-07-11,9256.6533203125,9302.592046467898,9187.745231079403,9187.745231079403,55908400,9233.684375,8909.816357421874,-0.0024752865980084415,70.21266009204595,5.2172,0.6918,0.3082,22,9256.6533203125
2024-07-12,9256.6533203125,9279.622683390198,9210.714594157103,9233.683957234802,62646500,9256.6537109375,8947.7158203125,0.0,70.21266009204595,6.3276,0.6868,0.3132,22,9233.685546875
2024-07-15,9233.685546875,9256.654913907028,9141.80807874689,9233.685546875,36682600,9256.6537109375,8986.76376953125,-0.002481217848690598,68.74999999127009,11.4424,0.6669,0.3331,34,9141.806640625
2024-07-16,9141.806640625,9210.714730880967,9141.806640625,9164.776004043655,37192700,9233.684375,9021.2177734375,-0.009950404503551113,68.74993909629555,11.3402,0.6192,0.3808,21,9003.9912109375
2024-07-17,9003.9912109375,9141.807402941646,9003.9912109375,9095.868672273598,90666000,9178.5580078125,9055.671875,-0.01507529475356284,52.27280412760727,10.0487,0.6614,0.3386,27,9279.623046875
2024-07-18,9279.623046875,9279.623046875,9003.99067914604,9003.99067914604,65383200,9183.151953125,9086.680517578125,0.03061218402819854,57.142832345179926,8.262,0.7107,0.2893,25,9302.59375
2024-07-19,9302.59375,9302.59375,9164.777546296296,9233.685648148148,53880300,9192.3400390625,9110.798388671876,0.0024753918353110915,60.416672194901714,4.3795,0.6246,0.3754,13,9279.623046875
2024-07-22,9279.623046875,9325.561774829826,9279.623046875,9302.592410852412,31285300,9201.5275390625,9133.767724609375,-0.002469279401242308,58.33329641994636,5.4385,0.6337,0.3663,28,9348.53125
2024-07-23,9348.53125,9371.500614250614,9302.592521498773,9371.500614250614,39321100,9242.8724609375,9160.182470703125,0.007425754556722675,57.44676038673405,5.1517,0.6669,0.3331,20,9256.6533203125
2024-07-24,9256.6533203125,9348.530772623297,9256.6533203125,9302.592046467898,24658000,9293.4048828125,9186.597216796876,-0.009828060390502547,61.36363415907543,6.887,0.6668,0.3332,30,9463.3779296875
2024-07-25,9463.3779296875,9463.3779296875,9371.500474059463,9394.469837966471,98088100,9330.155859375,9211.86357421875,0.022332543114839343,64.58330564559864,7.1106,0.6875,0.3125,48,9486.34765625
2024-07-26,9486.34765625,9555.255750605327,9463.378291464893,9532.286385820218,75565800,9366.906640625,9230.2390625,0.0024272227880113295,62.22215922742159,9.7808,0.6243,0.3757,41,9417.4384765625
2024-07-29,9417.4384765625,9578.2240115282,9348.530390148628,9555.254649390245,69092500,9394.4697265625,9247.466015625,-0.007264036928068873,57.44676038673405,7.5612,0.6798,0.3202,34,9348.53125
2024-07-30,9348.53125,9463.378071253072,9348.53125,9463.378071253072,32122900,9394.4697265625,9260.099169921876,-0.007316981866565042,53.06122094169195,6.0616,0.7035,0.2965,22,9440.408203125
2024-07-31,9440.408203125,9509.316292198906,9394.46947707573,9509.316292198906,82519900,9431.220703125,9272.732275390625,0.00982795592890584,57.69229196225026,8.8539,0.7327,0.2673,21,9532.2861328125
2024-08-01,9532.2861328125,9532.2861328125,9371.500583584337,9371.500583584337,61176200,9445.00234375,9297.9986328125,0.009732410687186777,60.71428028474641,7.4964,0.6997,0.3003,24,9371.5009765625
2024-08-02,9371.5009765625,9509.317167394302,9371.5009765625,9440.409071978402,55699900,9422.0330078125,9309.483349609374,-0.01686742865350399,54.83866985498585,3.9558,0.644,0.356,17,9072.8994140625
2024-08-05,9072.8994140625,9325.562435719938,9072.8994140625,9187.746242088608,126328300,9353.1251953125,9301.44404296875,-0.031862725431794026,47.88735345856228,2.7167,0.5876,0.4124,96,9187.74609375
2024-08-06,9187.74609375,9256.654189453126,9141.80736328125,9256.654189453126,78473900,9320.9681640625,9297.998681640625,0.0126582114984648,55.714274429734324,4.0276,0.6528,0.3472,39,9279.623046875
2024-08-07,9279.623046875,9279.623046875,9187.745590965344,9187.745590965344,52327400,9288.8111328125,9297.998681640625,0.009999944729371713,49.99999999508463,3.5324,0.6446,0.3554,22,9394.4697265625
2024-08-08,9394.4697265625,9394.4697265625,9256.653544754738,9325.56163565862,54162100,9261.2478515625,9304.889501953125,0.012376222515436686,53.03025129586159,10.6422,0.6859,0.3141,22,9325.5615234375
2024-08-09,9325.5615234375,9417.438976870382,9279.62279672106,9394.46961351216,47062400,9252.0599609375,9308.334912109374,-0.007334975270628097,51.47057995553414,5.0097,0.6959,0.3041,17,9371.5009765625
2024-08-12,9371.5009765625,9371.5009765625,9256.654150869332,9279.623516007969,40364100,9311.7802734375,9315.22568359375,0.004926186268734867,50.74628001744103,4.7519,0.6172,0.3828,26,9463.3779296875
2024-08-13,9463.3779296875,9463.3779296875,9348.531110152457,9417.439201873483,55207100,9366.906640625,9331.304248046876,0.009803867422601531,56.71642927063646,8.11,0.7033,0.2967,19,9371.5009765625
2024-08-14,9371.5009765625,9463.378437117037,9371.5009765625,9463.378437117037,47999100,9385.2822265625,9349.679736328126,-0.009708684764324294,46.77420902824733,5.1609,0.6433,0.3567,24,9394.4697265625
2024-08-15,9394.4697265625,9463.377817466382,9348.530999293249,9371.500362927873,33396600,9385.2822265625,9355.4220703125,0.0024509147528708475,46.774172529152175,2.675,0.5391,0.4609,23,9486.34765625
2024-08-16,9486.34765625,9486.34765625,9417.439561894673,9463.378291464893,40731400,9417.439453125,9364.609765625,0.009780001677765604,52.38099415270152,7.2962,0.5877,0.4123,22,9532.2861328125
2024-08-19,9532.2861328125,9578.224861163404,9440.408676110692,9486.347404461596,51054400,9449.596484375,9377.242919921875,0.004842588341386955,56.45162063991073,8.7324,0.6827,0.3173,27,9578.224609375
2024-08-20,9578.224609375,9601.193972946645,9463.377791516788,9486.34715508843,60304400,9472.5658203125,9388.727587890626,0.004819250694161115,55.00001416638691,6.1886,0.6814,0.3186,25,9578.224609375
2024-08-21,9578.224609375,9647.13270008993,9578.224609375,9647.13270008993,84848800,9513.910546875,9404.80615234375,0.0,51.78570750138822,6.7206,0.7343,0.2657,47,9486.34765625
2024-08-22,9486.34765625,9555.255750605327,9394.470197109564,9509.317021035107,56611600,9532.2861328125,9405.954638671876,-0.009592273816075747,54.71698415290643,3.7076,0.5908,0.4092,38,9486.34765625
2024-08-23,9486.34765625,9532.286385820218,9463.378291464893,9486.34765625,46651600,9532.2861328125,9405.954638671876,0.0,72.50003453317616,4.0283,0.6079,0.3921,24,9486.34765625
2024-08-26,9486.34765625,9532.286385820218,9417.439561894673,9440.408926679782,35145600,9523.0984375,9409.40009765625,0.0,68.5714632664046,6.0252,0.6676,0.3324,33,9371.5009765625
2024-08-27,9371.5009765625,9463.378437117037,9348.531611423869,9440.409071978402,60448400,9481.7537109375,9410.548583984375,-0.012106522325463609,55.55559491277209,7.5661,0.7303,0.2697,29,9509.31640625
2024-08-28,9509.31640625,9509.31640625,9417.438953049515,9463.37767964976,38489900,9467.9720703125,9413.993994140625,0.014705801133902296,56.756766064276526,6.5166,0.7052,0.2948,25,9394.4697265625
2024-08-29,9394.4697265625,9647.1327265434,9394.4697265625,9647.1327265434,53004700,9449.596484375,9407.103173828125,-0.012077280298720239,53.84617060933108,6.5552,0.7276,0.2724,24,9486.34765625
2024-08-30,9486.34765625,9486.34765625,9371.500832324456,9486.34765625,158403700,9449.596484375,9412.8455078125,0.009780001677765604,56.097571084103734,9.7186,0.7805,0.2195,24,9440.408203125
2024-09-02,9440.408203125,9532.28565522354,9371.500114051096,9532.28565522354,72008600,9440.40859375,9431.220947265625,-0.004842691285379286,48.717926348235856,7.4542,0.6541,0.3459,36,9348.53125
2024-09-03,9348.53125,9486.347435503683,9325.561885749385,9486.347435503683,50950200,9435.8146484375,9439.260205078124,-0.00973230724224261,48.717926348235856,12.9271,0.8271,0.1729,10,9463.3779296875
2024-09-04,9463.3779296875,9463.3779296875,9302.59238233844,9325.561746245448,44817000,9426.626953125,9448.44794921875,0.012284997141930765,53.488381283043175,7.4151,0.7076,0.2924,17,9417.4384765625
2024-09-05,9417.4384765625,9509.31592511433,9417.4384765625,9509.31592511433,39332900,9431.220703125,9449.59638671875,-0.004854445576022437,46.34140270686994,3.7382,0.5681,0.4319,14,9463.3779296875
2024-09-06,9463.3779296875,9463.3779296875,9394.469837966471,9394.469837966471,31541800,9426.6267578125,9456.48720703125,0.00487812617404737,46.341458349344,5.5377,0.6687,0.3313,13,9440.408203125
2024-09-09,9440.408203125,9509.316292198906,9371.500114051096,9463.377566149637,36185100,9426.6267578125,9459.932568359374,-0.0024272227880112185,42.49999467904501,5.0562,0.6885,0.3115,24,9509.31640625
2024-09-10,9509.31640625,9509.31640625,9440.408316349638,9509.31640625,55093100,9458.7837890625,9462.2294921875,0.007299282154153985,46.51162560098805,6.5096,0.7609,0.2391,18,9578.224609375
2024-09-11,9578.224609375,9578.224609375,9509.316518660073,9578.224609375,64621300,9481.753125,9472.565673828125,0.007246388718300523,54.76187101125792,4.7978,0.693,0.307,16,9624.1640625
2024-09-12,9624.1640625,9647.133427804296,9532.286601282816,9601.194697195704,70759100,9523.0982421875,9484.050390625,0.0047962388645632625,56.81817741818568,3.3364,0.534,0.466,8,9578.224609375
2024-09-13,9578.224609375,9578.224609375,9486.34715508843,9555.255245803355,70057100,9546.067578125,9488.64423828125,-0.00477334476289748,54.34778991323895,6.1765,0.6617,0.3383,19,9647.1328125
2024-09-17,9647.1328125,9647.1328125,9509.316629464283,9601.194084821427,89745000,9587.4125,9494.386572265625,0.00719425634031956,63.636293353609254,4.9375,0.6721,0.3279,25,9761.98046875
2024-09-18,9761.98046875,9761.98046875,9601.194908088237,9647.133639705882,65420200,9637.9453125,9503.574365234375,0.011904848671844714,62.7906884679712,6.6245,0.6552,0.3448,47,10014.6435546875
2024-09-19,10014.6435546875,10014.6435546875,9784.94989517632,9830.888627078555,140886600,9725.2291015625,9525.3953125,0.02588235929648941,77.5509407148207,8.2178,0.6876,0.3124,75,9899.7958984375
2024-09-20,9899.7958984375,10014.642718604988,9899.7958984375,10014.642718604988,142194600,9780.35546875,9546.067724609375,-0.011467972436846607,67.99990135535832,4.9237,0.6494,0.3506,36,10060.5810546875
2024-09-23,10060.5810546875,10060.5810546875,9853.856786440498,9853.856786440498,72553800,9876.8267578125,9574.77939453125,0.0162412597087358,74.54537161396122,13.0232,0.7266,0.2734,51,9922.7646484375
2024-09-24,9922.7646484375,10060.580824110242,9899.795285825376,9899.795285825376,105191100,9931.953125,9596.600244140625,-0.013698652741909734,71.92971332456278,17.71,0.7681,0.2319,21,9968.703125
2024-09-25,9968.703125,9968.703125,9670.101418490784,9807.917590725809,158369100,9973.29765625,9626.4603515625,0.0046296045699052435,70.3702566373007,10.8257,0.6674,0.3326,90,9830.888671875
2024-09-26,9830.888671875,9991.67423426548,9807.919305819218,9991.67423426548,84960100,9936.5466796875,9642.53896484375,-0.013824712341907519,65.51727423243048,8.5976,0.706,0.294,47,9784.9501953125
2024-09-27,9784.9501953125,9876.827661935153,9555.256528755868,9647.13399537852,93027400,9913.5775390625,9662.06298828125,-0.004672871201758633,62.068995843053415,5.9453,0.6863,0.3137,33,9486.34765625
2024-09-30,9486.34765625,9693.07193931598,9486.34765625,9624.163844960654,144692100,9798.730859375,9662.06298828125,-0.030516510876626213,51.428592248167995,5.2929,0.6869,0.3131,48,9693.072265625
2024-10-01,9693.072265625,9693.072265625,9532.286706716528,9555.256072274882,59797700,9752.7923828125,9674.69619140625,0.02179180195222985,55.2631785004657,8.7665,0.7435,0.2565,30,9647.1328125
2024-10-02,9647.1328125,9693.071540178573,9486.347265625,9486.347265625,86746200,9688.4783203125,9689.62626953125,-0.004739410979934355,51.99999999577409,8.7906,0.6865,0.3135,27,9601.1943359375
2024-10-03,9601.1943359375,9670.102429257626,9555.255607057416,9601.1943359375,60887000,9642.539453125,9696.51708984375,-0.004761878731779912,49.33332350344438,5.2829,0.608,0.392,17,9624.1640625
2024-10-04,9624.1640625,9624.1640625,9509.31723597852,9555.255966587112,58500400,9610.3822265625,9706.853369140625,0.00239238221400484,51.351371533602595,3.8871,0.5687,0.4313,17,9463.3779296875
2024-10-07,9463.3779296875,9532.286021408525,9417.439201873483,9509.316657501517,91867900,9605.78828125,9706.853369140625,-0.016706503730437583,44.87180115761171,4.3162,0.6316,0.3684,36,9555.255859375
2024-10-08,9555.255859375,9647.1333195613,9325.562208909254,9371.500939002404,99622900,9578.225,9712.595751953126,0.009708787958184528,44.155839849852754,2.3678,0.634,0.366,44,9578.224609375
2024-10-09,9578.224609375,9670.10206366157,9555.255245803355,9555.255245803355,56835200,9564.443359375,9716.041162109375,0.002403781786488146,35.820869947112016,12.3773,0.6607,0.3393,16,9647.1328125
2024-10-10,9647.1328125,9647.1328125,9555.255357142858,9578.224720982143,51080000,9573.6310546875,9719.486572265625,0.00719425634031956,41.53845952198106,15.3488,0.7679,0.2321,16,9532.2861328125
2024-10-11,9532.2861328125,9716.041046216114,9532.2861328125,9716.041046216114,44632100,9555.25546875,9714.89267578125,-0.011904747443581387,31.74605209572742,8.9601,0.6696,0.3304,14,9647.1328125
2024-10-14,9647.1328125,9647.1328125,9532.28599330357,9532.28599330357,31738600,9592.0064453125,9718.3380859375,0.012048177959342654,40.32259944374112,6.2778,0.6243,0.3757,19,9761.98046875
2024-10-15,9761.98046875,9761.98046875,9601.194908088237,9693.07237132353,66635200,9633.3513671875,9724.08046875,0.011904848671844714,43.076982444114236,4.1389,0.6455,0.3545,12,9624.1640625
2024-10-16,9624.1640625,9853.85771554296,9624.1640625,9830.888350238663,63255900,9642.5392578125,9717.1896484375,-0.014117668713964027,43.07692609175592,2.8423,0.5596,0.4404,19,9853.857421875
2024-10-17,9853.857421875,9922.765515734263,9647.133140297205,9693.071869536714,66993300,9683.8841796875,9709.150341796874,0.023866317935080428,52.05476499688553,2.2443,0.5655,0.4345,42,9876.826171875
2024-10-18,9876.826171875,9991.672987827034,9853.856808684592,9991.672987827034,56299600,9752.7921875,9708.00185546875,0.002330939957484235,63.93438623242519,1.9466,0.5161,0.4839,15,9807.9189453125
2024-10-21,9807.9189453125,9968.704501793032,9807.9189453125,9968.704501793032,36472500,9784.9494140625,9695.36875,-0.006976656808916903,54.54544751199555,3.2218,0.5657,0.4343,26,9647.1328125
2024-10-22,9647.1328125,9739.010267857142,9624.163448660714,9624.163448660714,94799500,9761.9798828125,9681.587158203125,-0.016393501384852294,49.99999999492077,3.4484,0.5329,0.4671,20,9784.9501953125
2024-10-23,9784.9501953125,9784.9501953125,9624.164628722858,9624.164628722858,48903000,9794.137109375,9672.39951171875,0.014285838651866278,56.2500249062566,5.5509,0.6414,0.3586,44,9830.888671875
2024-10-24,9830.888671875,9968.704868209696,9830.888671875,9853.858037930782,85341200,9789.543359375,9672.39951171875,0.0046948094415959485,56.92308295549148,6.8804,0.7096,0.2904,36,9876.826171875
2024-10-25,9876.826171875,9876.826171875,9761.979355922966,9784.948719113372,34847500,9789.543359375,9676.993310546875,0.004672771865622094,64.99999645040599,6.255,0.6881,0.3119,27,9739.009765625
2024-10-28,9739.009765625,9945.734029517984,9739.009765625,9945.734029517984,39061500,9775.7615234375,9689.626416015624,-0.013953511366074478,56.4515819287592,5.9842,0.673,0.327,38,9647.1328125
2024-10-29,9647.1328125,9716.040904017857,9647.1328125,9670.102176339286,49680100,9775.7615234375,9687.329443359375,-0.009433911181534138,52.307697334254186,5.0419,0.5997,0.4003,19,9509.31640625
2024-10-30,9509.31640625,9555.25513285024,9440.408316349638,9440.408316349638,114484100,9720.634765625,9680.438623046875,-0.014285737423603062,45.58822609541846,5.6214,0.6748,0.3252,56,9417.4384765625
2024-10-31,9417.4384765625,9624.162735804117,9417.4384765625,9486.346562976372,97553400,9637.9447265625,9671.250830078125,-0.00966188585618133,46.26862924595047,6.9905,0.6556,0.3444,44,9578.224609375
2024-11-01,9578.224609375,9578.224609375,9440.408427945144,9440.408427945144,47710000,9578.2244140625,9668.953857421875,0.017073234214659783,47.82608427328923,5.5719,0.5611,0.4389,30,9532.2861328125
2024-11-04,9532.2861328125,9647.13295368976,9463.378040286145,9578.224861163404,49275700,9536.8796875,9672.399267578125,-0.004796136908037818,42.42421704353437,4.696,0.5836,0.4164,33,9647.1328125
2024-11-05,9647.1328125,9716.040904017857,9463.377901785714,9463.377901785714,50296500,9536.8796875,9676.993115234374,0.012048177959342654,50.76921063860294,3.5633,0.5835,0.4165,24,9601.1943359375
2024-11-06,9601.1943359375,9647.133064817584,9532.286242617374,9624.163700377543,50324900,9555.2552734375,9678.1416015625,-0.004761878731779912,40.350868028579114,3.1143,0.5526,0.4474,46,9348.53125
2024-11-07,9348.53125,9601.194256756757,9348.53125,9486.347435503683,131579100,9541.473828125,9663.2115234375,-0.02631579750362678,32.83583415210826,2.9132,0.5968,0.4032,39,9256.6533203125
2024-11-08,9256.6533203125,9394.469498778692,9233.683957234802,9371.500135700991,92166100,9477.1595703125,9649.4298828125,-0.009828060390502547,32.352926462208345,3.6606,0.6155,0.3845,41,9233.685546875
2024-11-11,9233.685546875,9233.685546875,9003.991876554726,9003.991876554726,128707600,9417.439453125,9628.75751953125,-0.002481217848690598,35.48390635730158,5.0258,0.6096,0.3904,106,9325.5615234375
2024-11-12,9325.5615234375,9394.46961351216,9187.745343288178,9279.62279672106,80378500,9353.1251953125,9606.936572265626,0.00995008722097901,33.333238849986145,10.6233,0.7151,0.2849,39,9325.5615234375
2024-11-13,9325.5615234375,9417.438976870382,9325.5615234375,9394.46961351216,62933100,9297.9986328125,9592.0064453125,0.0,31.034391758021712,6.5487,0.6811,0.3189,17,9279.623046875
2024-11-14,9279.623046875,9348.53113880724,9233.684318920174,9302.592410852412,56381400,9284.2169921875,9563.2947265625,-0.004926081549839645,27.58617908893109,6.6536,0.6436,0.3564,33,9348.53125
2024-11-15,9348.53125,9440.408707002456,9233.684428746928,9233.684428746928,63598200,9302.592578125,9536.87998046875,0.007425754556722675,34.54545032516788,10.4096,0.7256,0.2744,26,9187.74609375
2024-11-18,9187.74609375,9302.592919921875,9187.74609375,9256.654189453126,65716200,9293.4046875,9505.871337890625,-0.017198975106383685,32.75861057540476,6.9305,0.6583,0.3417,44,9118.837890625
2024-11-19,9118.837890625,9210.715350480164,9095.868525661208,9095.868525661208,85295300,9252.0599609375,9479.456591796876,-0.007500011691863651,34.54545032516788,5.8855,0.618,0.382,45,9256.6533203125
2024-11-20,9256.6533203125,9325.561409545597,9187.745231079403,9210.714594157103,58584400,9238.2783203125,9453.041748046875,0.015113266771546341,43.859646500943015,5.3849,0.6039,0.3961,39,9095.06640625
2024-11-21,9095.06640625,9233.569955583756,9095.06640625,9233.569955583756,93181200,9201.3669921875,9416.250634765625,-0.017456299644269757,31.55956203650534,4.74,0.6269,0.3731,40,9095.06640625
2024-11-22,9095.06640625,9187.402105805835,9095.06640625,9164.318180916878,58396100,9150.6740234375,9377.162646484376,0.0,32.7064523843013,6.2808,0.71,0.29,29,9395.1572265625
2024-11-25,9395.1572265625,9418.24115095209,9141.234058277028,9187.401907056204,165369400,9192.15625,9359.97001953125,0.032994901511250285,41.30732861236108,9.314,0.7641,0.2359,33,9233.5703125
2024-11-26,9233.5703125,9464.4095703125,9233.5703125,9464.4095703125,62310100,9215.102734375,9339.29189453125,-0.017198957948851845,38.25486017385615,7.5243,0.7392,0.2608,35,9233.5703125
2024-11-28,9233.5703125,9302.82208984375,9164.31853515625,9210.48638671875,57443500,9210.4861328125,9325.50458984375,0.0,45.620007763926836,6.3639,0.666,0.334,16,9233.5703125
2024-11-29,9233.5703125,9325.906015625,9187.4024609375,9233.5703125,76886000,9238.1869140625,9316.311181640625,0.0,49.054334643964275,7.3733,0.7219,0.2781,18,9002.73046875
2024-12-02,9002.73046875,9279.737560096157,9002.73046875,9233.56971153846,87879600,9219.7197265625,9287.536474609375,-0.02500006345730632,41.91523953928511,5.6825,0.6292,0.3708,41,9418.2421875
2024-12-03,9418.2421875,9441.326114430149,9141.235064338236,9256.65469898897,126087100,9224.33671875,9281.83427734375,0.04615396630970037,52.64503887219299,4.0079,0.648,0.352,30,9418.2421875
2024-12-04,9418.2421875,9464.410041360294,9279.738625919115,9395.158260569851,97876300,9261.27109375,9270.38974609375,0.0,52.64503887219299,7.4415,0.699,0.301,36,9464.4091796875
2024-12-05,9464.4091796875,9556.744879001524,9441.325254858994,9464.4091796875,96904400,9307.4388671875,9263.55048828125,0.004901869294545502,55.27297431971749,8.7161,0.7106,0.2894,36,9302.8212890625
2024-12-06,9302.8212890625,9395.156984239298,9279.7373652683,9325.9052128567,68247200,9321.2890625,9261.264990234375,-0.01707321477306789,48.76116701418125,5.7283,0.7082,0.2918,17,9556.7451171875
2024-12-09,9556.7451171875,9556.7451171875,9233.570161533817,9256.654086937651,64458400,9432.0919921875,9276.269580078126,0.027295356992780517,59.520007493693576,9.2819,0.6708,0.3292,30,9556.7451171875
2024-12-10,9556.7451171875,9556.7451171875,9487.493340975996,9533.661191783664,61230400,9459.792578125,9292.42255859375,0.0,61.714322432156756,7.301,0.6854,0.3146,20,9625.9970703125
2024-12-11,9625.9970703125,9625.9970703125,9441.3256636878,9441.3256636878,37934300,9501.3435546875,9307.4443359375,0.007246395323492694,60.25643250279952,9.8966,0.7404,0.2596,44,9395.1572265625
2024-12-12,9395.1572265625,9579.828621679208,9395.1572265625,9510.576848510444,44780100,9487.4931640625,9310.92412109375,-0.02398087616938216,58.024677813039595,6.6348,0.6995,0.3005,41,9279.7373046875
2024-12-13,9279.7373046875,9441.324770192008,9256.653381044,9348.989075618005,75126400,9482.8763671875,9310.929833984375,-0.012285044208592777,54.65114505496687,10.8004,0.6689,0.3311,47,9325.90625
2024-12-16,9325.90625,9348.990176361389,9233.570544554455,9233.570544554455,57746100,9436.70859375,9309.798583984375,0.004975242703171956,48.000027071182444,17.5316,0.704,0.296,69,9141.234375
2024-12-17,9141.234375,9279.737926136364,9141.234375,9187.402225378788,99845900,9353.6064453125,9307.472998046875,-0.01980202996357594,47.36842104885158,10.3092,0.6267,0.3733,71,9048.8984375
2024-12-18,9048.8984375,9256.653758769133,9048.8984375,9141.234135841836,84868500,9238.18671875,9303.976025390624,-0.010101035999309449,44.99999999658854,6.8298,0.5959,0.4041,69,8933.4794921875
2024-12-19,8933.4794921875,9025.815197533107,8818.059860505491,8956.563418523901,104254100,9145.851171875,9287.817333984374,-0.012755027157138388,42.3529622526493,5.864,0.6177,0.3823,147,8910.3955078125
2024-12-20,8910.3955078125,9002.731212556671,8887.311581626458,8910.3955078125,91576900,9071.9828125,9278.5837890625,-0.0025839858249170344,47.36844741610113,8.8464,0.6447,0.3553,67,9025.814453125
2024-12-23,9025.814453125,9095.066226422634,8956.562679827366,8956.562679827366,43292100,9011.964453125,9275.12119140625,0.01295329092982489,36.50791838444353,12.4762,0.6955,0.3045,67,9002.73046875
2024-12-24,9002.73046875,9141.234014423077,9002.73046875,9095.066165865384,32415700,8984.263671875,9255.499853515625,-0.0025575513982571962,35.93748140560936,10.6603,0.6811,0.3189,30,9048.8984375
2024-12-27,9048.8984375,9071.98236208546,8979.646663743622,9048.8984375,24016700,8984.263671875,9246.266259765625,0.005128218478855695,35.9375237517264,9.9333,0.6847,0.3153,22,8933.4794921875
2024-12-30,8933.4794921875,9071.98305020591,8933.4794921875,9048.899123869507,56350100,8984.263671875,9231.26171875,-0.012755027157138388,37.09682481483575,10.6399,0.6757,0.3243,51,9141.234375
2025-01-02,9141.234375,9141.234375,8910.39512310606,8910.39512310606,38124800,9030.4314453125,9226.644921875,0.02325576310934463,35.0000035218666,32.9581,0.713,0.287,50,9095.06640625
2025-01-03,9095.06640625,9164.318180916878,9071.98248136104,9095.06640625,41916000,9044.2818359375,9231.26171875,-0.0050505179996547245,33.87096883916465,25.9449,0.6377,0.3623,32,8933.4794921875
2025-01-06,8933.4794921875,9118.150902878717,8910.395565851099,9095.066976542312,41593900,9030.431640625,9207.023583984375,-0.0177664358724704,27.272733097338502,21.0668,0.6868,0.3132,53,8794.9755859375
2025-01-07,8794.9755859375,8979.646989316765,8794.9755859375,8933.479138471948,71318600,8979.6470703125,9175.86025390625,-0.01550391494950254,29.032269067107777,13.306,0.6212,0.3788,54,8933.4794921875
2025-01-08,8933.4794921875,9025.815197533107,8841.143786841893,8933.4794921875,55943100,8979.6470703125,9149.31376953125,0.015748071713974632,38.095273265693876,16.2594,0.6906,0.3094,50,9095.06640625
2025-01-09,9095.06640625,9118.15033113896,8979.646781805202,9002.730706694161,42733800,8970.4134765625,9138.926025390625,0.01808779145951034,42.647031372761184,9.4159,0.6862,0.3138,44,8979.6474609375
2025-01-10,8979.6474609375,9164.318874015906,8979.6474609375,9048.899240841904,72531300,8947.3296875,9110.071142578125,-0.012690280659543696,44.615392621627684,14.8788,0.6645,0.3355,42,8933.4794921875
2025-01-13,8933.4794921875,8979.647344860303,8887.311639514695,8887.311639514695,88270100,8947.3296875,9078.907861328125,-0.005141401035044679,46.03176094969999,10.316,0.6575,0.3425,123,8794.9755859375
2025-01-14,8794.9755859375,8979.646989316765,8794.9755859375,8864.227362204725,70942600,8947.3296875,9037.356787109375,-0.01550391494950254,45.312481404671786,6.7468,0.599,0.401,74,9048.8984375
2025-01-15,9048.8984375,9048.8984375,8818.059191645409,8841.143116230867,77098000,8970.4134765625,9020.04384765625,0.02887135377254535,54.05404168879624,6.7774,0.6328,0.3672,99,9002.73046875
2025-01-16,9002.73046875,9164.317938701925,9002.73046875,9095.066165865384,76979000,8951.9462890625,9006.193505859375,-0.005102054031093206,49.29577212602632,7.6394,0.659,0.341,54,9141.234375
2025-01-17,9141.234375,9141.234375,8910.39512310606,9002.730823863636,71033100,8984.263671875,8996.959912109374,0.015384655436566863,53.94738160040908,13.0758,0.7319,0.2681,41,8887.310546875
2025-01-20,8887.310546875,9118.149781858769,8887.310546875,9095.065858360387,112111200,8975.0298828125,8984.263720703126,-0.027777848998100985,45.88234064167176,12.0096,0.7454,0.2546,112,8841.1435546875
2025-01-21,8841.1435546875,8933.479257608518,8818.059628957246,8864.227480417754,124547900,8984.2634765625,8973.8759765625,-0.0051947090116856165,47.560968056287,7.2905,0.6737,0.3263,103,8864.2265625
2025-01-22,8864.2265625,8933.478332519531,8841.142639160156,8910.394409179688,90154800,8947.3291015625,8970.413330078125,0.00261086223402196,41.89186407661212,6.7961,0.7029,0.2971,56,8864.2265625
2025-01-23,8864.2265625,9002.730102539062,8864.2265625,8864.2265625,120515400,8919.6283203125,8968.1048828125,0.0,43.05553106991918,7.6361,0.7102,0.2898,92,8633.3876953125
2025-01-24,8633.3876953125,8910.394787140709,8633.3876953125,8887.31086282169,152057000,8818.058984375,8948.483544921875,-0.02604162535331178,41.333303998588974,6.323,0.6833,0.3167,163,8448.716796875
2025-01-30,8448.716796875,8564.136425247609,8448.716796875,8448.716796875,154645800,8730.340234375,8920.782861328125,-0.02139031686689652,40.259730267212404,16.9343,0.7169,0.2831,124,8725.724609375
2025-01-31,8725.724609375,8771.892464451059,8517.969261532739,8541.053189070768,112982800,8707.2564453125,8904.624169921875,0.032786968620188484,44.578319390691625,12.5207,0.6434,0.3566,93,8633.3876953125
2025-02-03,8633.3876953125,8679.555543950535,8517.968073717413,8679.555543950535,90439900,8661.088671875,8889.619580078124,-0.010582148554550086,37.49999338702034,14.3767,0.6681,0.3319,140,8471.80078125
2025-02-04,8471.80078125,8679.556113760218,8471.80078125,8633.388262091281,94607700,8582.603515625,8856.147900390624,-0.01871651311920508,36.58535704268051,11.0675,0.6507,0.3493,60,8425.6328125
2025-02-05,8425.6328125,8471.800663527398,8402.548886986302,8402.548886986302,98229900,8541.0525390625,8822.676220703124,-0.005449605100745547,36.58535704268051,11.1635,0.6795,0.3205,96,8264.0458984375
2025-02-06,8264.0458984375,8402.549460981145,8171.71019007507,8379.465533890538,171477800,8504.118359375,8789.204541015624,-0.019178015189882824,36.144586907919226,7.4936,0.6391,0.3609,324,8633.3876953125
2025-02-07,8633.3876953125,8633.3876953125,8148.625284613135,8264.044906208223,131162200,8485.6509765625,8781.125146484375,0.04469261199829888,39.7727168904251,7.7986,0.6657,0.3343,156,8448.716796875
2025-02-10,8448.716796875,8541.052499573087,8333.297168502391,8333.297168502391,76209100,8448.716796875,8756.88701171875,-0.02139031686689652,37.2340415932311,9.9916,0.6406,0.3594,130,8379.46484375
2025-02-11,8379.46484375,8402.548768939394,8310.213068181818,8333.296993371212,71188300,8430.249609375,8721.10693359375,-0.008196742155047176,31.8681109204488,7.5605,0.6385,0.3615,99,8448.716796875
2025-02-12,8448.716796875,8448.716796875,8264.045391478825,8264.045391478825,121172600,8434.86640625,8694.560400390625,0.008264483999435024,38.55422116331075,7.7959,0.6566,0.3434,83,8310.2138671875
2025-02-13,8310.2138671875,8448.717431640625,8310.2138671875,8402.549576822916,90439700,8444.1,8663.397119140625,-0.01639336872301478,36.78160639822018,10.7617,0.6804,0.3196,71,8287.1298828125
2025-02-14,8287.1298828125,8379.465591813196,8264.045955562326,8310.213810062674,116274500,8374.8484375,8638.004833984374,-0.00277778463273326,35.63220793926561,8.1738,0.6787,0.3213,96,8610.3037109375
2025-02-17,8610.3037109375,8610.3037109375,8287.12877272537,8287.12877272537,89096400,8407.1658203125,8616.07509765625,0.038997075307732665,44.554455857582646,13.5425,0.6898,0.3102,117,8587.220703125
2025-02-18,8587.220703125,8841.143895959342,8541.052849882391,8610.304629746304,107318300,8448.7169921875,8595.299609375,-0.0026808587231572645,48.913061968452396,14.6328,0.7214,0.2786,85,8264.0458984375
2025-02-19,8264.0458984375,8541.05302352479,8264.0458984375,8517.969096434183,154438200,8411.7828125,8551.440185546875,-0.03763438903694327,45.918373070503385,11.5426,0.7232,0.2768,120,8310.2138671875
2025-02-20,8310.2138671875,8333.297794596354,8264.046012369792,8287.129939778646,119260800,8411.7828125,8522.5853515625,0.0055866060422933295,39.772707057137254,12.1184,0.6733,0.3267,77,8310.2138671875
2025-02-21,8310.2138671875,8310.2138671875,8240.962084960936,8264.046012369792,106054700,8416.399609375,8496.0388671875,0.0,41.66667505750287,10.3654,0.7116,0.2884,60,8240.9609375
2025-02-24,8240.9609375,8287.128785889356,8194.793089110644,8240.9609375,108530300,8342.5310546875,8464.8755859375,-0.008333471411721693,43.74997355609425,12.4474,0.7005,0.2995,103,8148.62548828125
2025-02-25,8148.62548828125,8310.212962553116,8148.62548828125,8217.877262969192,101592700,8254.81201171875,8429.095532226562,-0.011204451752535705,42.682907636626794,9.1825,0.6295,0.3705,111,8102.45703125
2025-02-26,8102.45703125,8217.876647079771,8056.28918491809,8125.540954415954,117843500,8222.49423828125,8402.548999023438,-0.005665796900059528,45.454500498859495,9.6773,0.6481,0.3519,93,7871.6181640625
2025-02-27,7871.6181640625,8125.541330645161,7848.534239827713,8125.541330645161,199991600,8134.77509765625,8373.694067382812,-0.02848998350712484,26.76053987992769,4.9737,0.5644,0.4356,258,7779.283203125
2025-02-28,7779.283203125,8010.122467312685,7779.283203125,7871.618908800075,293095000,8028.58896484375,8326.371997070313,-0.01173011177791261,28.35819010439502,4.3171,0.5725,0.4275,217,8125.54150390625
2025-03-03,8125.54150390625,8217.877202814276,7894.702256636186,7940.8701060901985,192944300,8005.505078125,8300.9796875,0.044510309207171694,43.037960106356785,5.7224,0.6056,0.3944,227,8171.70947265625
2025-03-04,8171.70947265625,8240.961247848252,8010.121997208245,8217.877322784252,125418500,8010.121875,8285.975122070313,0.00568183286342272,42.307674573044096,5.2791,0.5991,0.4009,81,8310.2138671875
2025-03-05,8310.2138671875,8471.80135904948,8148.626375325521,8148.626375325521,155207900,8051.6732421875,8280.204174804687,0.016949255843554667,49.99999999611229,8.8748,0.6542,0.3458,86,8287.1298828125
2025-03-06,8287.1298828125,8494.885228064066,8287.1298828125,8494.885228064066,96270100,8134.7755859375,8281.358374023437,-0.00277778463273326,49.99999999611229,12.1478,0.6882,0.3118,54,8240.9609375
2025-03-07,8240.9609375,8310.212710084033,8240.9609375,8310.212710084033,82295300,8227.1111328125,8261.737036132812,-0.005571162267922758,37.87879661597758,7.3839,0.6485,0.3515,46,8240.9609375
2025-03-10,8240.9609375,8287.128785889356,8056.289543942577,8079.373468137255,97652100,8250.19501953125,8251.349243164062,0.0,38.46152343848759,11.5326,0.6732,0.3268,96,8240.9609375
2025-03-11,8240.9609375,8356.38055847339,8194.793089110644,8264.044861694678,109295600,8264.0453125,8244.424047851562,0.0,49.01956554877416,9.0653,0.6312,0.3688,56,8425.6328125
2025-03-12,8425.6328125,8425.6328125,8287.129259417808,8333.297110445206,87968900,8287.1291015625,8243.269848632812,0.022409022006118384,54.385931052241396,5.9315,0.6634,0.3366,138,8287.1298828125
2025-03-13,8287.1298828125,8471.801300813893,8287.1298828125,8448.717373563719,83030700,8287.1291015625,8242.115649414063,-0.01643828217650567,49.20634813573117,6.9197,0.6773,0.3227,68,8079.375
2025-03-14,8079.375,8240.9625,8079.375,8125.542857142857,111397800,8254.8119140625,8231.727905273438,-0.025069582080930464,44.92758509934236,7.3537,0.6601,0.3399,70,7940.87060546875
2025-03-17,7940.87060546875,8102.458088719568,7894.702753111374,8079.374162540879,151365700,8194.79384765625,8198.25625,-0.017142959019880832,43.6619902899911,8.6241,0.6607,0.3393,186,7663.86328125
2025-03-18,7663.86328125,7894.702536709337,7456.107951336596,7848.534685617469,417305700,8079.37431640625,8152.08837890625,-0.03488374738507638,38.27163266149401,4.8255,0.5887,0.4113,387,7686.947265625
2025-03-19,7686.947265625,7756.199042792793,7594.61156273461,7663.863339902403,214108200,7931.63720703125,8123.233447265625,0.0030120558689343824,44.44446402627391,4.3444,0.5973,0.4027,170,7733.11474609375
2025-03-20,7733.11474609375,7825.450444554571,7710.030821478545,7802.366519939365,152917300,7820.8341796875,8094.378491210938,0.00600595774543744,48.571411299943826,5.963,0.6465,0.3535,138,7518.966796875
2025-03-21,7518.966796875,7875.879777739319,7518.966796875,7875.879777739319,377916400,7708.7525390625,8054.816137695312,-0.027692327897620217,29.559625277712485,4.013,0.6062,0.3938,463,7566.5556640625
2025-03-24,7566.5556640625,7709.320865271226,7257.231061443593,7447.584663055228,331836800,7633.88955078125,8021.095874023437,0.006329176397916525,29.6270165338847,5.1644,0.602,0.398,470,7661.732421875
2025-03-25,7661.732421875,7756.909222146739,7614.14402173913,7685.526621942934,136341700,7633.46337890625,7996.751220703125,0.012578610670181734,27.512319972620972,7.2647,0.6237,0.3763,141,8113.82177734375
2025-03-26,8113.82177734375,8232.792771146444,7875.879789738362,7899.6739884989,283104600,7718.83828125,7997.3194580078125,0.05900615299197742,45.368235305154,11.0484,0.6974,0.3026,201,8090.02734375
2025-03-27,8090.02734375,8161.409937959558,7971.056353400735,8018.644749540441,122943900,7790.22080078125,8008.239916992187,-0.002932580262015483,45.917381897080965,11.7299,0.753,0.247,94,7399.99560546875
2025-04-08,7399.99560546875,7614.143388263666,6924.111643702271,7043.082634143892,533073600,7766.4265625,7989.275537109375,-0.08529411693698885,33.43592568464349,5.7616,0.6041,0.3959,379,7542.76123046875
2025-04-09,7542.76123046875,7566.555429933951,7304.819235816739,7328.61343528194,136753900,7761.66767578125,7960.1365234375,0.019292663484082873,36.98014141144166,6.3448,0.6456,0.3544,131,7828.29150390625
2025-04-10,7828.29150390625,8232.792888606573,7780.703105706212,8090.02769400646,144148600,7794.9794921875,7942.965625,0.037854873661399946,39.26473827142099,6.1563,0.6669,0.3331,186,7875.8798828125
2025-04-11,7875.8798828125,7923.46828089596,7661.732091436934,7804.497285687311,82603000,7747.39111328125,7921.24892578125,0.0060790248910000955,42.35944569474118,7.3365,0.6886,0.3114,107,7994.85107421875
2025-04-14,7994.85107421875,7994.85107421875,7852.085876464844,7852.085876464844,83319300,7728.355859375,7906.634985351562,0.015105765092466639,48.376068726262936,14.9797,0.7412,0.2588,131,8161.41064453125
2025-04-15,8161.41064453125,8185.204844661078,8042.439643882106,8161.41064453125,83431800,7880.6388671875,7902.657470703125,0.02083335496387284,54.19197478211823,11.547,0.7264,0.2736,52,8066.2333984375
2025-04-16,8066.2333984375,8137.615994883849,8018.6450008066,8090.02759725295,76874900,7985.33330078125,7893.92109375,-0.011661862175447069,58.21608563936465,14.7504,0.7848,0.2152,51,8090.02734375
2025-04-17,8090.02734375,8090.027343749999,7947.262155330882,8042.438947610293,83540600,8037.68046875,7886.3744140625,0.002949821079701209,58.228196831971545,18.1493,0.7647,0.2353,47,7899.673828125
2025-04-21,7899.673828125,8090.02741434488,7899.673828125,8090.02741434488,40683800,8042.4392578125,7860.07646484375,-0.023529403243866542,53.21100174442593,16.94,0.6558,0.3442,98,8090.02734375
2025-04-22,8090.02734375,8090.027343749999,7923.467957261029,7923.467957261029,56537100,8061.47451171875,7850.221337890625,0.024096376605738934,61.111102662920366,15.5678,0.7098,0.2902,72,8304.17578125
2025-04-23,8304.17578125,8304.17578125,8137.616381626074,8137.616381626074,92329600,8090.0275390625,7861.461376953125,0.026470669183268125,63.47825450441568,12.3521,0.7269,0.2731,125,8066.2333984375
2025-04-24,8066.2333984375,8423.146380669248,8066.2333984375,8423.146380669248,143675300,8090.0275390625,7867.729516601563,-0.028653341292431467,57.02478259323998,9.7716,0.6851,0.3149,157,8185.20458984375
2025-04-25,8185.20458984375,8232.792988621912,8161.41039045467,8232.792988621912,58297000,8109.06298828125,7893.79658203125,0.014749287000459965,51.40187220310463,11.4791,0.7195,0.2805,65,8351.763671875
2025-04-28,8351.763671875,8351.763671875,8232.792679398148,8327.96947337963,73235400,8199.48095703125,7927.03740234375,0.020348798884992636,54.867256312892074,13.9995,0.7097,0.2903,100,8304.17578125
2025-04-29,8304.17578125,8399.3525810351,8280.381581303725,8375.558381088826,60315700,8242.31064453125,7955.5904541015625,-0.005697945068208088,72.09302602549079,18.0345,0.7438,0.2562,72,8399.3525390625
2025-04-30,8399.3525390625,8494.52933837199,8256.587340098265,8375.558339235127,164597500,8261.34599609375,7999.6097412109375,0.011461312997179007,71.42856793359987,11.7588,0.6774,0.3226,72,8542.1171875
2025-05-02,8542.1171875,8565.911385793872,8423.14619603064,8565.911385793872,92219000,8356.52275390625,8048.3878173828125,0.01699710159486112,69.2307591067017,13.2672,0.7319,0.2681,64,8542.1171875
2025-05-05,8542.1171875,8613.499782381616,8542.1171875,8565.911385793872,86385600,8427.9052734375,8092.407055664063,0.0,68.42104267842006,14.4599,0.7494,0.2506,103,8589.7060546875
2025-05-06,8589.7060546875,8613.500254284972,8542.117655492555,8613.500254284972,48860500,8475.49375,8116.20126953125,0.005571085732368308,67.12328265975805,15.8616,0.7497,0.2503,56,8637.294921875
2025-05-07,8637.294921875,8661.089122761708,8565.912319214876,8637.294921875,77382000,8542.117578125,8143.5646484375,0.005540220687939579,64.70588412251632,11.5026,0.694,0.306,47,8542.1171875
2025-05-08,8542.1171875,8756.264972144847,8494.528790912256,8637.293980675488,99614500,8570.6705078125,8200.670727539062,-0.011019391515039167,64.70586459560873,12.2631,0.6995,0.3005,61,8565.912109375
2025-05-09,8565.912109375,8613.500509982638,8542.11790907118,8613.500509982638,47167500,8575.4294921875,8251.828271484375,0.002785600027803481,64.70588589768701,7.5204,0.6275,0.3725,27,8827.6484375
2025-05-14,8827.6484375,8851.44263814016,8708.677434299192,8803.85423685984,149002900,8632.5357421875,8301.796118164062,0.030555570122946074,77.46477325686884,17.3552,0.7323,0.2677,82,8827.6484375
2025-05-15,8827.6484375,8946.619440700808,8803.85423685984,8827.6484375,101401300,8680.12421875,8349.384545898438,0.0,74.60316322151127,12.7337,0.7071,0.2929,88,8851.44140625
2025-05-16,8851.44140625,8875.235603578629,8780.058814264114,8851.44140625,63007500,8722.953515625,8392.2140625,0.0026952782406837184,70.90904341487101,12.2928,0.7403,0.2597,53,9041.794921875
2025-05-19,9041.794921875,9041.794921875,8803.85295024671,8827.64714740954,111597200,8822.8890625,8436.233276367188,0.021505369226145543,88.67921312918169,17.2323,0.7517,0.2483,114,9018.001953125
2025-05-20,9018.001953125,9208.35555635719,9018.001953125,9041.796153529023,160614800,8913.30703125,8483.821704101563,-0.002631443087968921,85.71433954929259,12.798,0.7217,0.2783,107,9232.1494140625
2025-05-21,9232.1494140625,9255.943613583278,9089.384216937822,9232.1494140625,169739200,8994.2072265625,8540.927807617187,0.023746663845342297,86.27456186581466,12.2394,0.6813,0.3187,117,9184.5615234375
2025-05-22,9184.5615234375,9327.326728465026,9184.5615234375,9327.326728465026,103113000,9065.58984375,8605.172192382812,-0.0051545841050312236,86.27456186581466,10.5368,0.6769,0.3231,58,9208.35546875
2025-05-23,9208.35546875,9232.149668927648,9160.767068394702,9208.35546875,48521800,9136.97265625,8661.088598632812,0.0025906457539406347,85.41671831508071,9.6773,0.6829,0.3171,45,9160.7666015625
2025-05-26,9160.7666015625,9184.560800527595,9041.795606737012,9136.972402597405,56625300,9160.7669921875,8703.918139648438,-0.005168009352918723,79.54547785416858,17.5298,0.7392,0.2608,88,8994.2080078125
2025-05-27,8994.2080078125,9136.973214285714,8994.2080078125,9089.384812127975,93212000,9156.008203125,8750.316870117187,-0.01818173096142317,68.62751251192961,11.4547,0.7068,0.2932,43,8946.619140625
2025-05-28,8946.619140625,9089.384339677526,8946.619140625,8994.207540309175,236950800,9098.9021484375,8788.38759765625,-0.005291056994252696,64.70590128069304,14.3399,0.7201,0.2799,45,8661.087890625
2025-06-02,8661.087890625,8732.470483130151,8589.705298119849,8589.705298119849,264428700,8994.207421875,8803.85380859375,-0.03191498883678345,50.81963021282294,19.1617,0.6673,0.3327,142,8613.5009765625
2025-06-03,8613.5009765625,8684.883581340642,8518.324170191643,8613.5009765625,128318100,8875.2365234375,8819.320068359375,-0.00549433450663972,52.54242121646632,16.5535,0.7087,0.2913,64,8542.1171875
2025-06-04,8542.1171875,8684.882377263231,8518.322989206128,8661.08817896936,93357200,8751.506640625,8826.45830078125,-0.008287430309317556,49.18030139243769,12.7429,0.7189,0.2811,48,8494.529296875
2025-06-05,8494.529296875,8613.500295430673,8470.735097163866,8565.911896008403,95529000,8651.5708984375,8824.07890625,-0.005570971409129988,36.53840992806719,11.0124,0.7011,0.2989,60,8661.087890625
2025-06-10,8661.087890625,8661.087890625,8518.322705614697,8542.116903116415,80406400,8594.4646484375,8830.02744140625,0.01960774846126845,44.0677376540872,16.9376,0.7487,0.2513,44,8613.5009765625
2025-06-11,8613.5009765625,8684.883581340642,8613.5009765625,8661.089379747928,56632600,8584.947265625,8831.2171875,-0.00549433450663972,41.666695164087734,16.674,0.7354,0.2646,36,8684.8828125
2025-06-12,8684.8828125,8684.8828125,8565.911815068494,8565.911815068494,41337300,8599.2236328125,8833.59658203125,0.008287203557732381,36.36361600824046,13.7133,0.6427,0.3573,20,8589.7060546875
2025-06-13,8589.7060546875,8684.88285307739,8542.117655492555,8661.088653479917,83318000,8608.74140625,8835.976025390624,-0.010958899488604956,34.48270249533256,10.5454,0.6282,0.3718,44,8494.529296875
2025-06-16,8494.529296875,8565.911896008403,8470.735097163866,8494.529296875,57825000,8608.74140625,8832.406884765625,-0.011080327686016744,20.75463369640775,23.6813,0.6837,0.3163,69,8637.294921875
2025-06-17,8637.294921875,8661.089122761708,8542.118118328168,8542.118118328168,54927900,8603.9828125,8822.889208984376,0.016806772925313407,29.82451971406195,18.079,0.6967,0.3033,31,8470.734375
2025-06-18,8470.734375,8589.70536341292,8470.734375,8518.322770365168,86270200,8575.4294921875,8805.043505859376,-0.01928387861958558,25.396772657089613,18.2237,0.761,0.239,63,8351.763671875
2025-06-19,8351.763671875,8494.528862847223,8327.96947337963,8470.734664351852,78879500,8508.8056640625,8780.059619140626,-0.014044910140981748,24.242384667994074,9.6361,0.6396,0.3604,83,8280.380859375
2025-06-20,8280.380859375,8446.940244477371,8208.9982657597,8280.380859375,445915100,8446.940625,8741.988916015625,-0.008547034531207531,25.806393955098912,6.1877,0.6398,0.3602,75,8208.9990234375
2025-06-23,8208.9990234375,8280.381623641304,8090.028023097826,8161.41062330163,87324500,8389.8345703125,8701.53876953125,-0.00862059815240046,25.39678920212137,7.6331,0.6532,0.3468,123,8351.763671875
2025-06-24,8351.763671875,8423.146267361111,8280.381076388889,8304.17527488426,110158900,8332.7283203125,8657.519482421874,0.017391237108189683,38.59647353894743,9.4322,0.6744,0.3256,69,8185.20458984375
2025-06-25,8185.20458984375,8351.763985567315,8066.233592898347,8304.175586789153,117561000,8275.62236328125,8607.551635742188,-0.019942983132071435,35.483818647426105,8.9197,0.6733,0.3267,61,8232.79296875
2025-06-26,8232.79296875,8232.79296875,8113.821972091762,8113.821972091762,117281700,8251.82822265625,8558.773510742187,0.005813951060587685,39.34424740096201,8.5043,0.6804,0.3196,64,8256.5869140625
2025-06-30,8256.5869140625,8399.352105660122,8137.615921064482,8161.410119664085,185441800,8247.06943359375,8513.564526367187,0.002890142555851627,41.66663246079563,12.9561,0.7298,0.2702,89,8280.380859375
2025-07-01,8280.380859375,8351.763452990303,8185.204067887931,8327.969255118534,82364500,8261.34580078125,8477.873168945312,0.0028818137034292146,35.185157031738385,9.0057,0.6871,0.3129,45,8256.5869140625
2025-07-02,8256.5869140625,8256.5869140625,8161.410119664085,8161.410119664085,68545100,8242.31044921875,8443.371557617187,-0.00287353271746682,35.848994503348564,6.251,0.6645,0.3355,67,8185.20458984375
2025-07-03,8185.20458984375,8327.969786178235,8185.20458984375,8280.381387400073,50370800,8242.31044921875,8419.577392578125,-0.00864550024867694,30.1886580560938,7.6802,0.6447,0.3553,40,8232.79296875
2025-07-04,8232.79296875,8280.381367413294,8137.61617142341,8232.79296875,43593300,8242.31044921875,8400.5419921875,0.005813951060587685,35.294098707770104,8.3415,0.6102,0.3898,33,8208.9990234375
2025-07-07,8208.9990234375,8232.793223505434,8137.616423233695,8208.9990234375,49936900,8232.79287109375,8383.886083984375,-0.002890142555851627,37.49998930735825,11.0526,0.6301,0.3699,80,8090.02734375
2025-07-08,8090.02734375,8185.2041360294115,8018.644749540441,8137.615739889706,215611000,8194.72216796875,8363.660986328125,-0.01449283637966381,25.531844288373705,6.995,0.5594,0.4406,88,8090.02734375
2025-07-09,8090.02734375,8137.615739889706,8042.438947610293,8090.027343749999,94459300,8161.41025390625,8335.107958984376,0.0,29.999958953445088,6.676,0.6223,0.3777,54,8185.20458984375
2025-07-10,8185.20458984375,8232.792988621912,8090.0277922874275,8113.821991676508,111769400,8161.41025390625,8313.693139648438,0.011764761977878901,41.02564236863348,6.1033,0.6293,0.3707,55,8208.9990234375
2025-07-11,8208.9990234375,8256.58742357337,8161.41062330163,8161.41062330163,135986500,8156.65146484375,8289.898950195313,0.0029070053573583277,45.945981914196665,4.7947,0.6208,0.3792,49,8113.82177734375
2025-07-14,8113.82177734375,8256.586969906983,8042.439181062134,8232.792771146444,125196000,8137.616015625,8266.104736328125,-0.011594257207487746,44.73681509698242,8.9879,0.6311,0.3689,106,8137.6162109375
2025-07-15,8137.6162109375,8185.204609831871,8066.233612595944,8185.204609831871,77219300,8147.1337890625,8248.25908203125,0.002932580262015483,36.36366462300654,10.2003,0.6835,0.3165,53,8113.82177734375
2025-07-16,8113.82177734375,8185.204373625366,8090.027578583211,8137.615976104289,97475300,8151.89267578125,8222.085424804687,-0.0029240053815475786,44.44443598990738,7.2228,0.6246,0.3754,99,8113.82177734375
2025-07-17,8113.82177734375,8137.615976104289,8090.027578583211,8090.027578583211,86016400,8137.61611328125,8204.239794921876,0.0,39.999999990585955,18.2624,0.7091,0.2909,63,8018.6455078125
2025-07-18,8018.6455078125,8161.410709732011,8018.6455078125,8137.6165094120925,80432200,8099.54541015625,8187.58388671875,-0.011730140511221343,32.14291995548702,11.4619,0.6612,0.3388,75,8042.43994140625
2025-07-21,8042.43994140625,8090.028343426405,7971.057338376017,8042.43994140625,95383500,8085.26904296875,8175.686840820313,0.00296738814187103,32.14296968741702,7.893,0.6116,0.3884,121,7994.85107421875
2025-07-22,7994.85107421875,8066.233673095703,7994.85107421875,8042.439473470052,77981700,8056.716015625,8164.979443359375,-0.00591721760239583,31.03456083446855,6.1464,0.5887,0.4113,76,8018.6455078125
2025-07-23,8018.6455078125,8090.028108772256,7994.851307492582,8042.439708132419,70969500,8037.68076171875,8148.32353515625,0.002976219741038122,37.03711021751494,4.5417,0.6219,0.3781,58,8090.02734375
2025-07-24,8090.02734375,8137.615739889706,8042.438947610293,8066.233145680147,138256800,8032.921875,8143.564672851562,0.008901981745913723,39.28570904251798,10.0007,0.6879,0.3121,65,8042.43994140625
2025-07-25,8042.43994140625,8113.822544436482,8042.43994140625,8090.028343426405,58682800,8037.68076171875,8134.047021484375,-0.005882230099075514,37.93107351619029,7.3026,0.6125,0.3875,54,8090.02734375
2025-07-28,8090.02734375,8208.998334099264,8066.233145680147,8208.998334099264,99484300,8047.1982421875,8125.71904296875,0.005917035463174347,49.999999988685005,8.7737,0.6646,0.3354,113,7994.85107421875
2025-07-29,7994.85107421875,8090.027872721354,7971.056874593099,8090.027872721354,104240300,8047.1982421875,8111.442553710937,-0.011764641265987641,43.3333584061264,8.0694,0.6599,0.3401,87,7971.05712890625
2025-07-30,7971.05712890625,8066.233930445429,7923.46872813666,8066.233930445429,98098100,8037.68056640625,8097.166064453125,-0.002976158666573414,33.333307991398385,6.225,0.6071,0.3929,184,7875.8798828125
2025-07-31,7875.8798828125,7971.056678979418,7852.085683770771,7947.262479937689,206006300,7994.85107421875,8081.6998291015625,-0.011940354278555998,26.66658457715249,3.9432,0.6051,0.3949,257,7899.673828125
2025-08-01,7899.673828125,8018.644819512425,7899.673828125,7994.85062123494,86196100,7966.2978515625,8065.043872070312,0.0030211158202686494,33.3332573219986,5.4989,0.6662,0.3338,110,7875.8798828125
2025-08-04,7875.8798828125,7947.262479937689,7875.8798828125,7923.46828089596,49054500,7923.468359375,8048.387915039062,-0.0030120161705647908,29.629525469366996,8.5882,0.6502,0.3498,123,8018.6455078125
2025-08-05,8018.6455078125,8042.439708132419,7923.468706532827,7947.262906852745,69475900,7928.22724609375,8044.818823242187,0.018126942909776567,43.75001201603466,8.0363,0.6669,0.3331,79,7899.673828125
2025-08-06,7899.673828125,8018.644819512425,7899.673828125,8018.644819512425,56325400,7913.9505859375,8035.3011474609375,-0.014836879816121917,37.83780035726135,6.1857,0.6558,0.3442,76,7899.673828125
2025-08-07,7899.673828125,7947.26222467997,7899.673828125,7923.468026402485,43621300,7918.709375,8021.024609375,0.0,42.42418400043538,8.1761,0.6476,0.3524,61,7899.673828125
2025-08-08,7899.673828125,7994.85062123494,7899.673828125,7923.468026402485,68378700,7918.709375,8005.558349609375,0.0,40.62491782809631,8.6362,0.6809,0.3191,49,8137.6162109375
2025-08-11,8137.6162109375,8137.6162109375,8018.645213701572,8090.027812043129,128561300,7971.056640625,8006.748071289063,0.03012053256747893,57.500011534638574,8.1518,0.6909,0.3091,117,8423.1474609375
2025-08-12,8423.1474609375,8446.941662804555,8161.411240399894,8208.999644134004,171015700,8051.95703125,8021.024633789062,0.035087824566637504,66.66670689631133,7.1506,0.7006,0.2994,221,8494.529296875
2025-08-13,8494.529296875,8542.11769629727,8304.175699185924,8542.11769629727,129083900,8170.928125,8040.060009765625,0.008474484896356715,66.66670689631133,7.5829,0.7046,0.2954,151,8351.763671875
2025-08-14,8351.763671875,8518.323061342593,8327.96947337963,8494.528862847223,122930900,8261.34609375,8051.957104492188,-0.016806772925313407,61.81814721415081,9.5502,0.6856,0.3144,105,8280.380859375
2025-08-15,8280.380859375,8423.146046605603,8280.380859375,8399.351848733837,68754200,8337.4875,8065.043872070312,-0.008547034531207531,57.14284666695591,7.2166,0.6823,0.3177,109,8090.02734375
2025-08-19,8090.02734375,8185.2041360294115,8042.438947610293,8185.2041360294115,128591700,8327.9697265625,8067.4232421875,-0.02298849761354671,53.33331052699906,4.2802,0.6216,0.3784,141,8113.82177734375
2025-08-20,8113.82177734375,8185.204373625366,7947.262386019978,7971.056584780517,202260200,8266.10458984375,8073.37177734375,0.002941205583456119,54.99997263329079,3.617,0.614,0.386,216,8137.6162109375
2025-08-21,8137.6162109375,8161.410410384686,8090.027812043129,8137.6162109375,69470200,8194.72197265625,8079.3203125,0.002932580262015483,59.64911269511047,2.4433,0.6043,0.3957,74,8042.43994140625
2025-08-22,8042.43994140625,8161.410946456638,8042.43994140625,8161.410946456638,66394100,8132.8572265625,8076.940942382813,-0.011695841517240235,55.00002564584882,3.5727,0.6236,0.3764,70,8066.2333984375
2025-08-25,8066.2333984375,8137.615994883849,8066.2333984375,8113.8217960684,64052700,8090.027734375,8078.130615234375,0.0029584873750501117,56.666657540664936,6.2991,0.6187,0.3813,101,7852.08544921875
2025-08-26,7852.08544921875,8066.233234197443,7852.08544921875,8042.439035866478,326794200,8042.43935546875,8066.2335205078125,-0.026548692387234007,44.444426344168825,5.6514,0.5978,0.4022,156,7899.673828125
2025-08-27,7899.673828125,7947.26222467997,7804.497035015061,7852.08543157003,111915700,7999.609765625,8061.474658203125,0.006060603799336484,49.99999999509684,3.9221,0.6107,0.3893,93,7923.46826171875
2025-08-28,7923.46826171875,7971.056659687031,7875.87986375047,7947.262460702891,81281400,7956.78017578125,8059.09521484375,0.0030120779808699982,50.819679847131574,4.4464,0.6298,0.3702,94,7685.5263671875
2025-08-29,7685.5263671875,7875.879961421247,7685.5263671875,7852.085762142028,236499300,7885.3974609375,8049.5775390625,-0.03003001800118721,43.661983632751664,4.1238,0.5916,0.4084,206,7614.1435546875
2025-09-01,7614.1435546875,7661.731951904297,7233.436376953125,7281.024774169921,421127500,7794.9794921875,8035.301025390625,-0.009287953627322265,32.812494986969796,3.7661,0.593,0.407,429,7614.1435546875
2025-09-02,7614.1435546875,7780.702944946289,7614.1435546875,7614.1435546875,155531500,7747.39111328125,8022.214208984375,0.0,17.307633110458212,5.4656,0.6442,0.3558,128,7590.349609375
2025-09-03,7590.349609375,7614.143808777429,7518.967011167711,7518.967011167711,212372700,7685.52626953125,8000.7994140625,-0.0031249667335010445,11.999995073542976,4.4598,0.6174,0.3826,171,7614.1435546875
2025-09-04,7614.1435546875,7614.1435546875,7542.760958862304,7590.349356079101,103534800,7623.661328125,7986.522900390625,0.0031347627628524055,15.555536299218517,6.7066,0.6385,0.3615,94,7328.61328125
2025-09-08,7328.61328125,7637.937867796266,7328.61328125,7637.937867796266,321191900,7552.2787109375,7957.969873046875,-0.03749998557115708,12.962948886765389,13.0124,0.647,0.353,412,7162.05419921875
2025-09-09,7162.05419921875,7352.407799197987,7114.465799223942,7257.230999208368,595368700,7461.86083984375,7921.088891601563,-0.022727230328469572,13.207535479606975,7.7094,0.6213,0.3787,601,7423.7900390625
2025-09-10,7423.7900390625,7423.7900390625,7185.84805063101,7185.84805063101,246849600,7423.79013671875,7885.3975830078125,0.03654480021560014,26.984100095883164,6.9679,0.6476,0.3524,276,7471.37890625
2025-09-11,7471.37890625,7590.349907941879,7471.37890625,7518.967306926751,235173400,7399.99599609375,7837.809155273438,0.006410319653047392,28.124985969358235,7.5487,0.6683,0.3317,209,7542.76123046875
2025-09-12,7542.76123046875,7590.349629399152,7471.378632073147,7590.349629399152,156084700,7385.71953125,7790.220751953125,0.00955410307982607,33.333300757142524,7.0577,0.7058,0.2942,187,7637.93798828125
2025-09-15,7637.93798828125,7709.32058630257,7590.34958960037,7614.14378894081,142567700,7447.58447265625,7754.529467773437,0.012618291220466649,36.36363636039461,8.708,0.7058,0.2942,221,7542.76123046875
2025-09-16,7542.76123046875,7685.526427259957,7518.967031003549,7661.732227794756,129312900,7523.72587890625,7717.648486328125,-0.012461054012028905,39.344268909195854,5.131,0.6687,0.3313,152,7471.37890625
2025-09-17,7471.37890625,7518.967306926751,7423.790505573248,7471.37890625,183725900,7533.24365234375,7686.716064453125,-0.009463686047810116,35.48388270898393,5.7189,0.6529,0.3471,248,7328.61328125
2025-09-18,7328.61328125,7518.966872970779,7281.024883319805,7471.378475040584,275378700,7504.69052734375,7647.455639648438,-0.019108336866782816,31.343273065108107,3.9753,0.6195,0.3805,302,7423.7900390625
2025-09-19,7423.7900390625,7447.584237905649,7281.024846003606,7281.024846003606,149025300,7480.8962890625,7611.764331054687,0.012987007795322913,40.98359662656067,5.1885,0.662,0.338,159,7352.40771484375
2025-09-22,7352.40771484375,7447.584513741404,7352.40771484375,7423.79031401699,92588800,7423.790234375,7577.262719726563,-0.009615347934565865,40.98361041387208,7.5586,0.6862,0.3138,152,7495.1728515625
2025-09-23,7495.1728515625,7518.96705109127,7376.201853918651,7376.201853918651,102606200,7414.27255859375,7548.709692382812,0.019417467346175776,46.26866265518158,8.4323,0.6988,0.3012,97,7399.99560546875
2025-09-24,7399.99560546875,7566.554992087018,7352.407209292102,7566.554992087018,150428400,7399.9958984375,7526.105200195312,-0.012698472467370547,44.285699624114095,7.9436,0.6724,0.3276,113,7328.61328125
2025-09-25,7328.61328125,7399.9958781452915,7328.61328125,7352.407480215097,147986600,7399.9958984375,7497.552172851562,-0.0096462657580495,41.6666666632617,6.6469,0.6453,0.3547,110,7257.23095703125
2025-09-26,7257.23095703125,7328.613556608607,7209.642557313013,7209.642557313013,121657700,7366.68408203125,7464.240307617188,-0.00974022253314677,47.61905537009247,4.4899,0.5982,0.4018,176,7399.99560546875
2025-09-29,7399.99560546875,7423.789803557074,7328.613011203778,7376.201407380427,116454700,7376.20166015625,7449.96376953125,0.019672055262232035,58.064502243529,5.6358,0.6275,0.3725,169,7257.23095703125
2025-09-30,7257.23095703125,7399.996156185964,7257.23095703125,7328.613556608607,170666700,7328.61328125,7432.118139648437,-0.019292531516099,43.859654802778245,5.3377,0.6436,0.3564,144,7138.259765625
2025-10-01,7138.259765625,7304.81916015625,7138.259765625,7233.4365625,202433400,7276.26611328125,7408.323950195312,-0.01639346909457018,38.33330824829952,3.6021,0.6051,0.3949,330,7138.259765625
2025-10-02,7138.259765625,7233.4365625,7138.259765625,7138.259765625,126952400,7238.19541015625,7385.719458007812,0.0,35.08770224112786,2.9362,0.5909,0.4091,189,7162.05419921875
2025-10-03,7162.05419921875,7185.848399216155,7138.259999221345,7162.05419921875,76787500,7219.16005859375,7363.114990234375,0.003333366166966112,31.481474440658715,3.228,0.5821,0.4179,157,7138.259765625
2025-10-06,7138.259765625,7185.8481640625005,7090.6713671875,7138.259765625,104032400,7166.812890625,7353.597314453125,-0.003322291752043127,33.33331991704782,4.917,0.5967,0.4033,247,7209.64208984375
2025-10-07,7209.64208984375,7233.436288160066,7138.259494894802,7185.847891527434,74282600,7157.2951171875,7355.976708984375,0.009999961694095116,39.21565392233637,4.3484,0.6355,0.3645,132,7019.28857421875
2025-10-08,7019.28857421875,7162.053765558792,7019.28857421875,7138.259567002118,168080800,7133.50087890625,7335.751635742187,-0.026402630429206986,37.7358322498535,4.2726,0.6095,0.3905,293,7185.8486328125
2025-10-09,7185.8486328125,7328.613837437914,6947.906625103477,7019.289227416184,293567400,7143.01865234375,7321.475122070313,0.023728908824964146,41.07144688946054,4.0088,0.6279,0.3721,602,7043.0830078125
2025-10-10,7043.0830078125,7090.671406513936,6995.494609111064,7090.671406513936,107426000,7119.2244140625,7296.4912109375,-0.019867608169213846,38.98304789599488,3.8196,0.6079,0.3921,296,6971.70068359375
2025-10-13,6971.70068359375,7019.289084164356,6947.906483308448,6947.906483308448,101847900,7085.91259765625,7263.179345703125,-0.010135096255371345,30.357150052015655,3.6541,0.5894,0.4106,261,6900.31787109375
2025-10-14,6900.31787109375,6995.494669315733,6900.31787109375,6924.112070649246,151862300,7024.04775390625,7231.057177734375,-0.01023893820742805,30.909103795023213,3.2528,0.5875,0.4125,222,6900.31787109375
2025-10-15,6900.31787109375,6995.494669315733,6876.523671538254,6900.31787109375,133206400,7000.25361328125,7202.504125976562,0.0,32.69231451882999,2.5864,0.5849,0.4151,182,6947.90625
2025-10-16,6947.90625,6971.700449486301,6876.523651541096,6900.317851027397,120611200,6952.66513671875,7183.468774414063,0.0068965487960495064,37.25489958958702,2.0372,0.5879,0.4121,110,7138.259765625
2025-10-17,7138.259765625,7162.05396484375,6924.11197265625,6947.906171875,157334400,6971.70048828125,7169.1922607421875,0.02739724872151239,39.62266122975028,2.7471,0.5835,0.4165,259,7495.1728515625
2025-10-20,7495.1728515625,7614.143849206349,7257.230856274801,7328.613454861111,393421800,7076.394921875,7176.330517578125,0.05000001368068041,58.06450544662197,6.0665,0.6497,0.3503,644,8066.2333984375
2025-10-21,8066.2333984375,8066.2333984375,7709.320416205752,7709.320416205752,529802600,7309.57802734375,7204.883544921875,0.07619044392764773,74.07405905560826,6.0898,0.6796,0.3204,754,7804.4970703125
2025-10-22,7804.4970703125,8280.381038014482,7804.4970703125,8280.381038014482,392957200,7490.4138671875,7225.108618164062,-0.03244839508062103,65.21737772294871,4.6586,0.6559,0.3441,541,7923.46826171875
2025-10-23,7923.46826171875,7947.262460702891,7756.908868829768,7804.497266798048,187003900,7685.52626953125,7254.8513671875,0.015243927998743745,66.66665241187836,4.4635,0.6456,0.3544,181,7875.8798828125
2025-10-24,7875.8798828125,7971.056678979418,7875.8798828125,7899.674081854229,133355100,7833.05029296875,7285.7838134765625,-0.006006003600237397,65.97937489630169,4.8142,0.672,0.328,116,7947.2626953125
2025-10-27,7947.2626953125,8018.645294372193,7804.497497193114,7923.468495625935,182275600,7923.46826171875,7313.14716796875,0.009063471454888283,65.9793820935962,8.863,0.6906,0.3094,172,7875.8798828125
2025-10-28,7875.8798828125,7994.850878021149,7852.085683770771,7947.262479937689,180270000,7885.39755859375,7344.079614257813,-0.008982062785228395,69.56520671903559,8.903,0.6733,0.3267,93,8185.20458984375
2025-10-29,8185.20458984375,8185.20458984375,7875.879997785702,7899.674197174782,239156800,7961.5390625,7396.42685546875,0.039274939642780504,71.42855347587619,6.7994,0.6666,0.3334,200,8113.82177734375
2025-10-30,8113.82177734375,8327.9695661886,8066.233379822673,8161.410174864828,259009800,7999.609765625,7445.2049560546875,-0.008720956417946124,73.68419801587144,7.973,0.7175,0.2825,177,8113.82177734375
2025-10-31,8113.82177734375,8232.792771146444,8113.82177734375,8137.615976104289,177088000,8047.19814453125,7492.7933349609375,0.0,76.08693324162472,9.6028,0.719,0.281,93,8232.79296875
2025-11-03,8232.79296875,8232.79296875,8113.821972091762,8232.79296875,115007100,8104.30419921875,7547.519995117187,0.014662780952183763,79.78721894174967,10.4662,0.7475,0.2525,125,8232.79296875
2025-11-04,8232.79296875,8280.381367413294,8208.998769418353,8232.79296875,155231500,8175.68681640625,7598.6775390625,0.0,79.78721894174967,9.6185,0.6654,0.3346,84,8280.380859375
2025-11-05,8280.380859375,8280.380859375,8185.204067887931,8208.9982657597,125731500,8194.7220703125,7661.732153320312,0.005780285111703254,79.78721452912421,8.7378,0.6898,0.3102,70,8137.6162109375
2025-11-06,8137.6162109375,8256.587208173429,8137.6162109375,8208.998809279057,89756900,8199.48095703125,7709.320532226562,-0.01724131424170694,72.82608792166666,13.5092,0.7249,0.2751,75,8256.5869140625
2025-11-07,8256.5869140625,8256.5869140625,8137.615921064482,8137.615921064482,75241900,8228.033984375,7769.9957275390625,0.014619846898787703,69.51219023391201,9.5267,0.6551,0.3449,123,8161.41064453125
2025-11-10,8161.41064453125,8256.587445050565,8161.41064453125,8256.587445050565,79897700,8213.75751953125,7829.481225585938,-0.011527313952106155,53.22582299577865,10.4924,0.7015,0.2985,115,7994.85107421875
2025-11-11,7994.85107421875,8185.204671223958,7994.85107421875,8161.410471598308,130897600,8166.169140625,7884.2078857421875,-0.020408184021975084,56.896569408908256,8.2655,0.6681,0.3319,115,8090.02734375
2025-11-12,8090.02734375,8137.615739889706,7994.850551470588,8018.644749540441,85415600,8128.0984375,7943.693359375,0.011904695740758475,56.14034518689931,8.8383,0.6559,0.3441,87,7971.05712890625
2025-11-13,7971.05712890625,8066.233930445429,7971.05712890625,7994.851329291045,104113800,8094.78662109375,7994.850903320313,-0.014705786493498185,53.33335384915327,10.6221,0.6873,0.3127,96,8018.6455078125
2025-11-14,8018.6455078125,8090.028108772256,7971.057107172664,7971.057107172664,89815300,8047.19833984375,8038.870190429688,0.005970146510890784,52.54238466643724,9.6087,0.645,0.355,73,8161.41064453125
2025-11-17,8161.41064453125,8161.41064453125,8066.233844011935,8090.0280441417635,129411100,8047.19833984375,8072.182080078125,0.017804146171526813,59.677448710727994,9.6785,0.6853,0.3147,113,7994.85107421875
2025-11-18,7994.85107421875,8161.410471598308,7994.85107421875,8137.616271972656,119377900,8047.19833984375,8068.612963867187,-0.020408184021975084,42.85713238271188,7.117,0.676,0.324,84,8066.2333984375
2025-11-19,8066.2333984375,8090.02759725295,7923.468205544801,7947.262404360251,114209700,8042.43955078125,8081.699780273438,0.00892853707418495,48.21428243736622,8.3483,0.6526,0.3474,89,8018.6455078125
2025-11-20,8018.6455078125,8185.204910051929,7994.851307492582,8066.233908452337,124087400,8051.9572265625,8086.458642578125,-0.005899642159402196,46.55173450354844,6.6305,0.6725,0.3275,104,7994.85107421875
2025-11-21,7994.85107421875,8018.645273844401,7947.262674967448,7971.056874593099,103917100,8047.19833984375,8092.407202148437,-0.00296738814187103,40.740719624083845,5.3786,0.6425,0.3575,80,8066.2333984375
2025-11-24,8066.2333984375,8066.2333984375,7947.262404360251,7994.850801991151,279590600,8028.162890625,8098.355737304688,0.00892853707418495,43.85962574863213,11.425,0.7155,0.2845,123,8090.02734375
2025-11-25,8090.02734375,8090.027343749999,7971.056353400735,8066.233145680147,98807700,8047.19814453125,8109.0631103515625,0.002949821079701209,42.85712714773634,12.0583,0.6973,0.3027,81,8018.6455078125
2025-11-26,8018.6455078125,8042.439708132419,7971.057107172664,7994.851307492582,77094400,8037.68056640625,8100.73515625,-0.008823435682531633,45.28301667125479,10.716,0.6648,0.3352,68,7923.46826171875
2025-11-27,7923.46826171875,8042.439256639453,7923.46826171875,8018.645057655312,71051300,8018.6451171875,8091.21748046875,-0.011869491674250887,36.538434972292094,8.3554,0.6387,0.3613,80,7875.8798828125
2025-11-28,7875.8798828125,7947.262479937689,7875.8798828125,7923.46828089596,67559300,7994.85087890625,8079.320385742188,-0.006006003600237397,37.999959774245596,6.3981,0.594,0.406,71,7994.85107421875
2025-12-01,7994.85107421875,8042.439473470052,7947.262674967448,8042.439473470052,76359200,7980.5744140625,8067.423291015625,0.015105765092466639,49.99999999387104,8.1248,0.6554,0.3446,113,7971.05712890625
2025-12-02,7971.05712890625,8018.645529675839,7947.262928521455,7947.262928521455,97044000,7956.78037109375,8054.336499023438,-0.002976158666573414,44.444469773277326,7.4945,0.6659,0.3341,68,7951.8955078125
2025-12-03,7951.8955078125,8047.701477786145,7951.8955078125,7999.798492799322,103550900,7943.43037109375,8037.9122314453125,-0.0024038996062720752,49.013231834039956,7.6838,0.6389,0.3611,67,7880.04150390625
2025-12-04,7880.04150390625,7999.798973570479,7880.04150390625,7975.847479637633,71410400,7934.74501953125,8025.03349609375,-0.009036085023458318,43.036331346241056,4.8725,0.6034,0.3966,81,7951.8955078125
2025-12-05,7951.8955078125,7951.8955078125,7856.089537838855,7856.089537838855,71162300,7949.94814453125,8009.79892578125,0.00911848038752483,38.66606864640795,10.2285,0.6833,0.3167,76,7951.8955078125
2025-12-08,7951.8955078125,7999.798492799322,7903.992522825678,7999.798492799322,61745200,7941.35703125,7999.323168945312,0.0,47.165484065760786,14.4862,0.7083,0.2917,75,7760.28369140625
2025-12-09,7760.28369140625,7951.895634403935,7760.28369140625,7951.895634403935,113057200,7899.20234375,7987.594799804688,-0.024096370006119527,32.57595601820188,9.5157,0.6449,0.3551,141,7736.33251953125
2025-12-10,7736.33251953125,7832.138495005321,7688.429531794214,7760.284013399768,143418300,7856.08974609375,7969.91005859375,-0.003086378388656552,33.477248729824495,8.2364,0.6183,0.3817,120,7664.47802734375
2025-12-11,7664.47802734375,7856.089978027344,7568.6720520019535,7832.138484191895,140766000,7812.97705078125,7954.581103515625,-0.009287927064419166,31.69426848982266,7.4914,0.6312,0.3688,177,7664.47802734375
2025-12-12,7664.47802734375,7664.47802734375,7520.769064331055,7568.6720520019535,100006800,7755.4935546875,7936.872729492187,0.0,25.826808662560367,5.1482,0.6046,0.3954,109,7951.8955078125
2025-12-15,7951.8955078125,7951.8955078125,7592.623120411333,7592.623120411333,143105700,7755.4935546875,7926.39697265625,0.037499941867320974,43.69040438807138,8.723,0.6636,0.3364,155,7736.33251953125
2025-12-16,7736.33251953125,8023.750445953463,7688.429531794214,8023.750445953463,122332000,7750.7033203125,7913.471044921875,-0.027108377879144108,38.605369441124964,6.6513,0.6529,0.3471,123,7688.42919921875
2025-12-17,7688.42919921875,7784.235170548579,7640.526213553836,7664.477706386293,89802700,7741.12265625,7894.580834960938,-0.006191993453172118,40.137043780285694,4.7334,0.6298,0.3702,89,7832.13818359375
2025-12-18,7832.13818359375,7903.992662342316,7688.429226096617,7688.429226096617,88497200,7774.6546875,7885.25546875,0.01869159234627582,48.30148454385675,6.9707,0.6656,0.3344,77,7712.380859375
2025-12-19,7712.380859375,7880.041312839674,7712.380859375,7856.089819487577,131069800,7784.23525390625,7871.1319580078125,-0.015290501956363611,39.03821075580084,7.3068,0.6492,0.3508,79,7832.13818359375
2025-12-22,7832.13818359375,7832.13818359375,7688.429226096617,7712.380719012805,72424200,7760.2837890625,7859.427197265625,0.015527931828363428,44.982682237518716,9.9417,0.6996,0.3004,160,7688.42919921875
2025-12-23,7688.42919921875,7784.235170548579,7640.526213553836,7760.283677716122,85044100,7750.703125,7839.3472900390625,-0.01834862728495168,41.26983253416955,9.7666,0.6498,0.3502,70,7688.42919921875
2025-12-24,7688.42919921875,7736.332184883665,7664.477706386293,7688.42919921875,71260500,7750.703125,7822.836474609375,0.0,43.33331294283261,14.037,0.7185,0.2815,47,7688.42919921875
2025-12-29,7688.42919921875,7688.42919921875,7616.574720721379,7688.42919921875,78399400,7721.961328125,7811.084521484375,0.0,40.3508727966035,2.3645,0.6875,0.3125,131,7736.33251953125
2025-12-30,7736.33251953125,7832.138495005321,7616.57505018866,7616.57505018866,101995600,7726.75166015625,7804.107153320312,0.006230573121147831,42.37289247897047,8.7864,0.7452,0.2548,71,7688.42919921875
2026-01-02,7688.42919921875,7736.332184883665,7664.477706386293,7736.332184883665,68612400,7698.00986328125,7788.786059570312,-0.006191993453172118,47.16980986405651,12.7132,0.6704,0.3296,68,7736.33251953125
2026-01-05,7736.33251953125,7760.284013399768,7664.478037925696,7664.478037925696,73408800,7707.59052734375,7777.049829101563,0.006230573121147831,49.99999999458783,16.0005,0.7087,0.2913,87,7832.13818359375
2026-01-06,7832.13818359375,7832.13818359375,7736.332211928995,7832.13818359375,97624300,7736.33232421875,7771.061962890625,0.012383860675666103,56.363625574832916,12.4435,0.6933,0.3067,90,7808.18701171875
2026-01-07,7808.18701171875,7832.138505619728,7688.429542213861,7784.235517817772,93152500,7760.28388671875,7767.46923828125,-0.0030580629852996477,55.35714545165325,11.1472,0.7137,0.2863,79,7712.380859375
2026-01-08,7712.380859375,7808.186832783385,7712.380859375,7760.283846079193,79823700,7755.4935546875,7755.493505859375,-0.012269961285502173,39.583347485632224,9.0333,0.6877,0.3123,68,7784.2353515625
2026-01-09,7784.2353515625,7832.138338341346,7712.380871394231,7784.2353515625,79484700,7774.65478515625,7747.110498046875,0.009316771759288134,52.38094312820147,8.6587,0.6503,0.3497,62,7688.42919921875
2026-01-12,7688.42919921875,7760.283677716122,7664.477706386293,7736.332184883665,82935700,7765.07412109375,7743.5177734375,-0.012307715275401976,49.99999999335779,7.6306,0.6092,0.3908,125,7736.33251953125
2026-01-13,7736.33251953125,7736.33251953125,7664.478037925696,7688.429531794214,80536300,7745.91298828125,7743.5177734375,0.006230573121147831,45.000020379661876,8.4979,0.6152,0.3848,66,7664.47802734375
2026-01-14,7664.47802734375,7712.381015014649,7616.575039672852,7688.4295211792,105724300,7717.17119140625,7743.5177734375,-0.009287927064419166,47.36843233965746,10.8552,0.6374,0.3626,94,7736.33251953125
2026-01-15,7736.33251953125,7832.138495005321,7640.526544057178,7664.478037925696,151753100,7721.9615234375,7747.110498046875,0.009375001393591598,44.44446960541146,12.3108,0.6711,0.3289,105,7784.2353515625
2026-01-19,7784.2353515625,7784.2353515625,7640.526391225962,7736.332364783653,172100000,7721.9615234375,7738.727490234375,0.0061919303378330515,56.25000397141086,10.3575,0.646,0.354,115,7664.47802734375
2026-01-20,7664.47802734375,7784.235496520996,7664.47802734375,7712.381015014649,82672500,7717.1712890625,7735.134765625,-0.01538459704904882,48.648667999697764,9.4967,0.6506,0.3494,116,7377.06005859375
2026-01-21,7377.06005859375,7616.574995561079,7377.06005859375,7592.623501864346,301825600,7645.316796875,7719.56630859375,-0.0375000055743665,36.73471509999135,5.7589,0.6192,0.3808,347,7329.15673828125
2026-01-22,7329.15673828125,7448.914201325061,7281.253753063725,7377.0597234987745,268025900,7578.2525390625,7694.417236328125,-0.006493551622464566,32.653056975230186,4.8023,0.6071,0.3929,237,7329.15673828125
2026-01-23,7329.15673828125,7353.108230890012,7233.350767846201,7281.253753063725,202878600,7496.8173828125,7675.256030273437,0.0,34.04255780161637,6.7218,0.6369,0.3631,183,7329.15673828125
2026-01-26,7329.15673828125,7353.108230890012,7209.399275237439,7233.350767846201,213044100,7405.80166015625,7650.106958007813,0.0,31.111096006142986,7.8986,0.6307,0.3693,221,7185.44775390625
2026-01-27,7185.44775390625,7305.205216471354,7185.44775390625,7257.302231445313,259830900,7309.99560546875,7624.9578857421875,-0.01960784705618135,21.276604047884064,7.3119,0.6543,0.3457,236,6730.36962890625
2026-01-28,6730.36962890625,7089.642029025801,6634.5636555410365,6754.321122247554,1027287500,7180.65751953125,7577.054907226562,-0.0633333009418382,15.38462262095284,4.6007,0.6127,0.3873,1159,6898.0302734375
2026-01-29,6898.0302734375,6969.884755452474,6107.630971272786,6395.048899332683,1432993400,7094.4322265625,7537.5349609375,0.024911060428414622,25.00001498773888,3.803,0.6133,0.3867,1406,7089.64208984375
2026-01-30,7089.64208984375,7281.254038217905,6898.030141469595,6898.030141469595,528434900,7046.529296875,7505.200439453125,0.02777775811510952,30.136992802357852,5.2087,0.6433,0.3567,404,7281.25390625
2026-02-02,7281.25390625,7281.25390625,7017.787482010691,7281.25390625,326948700,7036.94873046875,7484.8416748046875,0.027027008412842557,38.96104239647797,6.5967,0.642,0.358,618,7329.15673828125
2026-02-03,7329.15673828125,7329.15673828125,7065.6903195848645,7281.253753063725,206015400,7065.69052734375,7464.482885742187,0.006578926191563195,38.96102623601069,5.7873,0.6258,0.3742,210,7472.86572265625
2026-02-04,7472.86572265625,7496.817215357071,7281.25378104968,7329.156766451322,193370800,7214.18974609375,7446.519262695312,0.01960784705618135,44.999989803582885,7.242,0.6632,0.3368,167,7472.86572265625
2026-02-05,7472.86572265625,7592.623186160356,7472.86572265625,7472.86572265625,142332400,7329.1568359375,7429.753198242188,0.0,42.85713150717782,10.1793,0.6884,0.3116,199,7353.1083984375
2026-02-06,7353.1083984375,7448.914371055578,7281.253918973941,7377.059891592019,176352600,7381.85009765625,7411.789575195313,-0.0160256223868267,38.7499961747453,6.9729,0.6432,0.3568,194,7185.44775390625
2026-02-09,7185.44775390625,7401.011186523438,7137.544768880209,7353.108201497396,174758300,7362.6888671875,7381.8501953125,-0.022801329104148227,37.80486773774739,10.4083,0.6505,0.3495,263,7161.49658203125
2026-02-10,7161.49658203125,7233.351062787417,7137.545088445861,7185.44807561664,127704200,7329.1568359375,7355.503564453125,-0.0033332887100848696,43.66196940093721,9.9005,0.6528,0.3472,116,7137.544921875
2026-02-11,7137.544921875,7209.3994009542785,7089.641935822147,7161.496414901426,213505000,7262.09267578125,7325.564184570312,-0.00334450486457627,44.285716362247086,8.1705,0.6131,0.3869,150,7017.78759765625
2026-02-12,7017.78759765625,7161.496558700405,6993.836104148891,7137.545065193046,237465300,7171.07705078125,7293.229663085937,-0.016778503747376772,41.333337679181355,8.2642,0.607,0.393,233,6898.0302734375
2026-02-13,6898.0302734375,7017.787743462457,6898.0302734375,7017.787743462457,356015300,7080.06142578125,7251.31455078125,-0.01706482599426995,38.750006049340776,5.8601,0.6133,0.3867,305,6969.884765625
2026-02-18,6969.884765625,7065.690741784794,6921.981777545103,6921.981777545103,125301200,7036.948828125,7210.597021484375,0.01041666814136688,44.15585378000775,14.9773,0.6907,0.3093,120,6874.07861328125
2026-02-19,6874.07861328125,7017.787573837652,6874.07861328125,7017.787573837652,133463400,6979.465234375,7171.07705078125,-0.013745729745240465,54.838711793608404,10.1442,0.6281,0.3719,191,6921.9814453125
2026-02-20,6921.9814453125,6945.932938202855,6850.126966641436,6874.078459531791,122959500,6936.3525390625,7148.3231201171875,0.006968618592562814,50.87718168290861,10.0525,0.6501,0.3499,122,6993.8359375
2026-02-23,6993.8359375,7041.738923373288,6969.884444563357,6993.8359375,100443800,6931.56220703125,7131.557080078125,0.010380624790053306,46.1538371014992,18.5531,0.7025,0.2975,151,6921.9814453125
2026-02-24,6921.9814453125,7017.787416873919,6921.9814453125,6969.88443109321,159225400,6936.35244140625,7111.198315429688,-0.010273974515505269,34.04254395852624,10.5818,0.6464,0.3536,83,7017.78759765625
2026-02-25,7017.78759765625,7065.690584670968,6945.933117134172,6969.884610641531,133278000,6945.9330078125,7095.629858398437,0.013840856566962989,36.734704062052195,7.0927,0.6611,0.3389,111,6993.8359375
2026-02-26,6993.8359375,7065.690416309932,6898.029965753425,7041.738923373288,127811900,6969.88447265625,7086.049267578125,-0.0034129930299185984,27.272731481140326,6.1443,0.6103,0.3897,109,6874.07861328125
2026-02-27,6874.07861328125,6969.884586985518,6874.07861328125,6898.030106707317,193104700,6960.30390625,7093.234716796875,-0.017123267587194513,24.4898027080348,4.8422,0.6067,0.3933,131,6730.36962890625
2026-03-02,6730.36962890625,6850.127095612767,6682.466642223643,6778.272615588857,156182700,6907.61064453125,7084.8516845703125,-0.020905926809935416,24.000003258995022,4.0615,0.5679,0.4321,240,6778.2724609375
2026-03-03,6778.2724609375,6826.175446527164,6730.369475347836,6778.2724609375,103031100,6878.86884765625,7069.283203125,0.007117414744282735,31.111110100341094,2.7648,0.534,0.466,94,6586.66064453125
2026-03-04,6586.66064453125,6778.272590553977,6538.757658025568,6778.272590553977,216518700,6792.64345703125,7034.553540039063,-0.02826853265496332,26.92307088861365,2.0705,0.5437,0.4563,374,6802.22412109375
2026-03-05,6802.22412109375,6826.175614477883,6658.515160788952,6682.466654173085,110256300,6754.32109375,7008.2069091796875,0.03272727838824929,38.3333350284538,3.9545,0.5935,0.4065,171,6706.41796875
2026-03-06,6706.41796875,6802.223939732143,6706.41796875,6778.272446986607,102725700,6720.78896484375,6969.884521484375,-0.01408453332883497,38.98304381587232,3.6037,0.5881,0.4119,127,6586.66064453125
2026-03-09,6586.66064453125,6658.515124289773,6538.757658025568,6610.612137784091,150426400,6692.04716796875,6925.574267578125,-0.017857122054841357,38.98304381587232,4.0225,0.5877,0.4123,269,6682.466796875
2026-03-10,6682.466796875,6754.321278561828,6634.563809083781,6658.515302979391,129977900,6672.88603515625,6892.0421875,0.014545481772056279,39.99999999610324,4.4264,0.6487,0.3513,124,6538.7578125
2026-03-11,6538.7578125,6706.4182692307695,6538.7578125,6682.466775412088,91723400,6663.30546875,6859.707690429687,-0.021505379486839282,38.70968165842213,4.2907,0.6509,0.3491,196,6610.6123046875
2026-03-12,6610.6123046875,6730.369773975317,6538.75782311481,6538.75782311481,98787400,6624.98310546875,6832.1634765625,0.01098901263021812,39.68255046523439,6.0997,0.6787,0.3213,293,6586.66064453125
2026-03-13,6586.66064453125,6730.369604048296,6562.709151278409,6562.709151278409,107940600,6601.031640625,6804.6192626953125,-0.003623213562118366,36.065580889348205,5.3702,0.68,0.32,229,6466.9033203125
2026-03-16,6466.9033203125,6586.660789207176,6419.000332754629,6562.709295428241,127757500,6577.08017578125,6777.075048828125,-0.018181796616193013,34.92064570377144,7.0362,0.6624,0.3376,245,6490.8544921875
2026-03-17,6490.8544921875,6538.757477369696,6466.902999596402,6466.902999596402,160903900,6538.75771484375,6756.716259765625,0.0037036539265662416,31.666654771597635,7.1,0.6382,0.3618,114,6610.6123046875
2026-03-25,6610.6123046875,6634.563798545063,6395.048859969429,6395.048859969429,314281100,6553.12861328125,6738.75263671875,0.018450238353693305,37.5000079599563,14.7307,0.6591,0.3409,156,6586.66064453125
2026-03-26,6586.66064453125,6682.466617542614,6562.709151278409,6610.612137784091,145934900,6548.33828125,6724.38173828125,-0.003623213562118366,39.99999999610324,8.8096,0.6493,0.3507,147,6419.0
2026-03-27,6419.0,6562.70895522388,6419.0,6490.85447761194,283556500,6514.80615234375,6699.232666015625,-0.025454574568139376,39.344257908350514,6.8775,0.6152,0.3848,339,6450.0
2026-03-30,6450.0,6500.0,6350.0,6400.0,242278100,6511.42548828125,6672.040869140625,0.00482941268110304,38.63431651548176,5.7855,0.6201,0.3799,416,6450.0
2026-03-31,6450.0,6550.0,6450.0,6450.0,150657800,6503.25458984375,6648.441796875,0.0,44.544602215142504,4.97,0.6328,0.3672,110,6500.0
2026-04-01,6500.0,6650.0,6500.0,6550.0,132798100,6481.13212890625,6622.552416992187,0.007751937984496138,36.09777812850812,5.4235,0.6574,0.3426,151,6575.0
2026-04-02,6575.0,6600.0,6500.0,6550.0,72725400,6478.8,6601.610620117188,0.011538461538461497,43.83683918288203,4.98,0.6265,0.3735,89,6500.0
2026-04-06,6500.0,6625.0,6450.0,6600.0,57914600,6495.0,6582.906689453125,-0.011406844106463865,45.75775147126428,7.2338,0.622,0.378,231,6500.0
2026-04-07,6500.0,6525.0,6450.0,6500.0,65168700,6505.0,6571.388208007813,0.0,40.14325685607746,5.0518,0.5992,0.4008,144,6750.0
2026-04-08,6750.0,6850.0,6625.0,6650.0,163594000,6565.0,6569.974584960937,0.03846153846153855,60.235745035124786,6.5079,0.6711,0.3289,323,6475.0
2026-04-09,6475.0,6800.0,6450.0,6775.0,182409800,6560.0,6564.391552734375,-0.040740740740740744,44.50975786874142,5.3494,0.6397,0.3603,217,6700.0
2026-04-10,6700.0,6700.0,6475.0,6525.0,167336100,6585.0,6559.280346679688,0.03474903474903468,53.946140352955176,7.6168,0.6677,0.3323,115,6575.0
2026-04-13,6575.0,6700.0,6575.0,6650.0,81955300,6600.0,6552.709448242187,-0.018656716417910446,53.74991614837352,5.2444,0.618,0.382,190,6750.0
2026-04-14,6750.0,6800.0,6675.0,6675.0,105010900,6650.0,6560.876416015625,0.026615969581748944,58.13710031520273,8.8242,0.6648,0.3352,104,6550.0
2026-04-15,6550.0,6800.0,6550.0,6775.0,104880600,6610.0,6554.253076171875,-0.029629629629629672,48.188094615453906,5.4407,0.6191,0.3809,143,6525.0
2026-04-16,6525.0,6650.0,6500.0,6575.0,122416100,6620.0,6553.565185546875,-0.003816793893129722,48.15791077876,4.1535,0.5968,0.4032,94,6425.0
2026-04-17,6425.0,6550.0,6425.0,6500.0,156827000,6565.0,6544.2845703125,-0.01532567049808431,50.18679949749305,3.5986,0.5793,0.4207,251,6475.0
2026-04-20,6475.0,6575.0,6425.0,6450.0,137435700,6545.0,6538.7015380859375,0.0077821011673151474,50.7692307648568,6.3642,0.6211,0.3789,261,6500.0
2026-04-21,6500.0,6525.0,6425.0,6475.0,112151900,6495.0,6540.356372070312,0.0038610038610038533,51.515151510780534,5.5854,0.6357,0.3643,123,6450.0
2026-04-22,6450.0,6525.0,6450.0,6475.0,95673700,6475.0,6538.313647460937,-0.007692307692307665,48.48484848073463,3.902,0.5974,0.4026,127,6425.0
2026-04-23,6425.0,6550.0,6425.0,6450.0,95913400,6455.0,6529.033032226563,-0.003875968992248069,45.31249999603515,4.5552,0.619,0.381,192,6050.0
2026-04-24,6050.0,6425.0,6050.0,6400.0,435004800,6380.0,6502.2,-0.05836575875486383,38.15789473403047,2.5843,0.5755,0.4245,1124,5975.0
2026-04-27,5975.0,6050.0,5950.0,6025.0,273263100,6280.0,6480.0,-0.012396694214875992,36.708860756891525,3.0877,0.5797,0.4203,1026,6000.0
2026-04-28,6000.0,6075.0,5950.0,6025.0,174091200,6180.0,6457.5,0.004184100418409997,28.571428569142853,3.1907,0.5876,0.4124,356,5975.0
2026-04-29,5975.0,6050.0,5950.0,6000.0,176050900,6085.0,6433.75,-0.004166666666666652,33.33333333022222,4.7335,0.6203,0.3797,219,5850.0
2026-04-30,5850.0,5975.0,5800.0,5950.0,303405400,5970.0,6401.25,-0.02092050209205021,19.642857140892858,2.8907,0.5817,0.4183,941,5900.0
2026-05-04,5900.0,5950.0,5800.0,5800.0,207566700,5940.0,6367.5,0.008547008547008517,24.528301884200786,6.0824,0.6174,0.3826,371,5950.0
2026-05-05,5950.0,6075.0,5875.0,5900.0,179928300,5935.0,6340.0,0.008474576271186418,16.666666664722214,5.3117,0.6595,0.3405,258,5950.0
2026-05-06,5950.0,6000.0,5900.0,5950.0,90843100,5925.0,6312.5,0.0,19.999999997200007,4.9057,0.6765,0.3235,137,6225.0
2026-05-07,6225.0,6325.0,6000.0,6000.0,238690900,5975.0,6286.25,0.04621848739495804,37.999999995744,5.3417,0.6943,0.3057,337,6175.0
2026-05-08,6175.0,6425.0,6175.0,6225.0,201784700,6040.0,6271.25,-0.008032128514056214,39.583333328715284,4.3061,0.653,0.347,358,6150.0
2026-05-11,6150.0,6275.0,6100.0,6225.0,126301300,6090.0,6243.75,-0.004048582995951455,36.170212761647804,3.9482,0.6368,0.3632,224,6125.0
2026-05-12,6125.0,6150.0,6050.0,6125.0,107394400,6125.0,6221.25,-0.004065040650406471,34.04255318743323,3.1285,0.5584,0.4416,200,6100.0
2026-05-13,6100.0,6200.0,6025.0,6125.0,147339600,6155.0,6188.75,-0.004081632653061273,34.782608691417764,3.9507,0.5632,0.4368,169,6100.0
2026-05-14,6100.0,6100.0,6100.0,6100.0,0,6130.0,6166.25,0.0,35.555555551130865,7.2728,0.6304,0.3696,43,6100.0
2026-05-15,6100.0,6100.0,6100.0,6100.0,0,6115.0,6145.0,0.0,53.33333332337778,6.5823,0.6321,0.3679,71,6125.0
2026-05-18,6125.0,6125.0,5900.0,5950.0,208748400,6110.0,6130.0,0.004098360655737654,60.71428570214286,5.4359,0.6186,0.3814,557,5950.0
2026-05-19,5950.0,6200.0,5950.0,6050.0,184830100,6075.0,6103.75,-0.02857142857142858,47.0588235216609,4.7425,0.6067,0.3933,274,5975.0
2026-05-20,5975.0,6100.0,5875.0,5975.0,195107100,6050.0,6077.5,0.004201680672268893,49.9999999917647,7.3334,0.6525,0.3475,275,5950.0
2026-05-21,5950.0,6150.0,5925.0,6000.0,210976100,6020.0,6052.5,-0.004184100418409997,56.666666656088886,5.4163,0.6311,0.3689,287,5900.0
2026-05-22,5900.0,5975.0,5825.0,5900.0,288919700,5980.0,6026.25,-0.008403361344537785,49.999999990666666,4.1752,0.6121,0.3879,172,6100.0
2026-05-25,6100.0,6175.0,5925.0,5950.0,263179200,5975.0,6028.75,0.03389830508474567,58.33333332425926,5.4995,0.6363,0.3637,268,5975.0
2026-05-26,5975.0,6100.0,5950.0,6050.0,225158700,5980.0,6028.75,-0.020491803278688492,51.21951218812611,5.6822,0.6482,0.3518,206,5975.0
2026-05-27,5975.0,5975.0,5975.0,5975.0,0,5980.0,6027.5,0.0,33.333333327111106,11.2572,0.6623,0.3377,34,5975.0
2026-05-28,5975.0,5975.0,5975.0,5975.0,0,5985.0,6027.5,0.0,35.71428570714285,10.0973,0.6562,0.3438,40,5700.0
2026-05-29,5700.0,5875.0,5700.0,5750.0,1014028000,5945.0,6020.0,-0.046025104602510414,26.31578946980609,5.81,0.5876,0.4124,501,5825.0
2026-06-02,5825.0,5875.0,5700.0,5750.0,346305200,5890.0,6016.25,0.021929824561403466,35.71428570952381,9.6129,0.6609,0.3391,159,5525.0
2026-06-03,5525.0,5825.0,5525.0,5775.0,353332300,5800.0,5995.0,-0.05150214592274682,28.301886789462444,5.6373,0.5901,0.4099,624,5425.0
2026-06-04,5425.0,5600.0,5300.0,5475.0,550059500,5690.0,5968.75,-0.018099547511312264,26.31578947109881,3.4756,0.5701,0.4299,618,5075.0
2026-06-05,5075.0,5375.0,5075.0,5325.0,572612000,5510.0,5911.25,-0.06451612903225812,21.126760561713937,2.6706,0.5562,0.4438,1232,4850.0
2026-06-08,4850.0,5050.0,4850.0,4950.0,705093300,5340.0,5845.0,-0.044334975369458074,17.72151898608557,3.8996,0.5753,0.4247,1218,5150.0
2026-06-09,5150.0,5150.0,4820.0,4850.0,772898000,5205.0,5795.0,0.061855670103092786,30.952380950317462,4.9098,0.6179,0.3821,648,5650.0
2026-06-10,5650.0,5700.0,5175.0,5175.0,747366000,5230.0,5771.25,0.09708737864077666,43.68932038597418,5.3916,0.6457,0.3543,689,5825.0
2026-06-11,5825.0,5875.0,5550.0,5650.0,543032300,5310.0,5757.5,0.030973451327433565,47.70642201589765,6.3553,0.669,0.331,507,5925.0
2026-06-12,5925.0,6100.0,5900.0,6000.0,415872300,5480.0,5748.75,0.01716738197424883,50.4504504479052,6.2532,0.6857,0.3143,484,6275.0
2026-06-15,6275.0,6425.0,6100.0,6100.0,480395000,5765.0,5757.5,0.05907172995780585,52.99145298891665,7.5446,0.6836,0.3164,606,6275.0
2026-06-17,6275.0,6550.0,6275.0,6400.0,467494300,5990.0,5765.0,0.0,55.357142854375006,14.4312,0.7391,0.2609,406,6075.0
2026-06-18,6075.0,6275.0,6075.0,6250.0,232489300,6075.0,5771.25,-0.031872509960159334,51.666666664255565,12.5865,0.7022,0.2978,239,6300.0
2026-06-19,6300.0,6300.0,6050.0,6050.0,366595500,6170.0,5787.5,0.03703703703703698,55.03875968753321,10.2078,0.6922,0.3078,299,6225.0
2026-06-22,6225.0,6400.0,6125.0,6400.0,193401600,6230.0,5801.25,-0.011904761904761862,58.67768594769756,11.1853,0.6762,0.3238,306,6125.0
2026-06-23,6125.0,6200.0,6075.0,6150.0,144561900,6200.0,5812.5,-0.016064257028112428,54.99999999743333,8.7345,0.6758,0.3242,191,5925.0
2026-06-24,5925.0,6200.0,5925.0,6125.0,144928800,6130.0,5803.75,-0.03265306122448974,56.896551721391205,6.4206,0.6249,0.3751,399,6025.0
2026-06-25,6025.0,6175.0,5900.0,5900.0,197935000,6120.0,5806.25,0.016877637130801704,60.34482758329371,5.9905,0.6419,0.3581,214,6175.0
2026-06-26,6175.0,6175.0,6025.0,6050.0,163378700,6095.0,5816.25,0.024896265560165887,70.37037036672154,4.7403,0.6278,0.3722,290,5925.0
2026-06-29,5925.0,6200.0,5925.0,6175.0,189886600,6035.0,5813.75,-0.04048582995951422,69.72477063861965,5.3075,0.6073,0.3927,380,5550.0
2026-06-30,5550.0,5825.0,5550.0,5775.0,440738300,5920.0,5806.25,-0.06329113924050633,57.14285714000001,3.1546,0.5554,0.4446,568,5600.0
2026-07-01,5600.0,5750.0,5550.0,5550.0,124123800,5855.0,5795.0,0.009009009009008917,48.93617020985061,3.818,0.5823,0.4177,261,5800.0
2026-07-02,5800.0,5875.0,5625.0,5650.0,145119400,5810.0,5808.75,0.03571428571428581,49.47368420760998,5.7465,0.6178,0.3822,199,6050.0
2026-07-03,6050.0,6150.0,5900.0,5925.0,200465200,5785.0,5840.0,0.0431034482758621,52.47524752184296,7.3594,0.6729,0.3271,217,6125.0
2026-07-06,6125.0,6175.0,5975.0,6050.0,148684900,5825.0,5892.5,0.012396694214876103,46.66666666376297,10.6437,0.6862,0.3138,203,6300.0
2026-07-07,6300.0,6300.0,6150.0,6200.0,183472100,5975.0,5965.0,0.02857142857142847,50.51546391460942,10.3442,0.6775,0.3225,157,6175.0
2026-07-08,6175.0,6325.0,6175.0,6300.0,181123400,6090.0,6016.25,-0.019841269841269882,52.12765957136261,7.5651,0.6437,0.3563,223,6200.0
2026-07-09,6200.0,6200.0,6050.0,6100.0,181155800,6170.0,6043.75,0.004048582995951344,47.67441860154678,7.5912,0.6462,0.3538,148,6175.0
2026-07-10,6175.0,6300.0,6125.0,6300.0,138050500,6195.0,6061.25,-0.0040322580645161255,48.80952380626984,9.0245,0.6442,0.3558,109,6225.0
2026-07-13,6225.0,6250.0,6075.0,6150.0,180061600,6215.0,6076.25,0.00809716599190291,52.43902438666271,8.5718,0.6462,0.3538,290,6125.0
2026-07-14,6125.0,6250.0,6075.0,6225.0,159868800,6180.0,6068.75,-0.016064257028112428,55.1282051242472,7.792,0.6462,0.3538,147,6125.0
2026-07-15,6125.0,6200.0,6075.0,6125.0,140824900,6170.0,6061.25,0.0,52.70270269871439,6.2366,0.6471,0.3529,125,6225.0
2026-07-16,6225.0,6225.0,6100.0,6125.0,94235100,6175.0,6068.75,0.01632653061224487,51.38888888489197,6.998,0.6765,0.3235,136,6475.0
2026-07-17,6475.0,6500.0,6200.0,6225.0,314564200,6235.0,6077.5,0.04016064257028118,65.27777777270062,7.8302,0.6965,0.3035,381,6475.0
2026-07-20,6475.0,6625.0,6475.0,6525.0,298183300,6285.0,6090.0,0.0,82.45614034277624,10.7594,0.6969,0.3031,251,6525.0
2026-07-21,6525.0,6550.0,6425.0,6550.0,146064700,6365.0,6110.0,0.007722007722007707,82.45614034277624,9.9913,0.7087,0.2913,161,6500.0
