No,id,created_at,content,cleaned_content,Inset_Label,Inset_Score,IndoBERT_Label,IndoBERT_Confidence,Status_Kesesuaian,Manual_Label
1,18046873,2025-03-26 09:32:49,"$BBCA
Raksasa bangkit..",raksasa bangkit,Positif (+1),2.0,Negatif (-1),0.5166,BEDA ⚠️,
2,8657784,2022-05-19 13:29:29,@RUJITO msh kokoh fundamental $BBCA sma people trust jd smntra aman bg 🤭,msh kokoh fundamental sma people trust jd smntra aman bg,Negatif (-1),-4.0,Negatif (-1),0.4326,SAMA ✅,
3,21984092,2025-10-09 15:45:17,"$CBRE Kalo asing keluar terus sisa MG doang wahai kalian warga XL XC itu warning karena udah gada yang angkat tu emiten,MG kok di temenin MG guyur ambrol kalian yang HAKA tadi😂😂😂herman gw KAPAL lu noh bocor MG udah kabur pake sekoci elu pada XL XC pada punya pelampung kagak😂😂😂😂🤣😂🤣😂😂🤣😂makan tuh kapal tenggelam 
🤭🤭😭😭😂😂$BBCA $BBRI",kalo asing sisa mg doang warga xl xc warning gada angkat tu emiten mg temenin mg jual turun ambrol beli herman gw kapal lu noh bocor mg kabur pake sekoci elu xl xc pelampung kagak makan tuh kapal turun rugi turun rugi turun,Negatif (-1),-31.0,Negatif (-1),0.4296,SAMA ✅,
4,31422834,2026-05-08 07:04:21,"@exebit27 

Kasus2 psoriasis dan neurodermatitis dimana fokal infeksi nya melalui CSF dan tidak melalui fokus infeksi di pembuluh darah dekat LMN, mungkin ini yg menyebabkan PUSTULAR PSORIASIS.

$BBNI $BBCA $BBRI",psoriasis neurodermatitis dimana fokal infeksi nya csf tidak fokus infeksi pembuluh darah lmn yg menyebabkan pustular psoriasis,Positif (+1),1.0,Negatif (-1),0.5021,BEDA ⚠️,
5,25258787,2025-12-22 08:01:37,"Guys, sering denger istilah hedge fund, private equity & venture capital gak? Istilah ini sering banget muncul ketika ada aksi korporasi tertentu dari sebuah perusahaan baik yg belum listing di bursa atau perusahaan2 besar yg sudah lama listing, yuk kita coba cari tau, sebenarnya mereka itu apa sih..???

1. Hedge Fund
Biasa kita sebut sebagai “Trader kelas kakap”
Intinya:
Hedge fund itu kumpulan duit orang super kaya yang dikelola buat cari untung cepat & fleksibel.
Apa yg bisa mereka lakukan?
- Beli saham
- Jual saham (bahkan jual dulu baru beli = short selling)
- Main obligasi, emas, dollar, komoditas
- Untung saat pasar naik ATAU turun
Tujuan utama cuma satu yaitu:
CUAN, gak peduli perusahaan bagus atau jelek.

Contohnya:
Hedge fund asing biasanya main di saham yg punya liquiditas besar, contohnya:
$BBCA $BBRI $BMRI

Kalau tiba-tiba:
Asing masuk besar → harga melonjak
Asing keluar cepat → harga jeblok

2. Private Equity (PE) 
“Investor tukang bongkar & bangun perusahaan”
Intinya:
- Masuk ke perusahaan yang SUDAH besar tapi belum maksimal
- Biasanya belinya banyak / sampai pegang kendali
- Dibenahi manajemennya
- Dibesarkan
- Dijual lagi lebih mahal
- Main jangka panjang (5–10 tahun)

Bayangkan misalnya begini:
Ada pabrik mie yang jalan tapi kurang rapi manajemennya
Investor masuk, benahi sistem, tambah cabang
5 tahun kemudian dijual 2–3x lipat
Nah Itu Private Equity
Contoh di saham IHSG
SRAJ (Mayapada Healthcare)
- Dapat suntikan modal besar dari investor global
- Rumah sakit diperluas
- Sahamnya ikut terdampak sentimen positif 
Biasanya:
- Saham PE tidak sering naik-turun
- Tapi lonjakannya besar saat ada aksi korporasi

3. Venture Capital (VC)
Spesialis “Investor startup / perusahaan bayi”
Intinya:
- Masuk ke perusahaan kecil / startup
- Bisnisnya belum tentu untung
- Tapi punya potensi besar
Prinsip VC:
Jika 10 gagal → 1 sukses → nutup semua kerugian
Contoh sehari-hari
Bayangkan:
Kamu modalin usaha kopi temen
Masih rugi, tapi konsepnya keren
5 tahun kemudian jadi perusahaan franchise nasional

Contoh di Indonesia (biar kebayang)
Gojek, Tokopedia dulu → VC
Setelah besar → IPO → jadi saham (contoh: GOTO)

Ciri saham bekas VC:
- Fluktuasi besar
- Cerita masa depan kuat
- Profit sering belum stabil

Jangan lupa follow akun ini, utk belajar mengenal istilah dalam Saham secara sederhana 🙂",guys denger istilah hedge fund private equity venture capital tidak istilah banget muncul aksi korporasi perusahaan yg belum listing bursa perusahaan yg listing yuk coba cari tau sih hedge fund trader kelas kakap intinya hedge fund kumpulan duit orang super kaya dikelola cari untung cepat fleksibel yg lakukan beli saham jual saham jual beli short selling main obligasi emas dollar komoditas untung pasar turun tujuan utama untung tidak peduli perusahaan bagus jelek contohnya hedge fund asing main saham yg liquiditas contohnya asing masuk harga melonjak asing cepat harga jeblok private equity pe investor tukang bongkar bangun perusahaan intinya masuk perusahaan belum maksimal belinya pegang kendali dibenahi manajemennya dibesarkan dijual mahal main jangka bayangkan pabrik mie jalan kurang rapi manajemennya investor masuk benahi sistem cabang dijual lipat private equity contoh saham ihsg sraj mayapada healthcare suntikan modal investor global rumah sakit diperluas sahamnya terdampak sentimen positif saham pe tidak turun lonjakannya aksi korporasi venture capital vc spesialis investor startup perusahaan bayi intinya masuk perusahaan startup bisnisnya belum untung potensi prinsip vc jelek rugi sukses nutup kerugian contoh sehari bayangkan modalin usaha kopi temen rugi konsepnya keren perusahaan franchise nasional contoh indonesia biar kebayang gojek tokopedia vc ipo saham contoh goto ciri saham bekas vc fluktuasi cerita kuat untung belum stabil jangan lupa follow akun belajar mengenal istilah saham sederhana,Positif (+1),13.0,Negatif (-1),0.4795,BEDA ⚠️,
6,17590634,2025-02-20 21:25:42,"$PSAB masih kuat ditutup dengan candle hijau di atas garis MA5 dan MA20, 
ditopang dengan volume yang sedikit di atas rata-rata 20 harian.
Target terdekat selanjutnya adalah di resisten 336, +10% dari harga sekarang.
Antisipasi pullback terlebih dahulu ke sekitaran 290, titik terendah di hari kemarin dan support dinamis MA5.
Kalau lancar mungkin bisa ke target selanjutnya di angka psikologis 400, +31% dari harga sekarang.
Cermati sentimen harga emas dan ketidakpastian ekonomi dunia.
Batasi risiko jika harga bergerak turun melebihi 290.

DISCLAIMER ON.
Tulisan ini hanya catatan pribadi untuk mengasah analisis.
Bukan rekomendasi beli dan jual.
Tidak bertanggungjawab terhadap kerugian yang mungkin timbul.
Saya belum tentu beli juga karena modal lagi nyangkut di $BBCA dan $BRIS.",kuat ditutup candle garis ma ma ditopang volume harian target terdekat resisten harga antisipasi pullback sekitaran titik terendah kemarin support dinamis ma lancar target angka psikologis harga cermati sentimen harga emas ketidakpastian ekonomi dunia batasi risiko harga bergerak turun melebihi disclaimer on tulisan catatan pribadi mengasah analisis bukan rekomendasi beli jual tidak bertanggungjawab kerugian timbul belum beli modal rugi,Negatif (-1),-7.0,Negatif (-1),0.5071,SAMA ✅,
7,10000217,2022-11-03 01:05:33,"jual aja semua sisa in $SIDO DAN $BBRI .... hasil jualan nya, beli in saham $BBCA $BMRI dan saham² blue chip",jual aja sisa in hasil jualan nya beli in saham saham blue chip,Positif (+1),4.0,Negatif (-1),0.4445,BEDA ⚠️,
8,9473482,2022-08-30 14:09:59,$BBCA otw 8.500,otw,Netral (0),0.0,Negatif (-1),0.4968,BEDA ⚠️,
9,32880732,2026-06-18 13:54:07,"@HendricRenanta 
Dari data ini, seandainya nanti payment date $BSSR kembali ke harga +-4.000, maka hasil investasi 1 lot (100 lembar) di tahun 2015 di harga 1.100/saham, dan terus di compounding, setelah dividen final ini, akan jadi 578 lembar.
578 x 4.000= 2.312.000

ROI = 2.312.000-110.000 = 2.202.000
bagi 110.000 x100%= +-2.001,8%😱🥰 dalam 10-11 tahun.

Ada berapa emiten yang sanggup kalahkan return BSSR???
Bicara yg investasi ya, kalo bicara emiten judi, lawannya bukan BSSR, tapi buntut Singapore 4 angka. wkwkwk 🤣 😂 

$BBCA $BMRI",data seandainya payment date harga hasil investasi lot lembar harga saham compounding dividen untung final lembar roi emiten sanggup kalahkan return bssr bicara yg investasi ya kalo bicara emiten judi lawannya bukan bssr buntut singapore angka wkwkwk,Positif (+1),17.0,Negatif (-1),0.5153,BEDA ⚠️,
10,13389243,2023-12-27 09:04:07,@mzainalhidayat hit ya ges ya $BBRI$BBCA$BBNI$BMRI,hit ya ges ya,Positif (+1),8.0,Negatif (-1),0.4919,BEDA ⚠️,
11,20095228,2025-08-13 19:45:11,"EmitenNews.com - Untuk memenuhi sebagian dari target pembiayaan dalam APBN 2025, pemerintah berencana melelang Surat Berharga Syariah Negara (SBSN) atau Sukuk Negara pada Selasa (19/8/2025).
Siaran pers Direktorat Pembiayaan Syariah Direktorat Jenderal Pengelolaan Pembiayaan dan Risiko Kementerian ...",emitennews com memenuhi target pembiayaan apbn pemerintah berencana melelang surat berharga syariah negara sbsn sukuk negara selasa siaran pers direktorat pembiayaan syariah direktorat jenderal pengelolaan pembiayaan risiko kementerian,Negatif (-1),-6.0,Negatif (-1),0.5073,SAMA ✅,
12,6673619,2021-07-06 23:14:11,"#GREATSHORT
#GREATRESET
$IHSG $BBCA",greatshort greatreset,Netral (0),0.0,Negatif (-1),0.5476,BEDA ⚠️,
13,23381155,2025-11-12 09:06:36,"[ Harga $BBCA sekarang Rp 8.400 ]

Zona Area Beli Aman : Rp 8.200 – 8.350  
— Area support kuat jangka menengah, cocok buat akumulasi aman Boss  

Zona Stoploss : < Rp 8.100  
— Kalau tembus ke bawah sini, momentum swing bisa melemah sementara  

Jika naik & breakout : > Rp 8.550 → ENTRY LANJUTAN (tambah posisi)  

Target Profit:  
• TP1 = Rp 8.750  
• TP2 = Rp 9.000 – 9.200  

Keterangan Tambahan:  
- Trend masih uptrend sehat, volume stabil, dan pergerakan condong ke bullish  
- Cocok buat swing jangka menengah dengan karakter saham defensif  
- Hindari entry terburu-buru dekat resistance 8.550 sebelum breakout valid Boss  

Analisa saya boleh bantu, tapi keputusan tetap milik Boss.

Ayo REQUEST SAHAM di kolom komentar seperti
$DADA $INCI
,Nanti Kami Buatkan Flowchart Keputusan biar analisa makin gampang!

Support like agar terus update!!!

Follow untuk ikuti flowchart keputusan saham trend

Kalau postingan ini bermanfaat, boleh banget kasih tip lewat tombol bergambar 💲 di bawah ya. Terima kasih banyak 🙏",harga rp zona area beli aman rp area support kuat jangka menengah cocok akumulasi aman boss zona stoploss rp tembus momentum swing melemah untung rp entry lanjutan posisi target untung untung rp untung rp keterangan tambahan trend sehat volume stabil pergerakan condong cocok swing jangka menengah karakter saham defensif hindari entry terburu buru resistance untung valid boss analisa bantu keputusan milik boss ayo request saham kolom komentar buatkan flowchart keputusan biar analisa gampang support like update follow ikuti flowchart keputusan saham trend postingan bermanfaat banget kasih tip tombol bergambar ya terima kasih,Positif (+1),103.0,Negatif (-1),0.4701,BEDA ⚠️,
14,21768747,2025-10-06 10:16:39,$BBCA diantara ku dan fundamental 😂,ku fundamental,Negatif (-1),-4.0,Negatif (-1),0.3966,SAMA ✅,
15,8863086,2022-06-13 23:41:25,"$SMDR $BHIT $SRTG $BBCA   IHSG AMBRUK . tapi dunia nyata baik baik saja . waktu nya akumulasi
https://youtu.be/aKUn-XSrMRY",ihsg ambruk dunia nyata nya akumulasi,Netral (0),0.0,Negatif (-1),0.4302,BEDA ⚠️,
16,31996642,2026-05-21 14:13:45,"$BBCA is back , Where it belongs",is back where it belongs,Netral (0),0.0,Negatif (-1),0.4982,BEDA ⚠️,
17,31455684,2026-05-08 11:23:53,GIMANA HAYO😜 $WBSA $BBCA $BBRI,gimana hayo,Positif (+1),4.0,Negatif (-1),0.4719,BEDA ⚠️,
18,22709168,2025-10-26 00:25:22,"$OMED nah kan ... jemuran yg dipasang mulai disikat, analis mulai membedah isi omed dan mulai menyadari dan sampai pada kesimpulan emiten ini bagus...
perang kecil baru dimulai.
bandar lama mulai salting...dijemur nanti malah dimakan.. ga dibentengin bakal terbang kecepetan.
lalu apa prediksi selanjutnya..ekstrimnya bisa jadi diturunin dulu untuk paksa bandar laen lepas barang...
namun sebentar lagi laporan keuangan 3Q25 akan rilis..dengan prediksi laba sesuai tradisi😁

skenario lainnya bila bandar penyusup memiliki modal besar maka perang akan semakin membesar...
dan ini akan memancing retail dan kerumunan untuk ikutan.
kalau sudah begini harga akan mentoq ARA berjilid2 dan salah satu pilihan bagi bandar adalah bisa exit diharga tertinggi.

ini hanya sekedar prediksi harga yg belum tentu benar....namun yg benar dan pasti adalah trend dan tradisi selalu cetak laba di emiten ini akan terjadi di laporan kuartal2 berikutnya. 

tag $BBCA $CBRE",jemuran yg dipasang disikat analis membedah isi omed menyadari kesimpulan emiten bagus perang bandar salting dijemur dimakan tidak dibentengin kecepetan prediksi ekstrimnya diturunin paksa bandar laen lepas barang sebentar laporan keuangan rilis prediksi laba sesuai tradisi skenario bandar penyusup memiliki modal perang membesar memancing retail kerumunan ikutan harga mentoq berjilid salah pilihan bandar exit diharga tertinggi sekedar prediksi harga yg belum yg trend tradisi cetak laba emiten laporan kuartal tag,Positif (+1),25.0,Negatif (-1),0.4482,BEDA ⚠️,
19,20645684,2025-09-04 11:10:14,Waiting ⏳ $BBCA,waiting,Netral (0),0.0,Negatif (-1),0.4889,BEDA ⚠️,
20,14209122,2024-03-14 11:16:09,@eelwitabakrie saya udah cek mcap $BBCA kalo di taro di kripto itu sekitar rank 535 jadi bener masuk kategori micin/shitcoin sangat2 high risk,cek mcap kalo taro kripto rank bener masuk kategori micin shitcoin high risk,Positif (+1),0.5,Negatif (-1),0.4819,BEDA ⚠️,
21,17389091,2025-02-06 09:11:33,"Saham bank lagi tidak baik"" saja 😌
$BBRI$BBCA$BMRI
makin avgd malah makin terjun bebas",saham bank tidak avgd turun rugi bebas,Negatif (-1),-5.0,Negatif (-1),0.4614,SAMA ✅,
22,29040759,2026-02-28 06:38:05,$BBCA RX buang BBCA beli BBRI dia tidak rotasi sektoral tapi ngincer dividen mungkin ngiler sama dividenya padahal selisih 1 % aja dividen nya krna interim BBRI lumayan gede bagiinya.,rx buang bbca beli bbri tidak rotasi sektoral ngincer dividen untung ngiler dividenya selisih aja dividen untung nya krna interim bbri lumayan gede bagiinya,Positif (+1),10.0,Negatif (-1),0.4726,BEDA ⚠️,
23,10336036,2022-12-12 14:24:41,$BBCA masuk kapan?,masuk,Positif (+1),1.5,Negatif (-1),0.4427,BEDA ⚠️,
24,19487507,2025-07-22 13:47:17,"$BBCA $BBRI $BMRI udah jatuh harga dirinya bang 😭, blangsak nasibnya, dikentutin emiten2 growth.. IHSG naik malah big bank main perosotan gak kelar2 wkwkwk 🤣",jatuh harga bang rugi turun blangsak nasibnya dikentutin emiten growth ihsg big bank main perosotan tidak kelar wkwkwk,Negatif (-1),-14.5,Negatif (-1),0.4265,SAMA ✅,
25,13206082,2023-12-08 15:36:40,"$BRPT

Senin saham blue chip pasti naik,

segera TP guys, ini harga ud tak masuk akal. Pindahkan saham kalian smua ke Saham2 yg jelas.

$BBCA $BMRI",senin saham blue chip untung guys harga ud masuk akal pindahkan saham smua saham yg,Positif (+1),6.5,Negatif (-1),0.4851,BEDA ⚠️,
26,32111561,2026-05-25 11:48:18,$BBCA siap siap dihempas seperti biasanya 🙂,dihempas,Netral (0),0.0,Negatif (-1),0.3757,BEDA ⚠️,
27,18935524,2025-06-19 10:08:31,"@Newbie777 terbukti banking akan koreksi 1 bulan ke depan, mulai hari ini $BBCA $BBRI $BMRI",terbukti banking koreksi,Positif (+1),3.0,Negatif (-1),0.4472,BEDA ⚠️,
28,6729412,2021-07-15 08:16:55,"Selamat pagi, 
Pergerakan $IHSG (14/07) ditutup pada zona merah di level 5979 atau melemah 0.55%. Pergerakan hari ini akan koreksi terbatas. Cermati support di level . Range 5949 - 6024
Klik follow untuk mengikuti informasi setiap harinya. 

$ACST$PYFA$BBCA",selamat pagi pergerakan ditutup zona turun level melemah pergerakan koreksi terbatas cermati support level range klik follow mengikuti informasi harinya,Positif (+1),12.0,Negatif (-1),0.4735,BEDA ⚠️,
29,7849187,2022-01-15 08:11:40,"$BBCA on track ke 8500 kah? Semoga aja :grin:
Dari harga 7400an kasi sinyal hijau2 pekat terus.. Semoga berlanjut :+1:

Chart saham lainnya di bit.ly/Asta_Bot",on track kah semoga aja grin harga an kasi sinyal pekat semoga berlanjut chart saham bit ly asta bot,Negatif (-1),-4.0,Negatif (-1),0.4798,SAMA ✅,
30,9609873,2022-09-15 08:22:05,"Apa itu rugi komprehensif? 

Rugi komprehensif merupakan penurunan kekayaan perusahaan. Penurunan kekayaan ini dipengaruhi oleh berbagai variabel yang tidak terkait dengan operasi normal perusahaan. Sejumlah contoh yang bisa dikatakan sebagai rugi komprehensif ialah jumlah komprehensif yang dihasilkan dari adanya perubahan nilai tukar atau kerugian yang belum direalisasi terhadap efek (surat berharga) yang tersedia untuk dijual (available for sale).

Contoh rugi komprehensif bisa cek di LK $BBTN 
https://bit.ly/3QLaEIv

Rugi karena harga SBN yang mereka beli anjlok. Tapi ini floating loss selama mereka tidak realized Rugi nya dengan menjual SBN tersebut. 

https://bit.ly/3TLcwDv
Disclaimer: http://bit.ly/3bLj4Oc
https://bit.ly/3LsxlQJ

$BBTN $BBCA $BBRI",rugi komprehensif rugi komprehensif penurunan kekayaan perusahaan penurunan kekayaan dipengaruhi variabel tidak terkait operasi normal perusahaan contoh rugi komprehensif komprehensif dihasilkan perubahan nilai tukar kerugian belum direalisasi efek surat berharga tersedia dijual available for sale contoh rugi komprehensif cek lk rugi harga sbn beli turun floating rugi tidak realized rugi nya menjual sbn disclaimer,Negatif (-1),-24.0,Negatif (-1),0.5097,SAMA ✅,
31,32557165,2026-06-09 10:49:26,serok tel kapan lagi $BBCA kepala 4💦🗿,beli tel kepala,Positif (+1),2.0,Negatif (-1),0.3801,BEDA ⚠️,
32,17248509,2025-01-23 19:58:36,"$BBCA dikasih gak?
EPS ATH
Rev ATH
NPM ATH
kasih Price di new ATH donk
mungkin belum sekarang karena market blm bersahabat 
Target EPS tahun ini Range 480-500
jika PER balik ke 27",dikasih tidak eps ath rev ath npm ath kasih price new ath donk belum market belum bersahabat target eps range,Positif (+1),2.0,Negatif (-1),0.4591,BEDA ⚠️,
33,30827663,2026-04-24 10:54:45,"$BBRI $BMRI $BBCA Sudah bicara sama Blackrock, IMF, World Bank dan ternyata Asing masih dump terus2an......

Ini apakah media lokal credible atau tidak ini asli-nya?? 

Apakah Indonesia baik2 saja atau hanya cuma acting di media agar President tidak melihat??

Apakah data ekonomi di catat seperti ENRON, hanya potensi-potensi saja??",bicara blackrock imf world bank asing dump an media lokal credible tidak asli nya indonesia acting media president tidak data ekonomi catat enron potensi potensi,Positif (+1),7.0,Negatif (-1),0.5083,BEDA ⚠️,
34,29518859,2026-03-11 15:27:24,"Kalau kalian pada nyangkut di $BBCA, hold aja jgn cl, ingat diluar sana banyak yg avg diatas 9rb wkwkwk",rugi tahan aja jgn rugi diluar yg avg diatas rb wkwkwk,Negatif (-1),-3.0,Negatif (-1),0.4294,SAMA ✅,
35,12428734,2023-09-29 09:41:42,"Diksh disc di beli, jgn ngeluh longsor 🫣 $BBCA",diksh disc beli jgn ngeluh turun,Negatif (-1),-5.0,Negatif (-1),0.4034,SAMA ✅,
36,13259595,2023-12-13 10:30:41,"$BBCA
gileeee capek capek avg BCA 9.400 ke 9.000 dia malah nyungsep ke 8.600-an
udah ah nyerah, gak ada avg lagi.
biarkan porto terbakar, bikin gosong sekalian.",gile capek capek avg bca turun rugi an ah nyerah tidak avg biarkan porto terbakar bikin gosong,Negatif (-1),-2.0,Negatif (-1),0.4348,SAMA ✅,
37,8859104,2022-06-13 14:32:47,alhamdulillah bisa avg down $BBRI $BBCA $BBNI buat biaya kuliah bocil di masa depan yg saat ini  masih TK...,alhamdulillah avg down biaya kuliah bocil yg tk,Positif (+1),3.0,Negatif (-1),0.491,BEDA ⚠️,
38,34100343,2026-07-23 14:01:51,$BBCA knp ini saham paling turun di watchlist pribadi saya ?,knp saham turun watchlist pribadi,Negatif (-1),-3.0,Negatif (-1),0.4782,SAMA ✅,
39,20166616,2025-08-15 19:42:39,"lagian 8000 buat a0aan? keren2an doang??? ga ad perbaikan iklim investasi, ga ada dukungan fiskal dan non fiskal, ga ada kerja nyata... malah yang ada dunia usaha dijegal, bayar royalti, pajak, Pati ribut! sampe 51% $BBCA mau direbut??? trus??? ngemeng IHSG 8000??? pake dukun??? B*ll Sh*t!!!",aan keren an doang tidak ad perbaikan iklim investasi tidak dukungan fiskal non fiskal tidak kerja nyata dunia usaha dijegal bayar royalti pajak pati ribut sampe direbut trus ngemeng ihsg pake dukun ll sh,Negatif (-1),-8.0,Negatif (-1),0.4844,SAMA ✅,
40,33478053,2026-07-08 13:37:17,"kangen gw sama market merah merona
$TPIA$DSSA$BBCA",kangen gw market turun merona,Netral (0),0.0,Negatif (-1),0.4838,BEDA ⚠️,
41,27656527,2026-01-30 11:07:10,$BBCA otw 10K ayoo gasss,otw ayoo gas,Positif (+1),2.5,Negatif (-1),0.4442,BEDA ⚠️,
42,29643997,2026-03-16 13:36:44,$BBCA serok terus sebelum rebound,beli untung,Positif (+1),6.0,Negatif (-1),0.4784,BEDA ⚠️,
43,5885828,2021-03-05 06:15:34,$BBCA waktunya beli ?,beli,Positif (+1),2.0,Negatif (-1),0.4536,BEDA ⚠️,
44,32215127,2026-05-29 14:05:15,"$BRMS singgg, asingg! udahan ya main serok bawahnya nanti gue marah 😤

$BBCA $TLKM",sing asingg udahan ya main beli bawahnya gue marah,Positif (+1),4.0,Negatif (-1),0.4219,BEDA ⚠️,
45,18289376,2025-04-24 08:37:15,tunggu 3000 om $BBCA,tunggu om,Positif (+1),1.0,Negatif (-1),0.4605,BEDA ⚠️,
46,16941123,2025-01-07 11:49:45,"Kapan pasar saham bisa bangkit? 

Setelah melewati 2024 yang penuh badai di Juni, Agustus, November-Desember, kini di 2025 belum ada perubahan yang berarti. 

Apakah saham sudah tidak menarik? 

Sebenarnya, jawabannya kembali lagi ke dasarnya, saham itu adalah bisnis, dan bisnis itu bisa menarik jika ekonomi makronya juga oke. Kalau sebaliknya, siapa yang mau invest banyak ke saham. Kecuali sudah ada sinyal-sinyal pemulihan. 

Emang ada apa aja dengan kondisi ekonomi makro kita sampai sahamnya jadi susah bangkit?

Dari lokal kurang lebih ada beberapa perhatian seperti:
1. Defisit APBN (kalo makin melebar di 2025, bisa surem di 2025)
2. Inflasi rendah banget, tapi suku bunga BI belum turun karena ada risiko volatilitas rupiah
3. Perkembangan pertumbuhan ekonomi Indo, kalau turun ke bawah 5% bisa jadi suram di 2025

Di luar itu, juga ada beberapa faktor global yang harus diperhatikan untuk mengukur potensi kebangkitan pasar saham. Simak ulasan lengkapnya dan strategi yang sesuai di sini: https://www.mikirduit.com/7-faktor-yang-menentukan-waktu-kebangkitan-pasar-saham/

$BBRI $BMRI $BBCA",pasar saham bangkit melewati penuh badai juni agustus november desember belum perubahan saham tidak menarik jawabannya dasarnya saham bisnis bisnis menarik ekonomi makronya oke invest saham kecuali sinyal sinyal pemulihan emang aja kondisi ekonomi makro sahamnya susah bangkit lokal kurang perhatian defisit apbn kalo melebar surem inflasi rendah banget suku bunga bi belum turun risiko volatilitas rupiah perkembangan pertumbuhan ekonomi indo turun suram faktor global diperhatikan mengukur potensi kebangkitan pasar saham simak ulasan lengkapnya strategi sesuai,Positif (+1),10.0,Negatif (-1),0.5068,BEDA ⚠️,
47,17128784,2025-01-17 09:16:24,"INGET JANGAN FOMO GW SDH BILANG DARI  KEMARIN , TADI MALAM BAHKAN TADI PAGI 3350 MASIH TERBILANG MURAH DAN GW GAK PERNAH SEKALI PUN NYEBUT BUAT BELI DI ATAS ITU GK PERCAYA CEK PROFILE GW DI POST TERBARU BACA 1 1 DAN PERHATIKAN BUAT SAHAM INI LIQUID KALO BUKAN KITA YG MERUBAH SIAPA LAGI KAN GITU YAH....

DAN SELALU GW TEGASKAN BUAT BILANG HOLD SAMPE SENIN BIAR BISA CUAN BARENG² DAN BISA LOCK ARA DAN ALHAMDULILLAH NYA BENERAN BISA DI LOCK ARA BAHKAN MASUK TOP 1 GANIER

$SURE$BBRI$BBCA",inget jangan fomo gw bilang kemarin malam pagi terbilang murah gw tidak nyebut beli gk percaya cek profile gw post terbaru baca perhatikan saham liquid kalo bukan yg merubah gitu yah gw tegaskan bilang tahan sampe senin biar untung bareng lock alhamdulillah nya beneran lock masuk top ganier,Positif (+1),28.5,Negatif (-1),0.4813,BEDA ⚠️,
48,13348825,2023-12-20 16:14:26,$BBCA Horeee dapat interim. lumayan buat tahun baruan,hore interim lumayan baruan,Positif (+1),1.0,Negatif (-1),0.4313,BEDA ⚠️,
49,5702312,2021-02-11 10:45:06,"$TOWR siap siap buat ATH ini motornya satu grup sm $BBCA, mainnya elegan ga ugal2an",ath motornya grup sm mainnya elegan tidak ugal an,Netral (0),0.0,Negatif (-1),0.4171,BEDA ⚠️,
50,15184822,2024-07-05 21:49:32,$BBCA 2000 lot SELL 10k 🤫,lot sell,Negatif (-1),-2.0,Negatif (-1),0.4483,SAMA ✅,
51,29608824,2026-03-13 16:46:21,"$BBCA
6765 balik lagi anjirr ke 5 tahun yang lalu",anjirr,Netral (0),0.0,Negatif (-1),0.4479,BEDA ⚠️,
52,31087459,2026-04-30 10:45:39,$BBCA $BBRI saham yang kamu anggap sudah murah ternyata masih bisa murah lagi.,saham anggap murah murah,Positif (+1),6.0,Negatif (-1),0.4307,BEDA ⚠️,
53,6789955,2021-07-26 14:07:34,"$BBCA saham sultan bobo mulu, ihsg jd ga gerak2 nihh ",saham sultan bobo mulu ihsg jd tidak gerak nihh,Positif (+1),5.0,Negatif (-1),0.4472,BEDA ⚠️,
54,7400446,2021-10-24 20:06:50,apakah bisa $BBCA ke ATH 9k ? Penasaran $IHSG :heart_eyes:,ath penasaran heart eyes,Negatif (-1),-3.0,Negatif (-1),0.4256,SAMA ✅,
55,15561461,2024-08-21 22:47:01,@eknug mslh lbh ke trust kepastian hukum $IHSG $BBCA $GOTO $BUKA,mslh lbh trust kepastian hukum,Positif (+1),3.0,Negatif (-1),0.4671,BEDA ⚠️,
56,29224791,2026-03-04 10:53:17,"Nunggu MBG IPO baru $IHSG Rebound ke 10000,
CEO MBG kalau mau nyari validasi jgn jauh jauh ke negara yg lagi perang, OMON OMON disana cuma dianggap kentut 💨
Mending nyari muka ke rakyat sendiri dan bangsa sendiri itupun kalau masih ada yg respect 😏
$BBCA $BUMI",nunggu mbg ipo untung ceo mbg nyari validasi jgn negara yg perang omon omon disana dianggap kentut mending nyari muka rakyat bangsa itupun yg respect,Negatif (-1),-2.0,Negatif (-1),0.4519,SAMA ✅,
57,24577937,2025-12-09 18:53:58,@TRIO8888 udah g mau masuk $BBCA lagi...dividen kecil klo nyangkut boncos. $BMRI $BBRI oke lah sesuai harga Dividenya,tidak masuk dividen untung rugi boncos oke sesuai harga dividenya,Positif (+1),0.5,Negatif (-1),0.447,BEDA ⚠️,
58,32093560,2026-05-25 09:08:48,"Jangan main main sama pisau jatuh kaya $CUAN 
Waktunya $BBCA $BBNI bersinar",jangan main main pisau jatuh kaya bersinar,Negatif (-1),-1.5,Negatif (-1),0.4089,SAMA ✅,
59,33537605,2026-07-09 11:18:40,$BBCA kalau gak digoreng ke 6325 keterlaluan,tidak digoreng,Netral (0),0.0,Negatif (-1),0.4597,BEDA ⚠️,
60,30489705,2026-04-17 15:34:49,"$BBCA Yoks dibeli, Senin harga naik 😊",yoks dibeli senin harga,Netral (0),0.0,Negatif (-1),0.411,BEDA ⚠️,
61,33847070,2026-07-17 09:32:21,$BBCA king mau terbang nih HAKA dulu sblm ketinggalan,king nih beli sblm ketinggalan,Negatif (-1),-1.0,Negatif (-1),0.4434,SAMA ✅,
62,31069710,2026-04-30 09:11:28,$BBCA hufftttt,hufft,Netral (0),0.0,Negatif (-1),0.4531,BEDA ⚠️,
63,15714495,2024-09-06 21:34:27,selamat berpesta 🤣🤣🤣🤣😁$BBCA,selamat berpesta,Positif (+1),5.0,Negatif (-1),0.4625,BEDA ⚠️,
64,18714136,2025-05-29 18:52:50,"$BBRI $BBCA
Mari nabung di saham seperti ini, sisihkan 20 persen pendapatanmu setiap bulan dan lihatlah bagimana efek bunga majemuk bekerja dalam jangka waktu 20- 30 tahun",mari nabung saham sisihkan persen pendapatanmu lihatlah bagimana efek bunga majemuk jangka,Positif (+1),15.0,Negatif (-1),0.4787,BEDA ⚠️,
65,17394404,2025-02-06 11:00:18,"$BMRI saham ter rungkad ya ges ya untuk pekan ini

$BBRI$BBCA",saham ter rungkad ya ges ya pekan,Positif (+1),8.0,Negatif (-1),0.4679,BEDA ⚠️,
66,30117125,2026-04-09 17:51:14,"$BBCA otw 6000-5.500? 

Rt $BMRI $BBRI",otw rt,Netral (0),0.0,Negatif (-1),0.4802,BEDA ⚠️,
67,22442829,2025-10-20 10:08:02,Kenceng banget gaes $BBCA $BBNI $BMRI 🤣🚀,kenceng banget gaes untung,Positif (+1),3.0,Negatif (-1),0.4417,BEDA ⚠️,
68,16849034,2024-12-25 09:49:04,Arus Transaksi Saham $BBCA $BBNI $BMRI dalam seminggu terakhir.,arus transaksi saham seminggu,Netral (0),0.0,Negatif (-1),0.5204,BEDA ⚠️,
69,32934886,2026-06-19 18:05:28,"Asing Kembali Keluar Besar-Besaran Saat Rebalancing FTSE, Pasar Saham Indonesia Menghadapi Tekanan Bertubi-tubi

Setelah beberapa pekan terakhir pasar saham Indonesia menghadapi berbagai tekanan, mulai dari ketidakpastian arah suku bunga global, penguatan dolar AS, hingga meningkatnya kekhawatiran terhadap arus modal keluar dari negara berkembang, investor kembali dihadapkan pada kenyataan pahit di hari rebalancing FTSE pada 19 Juni 2026. Berdasarkan data perdagangan reguler, investor asing mencatatkan penjualan bersih (net foreign sell) mencapai sekitar Rp3,14 triliun. Angka ini tergolong sangat besar dan menunjukkan bahwa tekanan jual dari investor global masih belum mereda. Total nilai jual asing mencapai sekitar Rp16,12 triliun, jauh lebih tinggi dibandingkan nilai beli yang hanya sekitar Rp12,99 triliun.

Fenomena ini sebenarnya tidak sepenuhnya mengejutkan. Hari rebalancing indeks FTSE memang sering kali menjadi momen terjadinya transaksi dalam jumlah besar karena banyak dana investasi pasif (passive fund) dan ETF global harus menyesuaikan portofolionya mengikuti komposisi indeks terbaru. Namun, besarnya dana asing yang keluar kali ini semakin terasa karena terjadi setelah pasar Indonesia sebelumnya sudah mengalami berbagai tekanan eksternal. Akibatnya, sentimen yang terbentuk di kalangan pelaku pasar menjadi lebih negatif karena muncul kekhawatiran bahwa arus keluar modal asing belum mencapai titik akhirnya.

Dari daftar saham yang mengalami net foreign sell terbesar, terlihat bahwa tekanan tidak hanya terjadi pada satu sektor tertentu. Saham-saham berkapitalisasi besar seperti BMRI, BBRI, dan TLKM menjadi sasaran jual asing dengan nilai ratusan miliar rupiah. BMRI mencatat net foreign sell sekitar Rp314 miliar, TLKM sekitar Rp307 miliar, dan BBRI sekitar Rp137 miliar. Selain itu, saham-saham seperti AMMN, TPIA, DSSA, hingga NCKL juga mengalami tekanan jual yang cukup signifikan. Hal ini menunjukkan bahwa investor asing melakukan pengurangan eksposur secara luas, baik pada sektor perbankan, telekomunikasi, energi, maupun komoditas.

Menariknya, di tengah derasnya arus keluar tersebut masih terdapat beberapa saham yang justru menjadi tujuan akumulasi asing. BBCA menjadi saham yang paling banyak dibeli dengan net foreign buy mencapai sekitar Rp317 miliar. Selain itu terdapat GOTO, MDKA, BBNI, MYOR, ICBP, ASII, dan INDF yang juga mencatatkan pembelian bersih asing. Kondisi ini menunjukkan bahwa meskipun secara keseluruhan dana asing keluar dari pasar Indonesia, investor global masih tetap melakukan seleksi terhadap saham-saham yang dianggap memiliki valuasi menarik atau prospek bisnis yang lebih defensif. Dengan kata lain, yang terjadi bukan sekadar aksi jual panik, melainkan proses rotasi portofolio yang cukup agresif.

Bagi investor jangka panjang, kondisi seperti ini sebenarnya perlu dilihat dengan lebih tenang. Pengalaman di pasar modal menunjukkan bahwa arus dana asing memang memiliki pengaruh besar terhadap pergerakan indeks dalam jangka pendek, tetapi dalam jangka panjang harga saham akan lebih ditentukan oleh kinerja fundamental perusahaan. Ketika investor asing menjual karena kebutuhan rebalancing indeks atau perubahan alokasi aset global, tidak selalu berarti prospek ekonomi Indonesia memburuk. Bahkan tidak jarang setelah tekanan rebalancing selesai, pasar mulai kembali stabil dan fokus pada faktor fundamental perusahaan.

Meski demikian, besarnya net foreign sell pada hari ini tetap menjadi sinyal yang perlu dicermati. Investor perlu memperhatikan apakah aksi jual tersebut hanya bersifat teknikal akibat rebalancing FTSE atau justru menjadi awal dari tren keluar dana asing yang lebih panjang. Jika dalam beberapa hari ke depan tekanan jual asing mulai berkurang dan saham-saham unggulan kembali menunjukkan akumulasi, maka kemungkinan besar pasar hanya mengalami gangguan sementara. Namun apabila arus keluar terus berlanjut, maka volatilitas IHSG berpotensi tetap tinggi dalam jangka pendek.

Pada akhirnya, hari rebalancing FTSE kali ini menjadi pengingat bahwa pasar saham Indonesia masih sangat dipengaruhi oleh pergerakan dana global. Setelah dihantam berbagai sentimen negatif secara bertubi-tubi, keluarnya dana asing hingga triliunan rupiah pada satu hari perdagangan kembali menguji ketahanan pasar. Namun di balik tekanan tersebut, masih terlihat adanya minat beli pada beberapa saham unggulan, yang menunjukkan bahwa kepercayaan terhadap prospek jangka panjang Indonesia belum sepenuhnya hilang. Bagi investor yang berorientasi jangka panjang, periode seperti ini sering kali menjadi momen untuk lebih fokus pada kualitas fundamental perusahaan dibandingkan sekadar mengikuti kepanikan pasar sesaat.

$BBCA $AMMN $IHSG",asing besaran rebalancing ftse pasar saham indonesia menghadapi tekanan bertubi tubi pekan pasar saham indonesia menghadapi tekanan ketidakpastian suku bunga global penguatan dolar as meningkatnya kekhawatiran arus modal negara berkembang investor dihadapkan kenyataan pahit rebalancing ftse juni berdasarkan data perdagangan reguler investor asing mencatatkan penjualan bersih net foreign sell mencapai rp triliun angka tergolong tekanan jual investor global belum mereda total nilai jual asing mencapai rp triliun dibandingkan nilai beli rp triliun fenomena tidak sepenuhnya mengejutkan rebalancing indeks ftse kali momen transaksi dana investasi pasif passive fund etf global menyesuaikan portofolionya mengikuti komposisi indeks terbaru besarnya dana asing kali pasar indonesia mengalami tekanan eksternal akibatnya sentimen terbentuk kalangan pelaku pasar negatif muncul kekhawatiran arus modal asing belum mencapai titik daftar saham mengalami net foreign sell terbesar tekanan tidak sektor saham saham berkapitalisasi bmri bbri tlkm sasaran jual asing nilai ratusan miliar rupiah bmri mencatat net foreign sell rp miliar tlkm rp miliar bbri rp miliar saham saham ammn tpia dssa nckl mengalami tekanan jual signifikan investor asing pengurangan eksposur luas sektor perbankan telekomunikasi energi komoditas menariknya derasnya arus saham tujuan akumulasi asing bbca saham dibeli net foreign buy mencapai rp miliar goto mdka bbni myor icbp asii indf mencatatkan pembelian bersih asing kondisi dana asing pasar indonesia investor global seleksi saham saham dianggap memiliki valuasi menarik prospek bisnis defensif bukan aksi jual panik proses rotasi portofolio agresif investor jangka kondisi tenang pengalaman pasar modal arus dana asing memiliki pengaruh pergerakan indeks jangka pendek jangka harga saham ditentukan kinerja fundamental perusahaan investor asing menjual kebutuhan rebalancing indeks perubahan alokasi aset global tidak prospek ekonomi indonesia memburuk tidak jarang tekanan rebalancing selesai pasar stabil fokus faktor fundamental perusahaan besarnya net foreign sell sinyal dicermati investor memperhatikan aksi jual bersifat teknikal akibat rebalancing ftse tren dana asing tekanan jual asing berkurang saham saham unggulan akumulasi pasar mengalami gangguan arus berlanjut volatilitas ihsg berpotensi jangka pendek rebalancing ftse kali pengingat pasar saham indonesia dipengaruhi pergerakan dana global dihantam sentimen negatif bertubi tubi keluarnya dana asing triliunan rupiah perdagangan menguji ketahanan pasar tekanan minat beli saham unggulan kepercayaan prospek jangka indonesia belum sepenuhnya hilang investor berorientasi jangka periode kali momen fokus kualitas fundamental perusahaan dibandingkan mengikuti kepanikan pasar,Positif (+1),96.5,Negatif (-1),0.5621,BEDA ⚠️,
70,29796944,2026-03-28 12:04:07,"waduh disini bukan buat main² kak..🤔 

dunia investasi dan trading saham itu high risk.. lebih baik belajar dulu..

dulu banyak pemula seperti kakak begitu masuk dunia saham, banyak influencer menyarankan yg paling cocok dan aman $BBCA, tapi nyatanya malah junam kak..

saham seperti $ADRO pun ga aman kalo ga paham analisa nya.. saham konglo pun sekarang ga aman..",bukan main kak dunia investasi trading saham high risk belajar pemula kakak masuk dunia saham influencer menyarankan yg cocok aman junam kak saham tidak aman kalo tidak paham analisa nya saham konglo tidak aman,Positif (+1),8.5,Negatif (-1),0.4564,BEDA ⚠️,
71,7937709,2022-02-02 08:53:28,"SAHAM YANG BISA DI CICIL DITAHUN BARU MACAN DI AWAL BULAN FEBRUARI, 

https://youtu.be/Z_KUqPoTNf8

$BBCA $BBNI $TLKM $BAUT",saham cicil ditahun macan februari,Netral (0),0.0,Negatif (-1),0.4535,BEDA ⚠️,
72,8780682,2022-06-03 20:31:30,"@NabungSaham2022 bahkan sy sudah melepas $SIDO, $BBCA, $MIKA untuk dialihkan ke $MARK 🙂. Saat ini hanya terkonsentrasi pada beberapa saham saja di porto. Tidak mungkinlah go privat hhe",sy melepas dialihkan terkonsentrasi saham porto tidak mungkinlah go privat hhe,Negatif (-1),-5.0,Negatif (-1),0.4597,SAMA ✅,
73,17614203,2025-02-24 08:47:37,"Are you ready for today and tomorrow? 
$IHSG $BBCA $BBRI",are you ready for today and tomorrow,Positif (+1),1.0,Negatif (-1),0.5025,BEDA ⚠️,
74,13294380,2023-12-15 15:04:45,"yok weekly ditutup dgn yg hijau” ☕️🚀
$PGEO $BBCA $ASII $ADRO",yok weekly ditutup yg untung,Positif (+1),4.0,Negatif (-1),0.439,BEDA ⚠️,
75,18418181,2025-05-05 17:09:54,"$BMRI $BBCA TOP FOREIGN BUY LAGI🤣👍🏼🚀🚀
BESOK HARUS TETEP IJO YA NDAR...

$BBRI SI BONTOT LEMOT WKWK",top foreign buy untung untung besok tetep ya ndar si bontot lemot wkwk,Positif (+1),14.0,Negatif (-1),0.4224,BEDA ⚠️,
76,33324450,2026-07-03 11:18:29,"Indonesia 🚀🕺🇮🇩


Rt : $IHSG $BBCA $TPIA",indonesia untung rt,Positif (+1),4.0,Negatif (-1),0.4841,BEDA ⚠️,
77,21915535,2025-10-08 15:25:33,$BBCA kini ku sadar KOP SEKOP SEKOP,ku sadar kop sekop sekop,Negatif (-1),-4.0,Negatif (-1),0.4837,SAMA ✅,
78,19424988,2025-07-19 10:44:47,"➖ Peluncuran 80.560 unit Koperasi Desa Merah Putih akan dilakukan pada Senin, 21 Juli 2025.

Jadwal ini diundur dari semula 12 Juli lalu 19 Juli, menyesuaikan jadwal presiden yang baru menyelesaikan kunjungan ke luar negeri, dan agar acara dilakukan di hari kerja yang bisa diikuti oleh semua stakeholders.

https://m.antaranews.com/amp/berita/4967197/peluncuran-koperasi-desa-merah-putih-diundur-ke-21-juli

Beberapa hal yang mesti diketahui agar tidak perlu ada ketakutan berlebihan, walaupun memang program ini berisiko tinggi :

1. Peluncuran tanggal 21 Juli tidak langsung seluruh koperasi operasional serentak, melainkan hanya 103 unit yang jadi percontohan.

Peluncuran operasional koperasi baru dijadwalkan pada 28 Oktober 2025.

Pemerintah akan melakukan pendampingan model bisnis sebelum seluruhnya operasional penuh.

https://www.beritasatu.com/ekonomi/2903155/koperasi-desa-merah-putih-siap-diluncurkan-19-juli-2025

2. Himbara akan menyalurkan pinjaman ke Koperasi Merah Putih dengan bunga 6%, maksimum plafon Rp 3 miliar per koperasi, yang dicicil selama 6 tahun.

Gagal bayar pinjaman ini akan di-intercept oleh Dana Desa atau DAU (Dana Alokasi Umum) DBH (Dana Bagi Hasil), artinya sudah ada penjaminan.

https://www.bloombergtechnoz.com/detail-news/76151/fakta-fakta-dana-desa-menjadi-jaminan-gagal-bayar-koperasi/2

...................
Kopdes Merah Putih nantinya akan menjadi :

- Agen penyalur bantuan sosial subsidi pemerintah (pangkalan LPG, bank subsidi pupuk, bantuan beras sembako, dll),
- Apotek dan klinik desa,
- Agen distribusi dan cold storage/chain,
- Unit usaha simpan pinjam, 
- Usaha produktif lainnya sesuai potensi ekonomi di desa dan kelurahan.

https://merahputih.kop.id/

$IHSG $BBCA $BBTN",peluncuran unit koperasi desa turun putih senin juli jadwal diundur juli juli menyesuaikan jadwal presiden menyelesaikan kunjungan negeri acara kerja diikuti stakeholders mesti tidak ketakutan program berisiko peluncuran tanggal juli tidak langsung koperasi operasional serentak unit percontohan peluncuran operasional koperasi dijadwalkan oktober pemerintah pendampingan model bisnis operasional penuh himbara menyalurkan pinjaman koperasi turun putih bunga maksimum plafon rp miliar koperasi dicicil jelek rugi bayar pinjaman intercept dana desa dau dana alokasi dbh dana hasil penjaminan kopdes turun putih agen penyalur bantuan sosial subsidi pemerintah pangkalan lpg bank subsidi pupuk bantuan beras sembako dll apotek klinik desa agen distribusi cold storage chain unit usaha simpan pinjam usaha produktif sesuai potensi ekonomi desa kelurahan,Negatif (-1),-5.0,Negatif (-1),0.4495,SAMA ✅,
79,21870509,2025-10-07 22:39:12,wah $TBLA tahun depan saatnya kamu to the moon! bersama $BBCA $BBRI,to the,Netral (0),0.0,Negatif (-1),0.4381,BEDA ⚠️,
80,8160819,2022-03-09 09:25:41,"CBMF cuan terussssssss

$CBMF$NETV$IATA$BBCA",cbmf untung,Positif (+1),4.0,Negatif (-1),0.4719,BEDA ⚠️,
81,16449484,2024-11-22 14:02:00,"$BBRI empat rebu let's gooo


$BMRI $BBCA",rebu let go,Netral (0),0.0,Negatif (-1),0.4989,BEDA ⚠️,
82,25680067,2026-01-02 15:13:03,$GOTO invest ke goto akan bawa araaaaa di tahun 2026 ini $BBCA$INCO,invest goto bawa,Positif (+1),1.0,Negatif (-1),0.4927,BEDA ⚠️,
83,32541963,2026-06-09 04:24:21,"@aslamsyah123 tdk Perlu takut nduk,justru ini kesempatan kita, semakin AMBLES Ihsg justru semakin bagusss oma sdh ada rencana buy saham $BBRI di 1600
$BBCA 2500
$BMRI 2000
dalam jangka waktu 3-6 bulan kedepan
dyor",tidak takut nduk kesempatan turun ihsg bagus oma rencana buy saham jangka kedepan dyor,Positif (+1),4.0,Negatif (-1),0.4744,BEDA ⚠️,
84,18254858,2025-04-21 16:31:04,$BBCA shortsell BBCA,shortsell bbca,Netral (0),0.0,Negatif (-1),0.5176,BEDA ⚠️,
85,32763677,2026-06-15 09:45:23,$BBCA dikit lagi TP 6400,dikit untung,Netral (0),0.0,Negatif (-1),0.4891,BEDA ⚠️,
86,30490744,2026-04-17 15:42:34,$BBRI VS $BBCA wkwkwk jauh lah bos,vs wkwkwk bos,Positif (+1),6.0,Negatif (-1),0.4366,BEDA ⚠️,
87,20736790,2025-09-09 10:05:19,@bagus715 serok bawah $BBCA gak om ndar @bagus715,beli tidak om ndar,Positif (+1),2.0,Negatif (-1),0.4415,BEDA ⚠️,
88,28085759,2026-02-06 12:27:16,"$BBCA $BBNI $BBRI
Yuk kita bahas bagaimana sih investor dunia membaca bursa dan arah ekonomi? LUCU JUGA SIH Perilaku mereka... 🥰🥰🥰

Ada 5 peristiwa yg bisa kita pakai sebagai acuan dan bukti bagaimana sih dunia usaha (para konglo lokal dan internasional) MENCARI CARA MEMBACA SITUASI ekonomi Indonesia kedepannya :

1. Moody's Rating yg sengaja dibuat sentimen negatif padahal untuk mengetahui arah kebijakan ekonomi Indonesia, sentimen negatif diberikan agar mereka bisa diberitahu kepastiannya seperti apa
2. Indonesia Economic Summit 2026 yg intinya ingin mewawancarai MAS AHY agar bisa mengetahui apakah sudah ada kepastian kereta cepat dari jakarta - bandung - surabaya karena jawaban kepastian dan ketidak pastian akan menentukan apakah benar GIANT SEA WALL sepanjang pantai utara pulau Jawa akan dikerjakan segera, jika sudah pasti jawaban mas AHY maka kereta cepat akan dibangun di daratan Pulau Jawa, tapi bila digantung Mas AHY maka kereta cepat jakarta - Bandung - Surabaya akan dibangun di GIANT SEA WALL pantai utara pulau jawa
3. MEIKARTA yg dijadikan proyek percontohan hunian yg berbhineka tunggal ika, klo sukses maka akan mengarah kepada disegerakannya GIANT SEA WALL sepanjang pantai utara pulau Jawa
4. CNBC SQUAWK BOX yg fokus pada pembahasan green energy, tentu sebenarnya mau tahu KILANG APA YG MAU DIBANGUN DEN (DEWAN ENERGY NASIONAL), apakah kilang LNG, kilang DME, kilang bbm, kilang LPG, sampai2 mereka mengundang DIRJEN ESDM dan direktur GTSI untuk mengetahui planing kedepan Indonesia seperti apa. Belum lagi tahun 2027 udah pasti tuh KILANG LNG RAKSASA TERAPUNG TERBESAR KE 9 DIDUNIA Redi, apa mungkin kilang2 LNG didaerah tidak dibangun juga??? 
5. tambahan : bagaimana dengan baterai listrik, juga listrik2 desa mau pakai LNG atau baterai menggunakan pembangkit listrik tenaga surya? 

BINGUNG TOH... 🤣🤣🤣
enaklah rasanya dikerjain ama Bapak Presiden Prabowo Subianto.... 🔥🔥🔥",yuk bahas sih investor dunia membaca bursa ekonomi lucu sih perilaku peristiwa yg pakai acuan bukti sih dunia usaha konglo lokal internasional mencari membaca situasi ekonomi indonesia kedepannya moody rating yg sengaja sentimen negatif kebijakan ekonomi indonesia sentimen negatif diberitahu kepastiannya indonesia economic summit yg intinya mewawancarai mas ahy kepastian kereta cepat jakarta bandung surabaya kepastian ketidak pastian menentukan giant sea wall pantai utara pulau jawa mas ahy kereta cepat dibangun daratan pulau jawa digantung mas ahy kereta cepat jakarta bandung surabaya dibangun giant sea wall pantai utara pulau jawa meikarta yg dijadikan proyek percontohan hunian yg berbhineka tunggal ika sukses mengarah disegerakannya giant sea wall pantai utara pulau jawa cnbc squawk box yg fokus pembahasan green energy kilang yg dibangun den dewan energy nasional kilang lng kilang dme kilang bbm kilang lpg mengundang dirjen esdm direktur gtsi planing kedepan indonesia belum tuh kilang lng raksasa terapung terbesar didunia redi kilang lng didaerah tidak dibangun tambahan baterai listrik listrik desa pakai lng baterai pembangkit listrik tenaga surya bingung enaklah dikerjain ama presiden prabowo subianto untung untung untung,Positif (+1),3.0,Negatif (-1),0.4787,BEDA ⚠️,
89,6533554,2021-06-16 09:30:42,gak perlu muter jauh jauh. pada akhirnya juara nya tetap $BBCA. pasukan senggol bacok pencari mimpi di saham bank digital wannabe  yang bakal jadi leader nya siap siap jadi nyangkuter abadi kalo Lola banyak galau nya dan tidak berani Cut Loss ketika BONCOS...:grin::grin::grin:,tidak muter juara nya pasukan senggol bacok pencari mimpi saham bank digital wannabe leader nya nyangkuter abadi kalo lola galau nya tidak berani rugi rugi boncos grin grin grin,Negatif (-1),-3.0,Negatif (-1),0.4511,SAMA ✅,
90,20527251,2025-09-01 07:50:38,"Edukasi: Cara Menang Main Saham

Banyak orang berpikir bahwa bermain saham hanya soal keberuntungan, padahal kunci utama ada pada ilmu, strategi, dan disiplin. Pertama, pahami fundamental perusahaan yang ingin kamu beli. Pilih emiten yang memiliki prospek bisnis jelas, laporan keuangan sehat, dan manajemen yang kredibel. Dengan begitu, kamu tidak hanya ikut-ikutan tren, tapi benar-benar tahu nilai perusahaan tersebut.

Kedua, gunakan analisis teknikal untuk membaca pergerakan harga. Chart, volume, dan indikator teknikal dapat membantu menentukan kapan saat yang tepat untuk masuk atau keluar. Ingat, saham yang bagus pun bisa jadi merugikan kalau salah timing beli atau jual.

Ketiga, selalu siapkan strategi manajemen risiko. Tentukan target profit yang realistis, serta batas cut loss untuk meminimalkan kerugian. Jangan biarkan emosi seperti serakah atau panik mengambil alih keputusan. Trader dan investor yang sukses adalah mereka yang disiplin terhadap strategi, bukan yang hanya mengandalkan feeling.

Terakhir, jangan berhenti belajar. Dunia saham bergerak cepat dan penuh dinamika. Semakin banyak pengetahuan dan pengalaman yang kamu kumpulkan, semakin besar peluangmu untuk konsisten menang.

Saya sendiri sudah membuktikan strategi ini lewat berbagai prediksi yang banyak terbukti tepat sasaran. Jika kamu ingin melihat analisis dan prediksi yang saya bagikan, silakan kunjungi profil saya. Di sana saya rutin membagikan insight yang bisa jadi bahan pertimbangan untuk keputusan investasi kamu.
$BBCA $BMRI $BSBK",edukasi menang main saham orang berpikir bermain saham keberuntungan kunci utama ilmu strategi disiplin pahami fundamental perusahaan beli pilih emiten memiliki prospek bisnis laporan keuangan sehat manajemen kredibel tidak ikutan tren nilai perusahaan analisis teknikal membaca pergerakan harga chart volume indikator teknikal membantu menentukan masuk saham bagus merugikan salah timing beli jual ketiga siapkan strategi manajemen risiko tentukan target untung realistis batas rugi rugi meminimalkan kerugian jangan biarkan emosi serakah panik mengambil alih keputusan trader investor sukses disiplin strategi bukan mengandalkan feeling jangan berhenti belajar dunia saham bergerak cepat penuh dinamika pengetahuan pengalaman kumpulkan peluangmu konsisten menang membuktikan strategi prediksi terbukti sasaran analisis prediksi bagikan silakan kunjungi profil rutin membagikan insight bahan pertimbangan keputusan investasi,Positif (+1),59.0,Negatif (-1),0.4997,BEDA ⚠️,
91,10441372,2022-12-27 10:10:47,"JAKARTA, PT Bayan Resources Tbk (BYAN) berhasil menorehkan sejarah dengan kapitalisasi pasar saham berhasil menyalip PT Bank Rakyat Indonesia Tbk (BBRI) untuk posisi kedua terbesar di Bursa Efek Indonesia (BEI).Baca juga: Dahsyat! Market Cap Bayan (BYAN) Salip BRI (BBRI)Kini, Bayan membayangi saham ...",jakarta pt bayan resources tbk byan berhasil menorehkan sejarah kapitalisasi pasar saham berhasil menyalip pt bank rakyat indonesia tbk bbri posisi terbesar bursa efek indonesia bei baca dahsyat market cap bayan byan salip bri bbri bayan membayangi saham,Positif (+1),15.0,Negatif (-1),0.519,BEDA ⚠️,
92,30968056,2026-04-28 12:44:17,"$WBSA itu-itu yg mau jual langsung post sama id ya aja


rt $WMUU $BBCA",yg jual langsung post id ya aja rt,Positif (+1),9.0,Negatif (-1),0.4341,BEDA ⚠️,
93,6103734,2021-03-31 14:25:59,$BBCA sabar oiii jng naek dulu,sabar oi jng naek,Positif (+1),5.0,Negatif (-1),0.3888,BEDA ⚠️,
94,17530697,2025-02-17 10:55:18,Hijau mu palsu $BMRI $BBCA $BBRI BBNI besok juga keluar wajah aslinyah,mu palsu bbni besok wajah aslinyah,Netral (0),0.0,Negatif (-1),0.4313,BEDA ⚠️,
95,9646647,2022-09-19 14:37:59,$BBCA king of ihsg emang bukan kaleng2 nih emiten dah teruji dari belasan tahun,king of ihsg emang bukan kaleng nih emiten teruji belasan,Netral (0),0.0,Negatif (-1),0.4437,BEDA ⚠️,
96,29811457,2026-03-30 10:06:22,"$BBCA rungkad guys 
masih hodl belum ada niatan CL",rungkad guys hodl belum niatan rugi,Positif (+1),5.0,Positif (+1),0.4126,SAMA ✅,
97,29040527,2026-02-28 05:22:00,"$INDS BABAK BARU DI MULAI 🐉🐉🐉🐉🐉🐉

RANDOM $BBRI $BBCA",babak random,Negatif (-1),-8.0,Negatif (-1),0.4396,SAMA ✅,
98,23555086,2025-11-17 06:32:44,"Goldman Sachs: Buy Emerging Market

Selamat pagi teman-teman di $IHSG  

Goldman Sachs kembali menegaskan sebuah TESIS INVESTASI: Dekade mendatang bukan lagi tentang dominasi Amerika, tetapi tentang kebangkitan Emerging Markets. Dengan proyeksi return 10.9% per tahun (bahkan 12.8% dalam USD), EM menjadi kawasan dengan potensi keuntungan tertinggi secara global—didukung pertumbuhan EPS 8–9% (pertumbuhan laba), dividend yield solid, dan valuasi yang jauh lebih murah dibanding S&P 500 yang sudah berada di level premium historis. Sementara AS memasuki fase perlambatan dengan return jangka panjang hanya 6.5%, Asia dan EM justru berada pada percepatan struktural.

China, India, Indonesia, dan Filipina menunjukkan proyeksi pertumbuhan laba 8–13% untuk 10 tahun ke depan—didorong demografi, urbanisasi, supply-chain shift, dan ekspansi kelas menengah. Ini adalah fondasi pertumbuhan yang tidak dimiliki ekonomi Barat yang sedang menua dan kehilangan momentum produktivitas.

The West is falling, the future is in Asia - Putin

Sejarah pun sejalan dengan data. Setiap kali valuasi EM berada di titik ekstrem rendah terhadap AS—seperti 1999 dan 2009—yang terjadi setelahnya adalah satu dekade penuh outperformance dan reli komoditas. Hari ini, kita kembali berada di titik undervaluation yang sama.

Saya akan ulang berkali-kali: ini adalah dekade bagi Emerging Markets, bagi komoditas, dan bagi IHSG untuk memasuki bull market jangka panjang.

Jangan lupa beli BANKING ($BBCA $BMRI BBRI), karena mereka adalah proxy ekonomi kita.",goldman sachs buy emerging market selamat pagi teman teman goldman sachs tesis investasi dekade bukan dominasi amerika kebangkitan emerging markets proyeksi return usd em kawasan potensi keuntungan tertinggi global didukung pertumbuhan eps pertumbuhan laba dividend yield solid valuasi murah dibanding level premium historis as memasuki fase perlambatan return jangka asia em percepatan struktural china india indonesia filipina proyeksi pertumbuhan laba didorong demografi urbanisasi supply chain shift ekspansi kelas menengah fondasi pertumbuhan tidak dimiliki ekonomi barat menua kehilangan momentum produktivitas the west is falling the future is in asia putin sejarah sejalan data kali valuasi em titik ekstrem rendah as setelahnya dekade penuh outperformance reli komoditas titik undervaluation ulang berkali kali dekade emerging markets komoditas ihsg memasuki market jangka jangan lupa beli banking bbri proxy ekonomi,Positif (+1),19.0,Negatif (-1),0.4855,BEDA ⚠️,
99,14395843,2024-04-03 12:11:33,"$FILM ssttttt 🤫🤫




$BRIS $BBCA $FWCT",sst,Netral (0),0.0,Negatif (-1),0.5296,BEDA ⚠️,
100,14834654,2024-05-27 15:50:51,"$BBCA kalau closing under ma200 di 9359.  

siap siap angkat koper deh... $IHSG",closing under ma angkat koper deh,Positif (+1),3.0,Negatif (-1),0.451,BEDA ⚠️,
101,12325001,2023-09-17 20:55:21,"Dapatkan analisa saham lainnya secara GRATIS hanya di Channel Salam Cuan!

https://bit.ly/3TcdpEu

*DISCLAIMER*
Seluruh aksi jual/beli sepenuhnya menjadi keputusan pribadi. Kami tidak bertanggung jawab atas resiko dan juga kerugian yang mungkin terjadi.

BBCA gagal untuk melanjutkan kenaikan pasca breakout dan sekarang sedang turun bersama dengan outflow asing. Semoga BBCA dibawa turun lebih dalam lagi setidaknya sampai ke area 8900 mendekati area support MA200 daily. Jika sudah sampai ke area ini bisa menjadi entry point ya tentunya dengan batas CL under MA 200 daily.

$BBCA $BBNI $BMRI",dapatkan analisa saham gratis channel salam untung disclaimer aksi jual beli sepenuhnya keputusan pribadi tidak bertanggung resiko kerugian bbca jelek rugi melanjutkan kenaikan pasca untung turun outflow asing semoga bbca dibawa turun area mendekati area support ma daily area entry point ya batas rugi under ma daily,Positif (+1),3.0,Negatif (-1),0.5184,BEDA ⚠️,
102,29547020,2026-03-12 11:27:20,$BBCA Baru pertama kali RUPS di jemur diluar mana puasa. Kirain bisa antri di lobby atau di basement. Yang masih muda pada kuat gatau kalo lansia yang kejemur diluar berjam jam.,kali rups jemur diluar puasa kirain antri lobby basement muda kuat gatau kalo lansia kejemur diluar berjam jam,Negatif (-1),-3.0,Negatif (-1),0.4612,SAMA ✅,
103,32326500,2026-06-03 11:46:40,"$TRUE Time to BUY 

$BBCA $BREN",time to buy,Positif (+1),2.0,Negatif (-1),0.5147,BEDA ⚠️,
104,17266180,2025-01-24 15:16:49,"$BREN san $BBCA
LAGI JANJIAN HARGA",san janjian harga,Netral (0),0.0,Negatif (-1),0.4452,BEDA ⚠️,
105,33427801,2026-07-07 14:20:39,$BUMI $BBCA $GOTO ayoo panggil bandar dari emiten lain,ayoo panggil bandar emiten,Negatif (-1),-1.0,Negatif (-1),0.4747,SAMA ✅,
106,7274115,2021-10-01 10:32:25,"$ENZO goreng udangnya boss
$BBCA $BABP $BACA",goreng udangnya boss,Positif (+1),1.0,Negatif (-1),0.4589,BEDA ⚠️,
107,7240788,2021-09-27 09:28:05,"@alphatraderid 
Happy Cuan All!, Nicee $AGRO nya udah hit TP2  ya, yang mau TP silahkan, yang masih mau lanjut pasang TS nya. disiplin on plan yes! :ok_hand: 

Disclaimer On
$BBRI $BBCA $BMRI",happy untung all nicee nya hit untung ya untung silahkan pasang ts nya disiplin on plan yes ok hand disclaimer on,Positif (+1),38.0,Negatif (-1),0.4684,BEDA ⚠️,
108,27487188,2026-01-28 15:41:36,"$BBCA  mandiri Aladdin (Asset, Liability, Debt and Derivative Investment Network) adalah ""otak digital"" atau platform teknologi manajemen investasi milik BlackRock, perusahaan pengelola aset terbesar di dunia.
​Platform ini sangat kuat sehingga sering disebut sebagai sistem yang ""menjalankan dunia keuangan"" karena skala dan jangkauan pengaruhnya.
​1. Apa Itu Aladdin?
​Secara teknis, Aladdin adalah perangkat lunak yang mengintegrasikan manajemen risiko, manajemen portofolio, perdagangan (trading), dan operasi dalam satu bahasa data yang sama.
​Aset yang Dikelola: Hingga tahun 2025/2026, Aladdin diperkirakan membantu mengelola lebih dari $20 triliun aset (sekitar Rp310.000 triliun), yang mencakup sekitar 7-10% dari total aset keuangan dunia.
​Pengguna: Tidak hanya digunakan oleh BlackRock sendiri, tetapi juga dilisensikan kepada bank sentral, dana pensiun (seperti BPJS atau Taspen versi luar negeri), perusahaan asuransi, dan bank investasi besar.",mandiri aladdin asset liability debt and derivative investment network otak digital platform teknologi manajemen investasi milik blackrock perusahaan pengelola aset terbesar dunia platform kuat sistem menjalankan dunia keuangan skala jangkauan pengaruhnya aladdin teknis aladdin perangkat lunak mengintegrasikan manajemen risiko manajemen portofolio perdagangan trading operasi bahasa data aset dikelola aladdin membantu mengelola triliun aset rp triliun mencakup total aset keuangan dunia pengguna tidak blackrock dilisensikan bank sentral dana pensiun bpjs taspen versi negeri perusahaan asuransi bank investasi,Positif (+1),6.0,Negatif (-1),0.4934,BEDA ⚠️,
109,14442426,2024-04-16 09:07:01,$BBCA ini yg gua suka 🤑🤑🤑,yg gua suka untung untung untung,Positif (+1),12.0,Negatif (-1),0.421,BEDA ⚠️,
110,6101577,2021-03-31 11:39:49,"bakal turun sampe segini kalo based on cluster fibo weekly, siapin cash aja ah $BBCA ",turun sampe segini kalo based on cluster fibo weekly siapin cash aja ah,Netral (0),0.0,Negatif (-1),0.4366,BEDA ⚠️,
111,33145767,2026-06-26 16:04:23,"$BBCA $BBRI close ijo

$IHSG close minus",close close minus,Negatif (-1),-7.0,Negatif (-1),0.5131,SAMA ✅,
112,17470544,2025-02-11 16:11:39,"📈 Investor Pasar Modal Naik 6X Lipat! 🚀
OJK mencatat jumlah investor pasar modal melonjak 6 kali lipat dalam 5 tahun terakhir, mencapai 14,87 juta investor per Desember 2024! Kemudahan akses digital, edukasi keuangan, dan tren di kalangan milenial jadi pendorong utama.
📖 Selengkapnya: https://bursa.nusantaraofficial.com/naik-6-kali-lipat-1487-juta-investor-di-bursa-efek-5-tahun-ini/

 $BBCA $PANI $BREN",untung investor pasar modal lipat untung ojk mencatat investor pasar modal melonjak kali lipat mencapai juta investor desember kemudahan akses digital edukasi keuangan tren kalangan milenial pendorong utama selengkapnya,Positif (+1),18.0,Negatif (-1),0.4737,BEDA ⚠️,
113,22490795,2025-10-21 09:16:00,"$BBCA naik lagi jangan seneng dulu kawan, tapi dalem ati gw begini",jangan seneng kawan dalem ati gw,Negatif (-1),-8.0,Negatif (-1),0.421,SAMA ✅,
114,24906130,2025-12-15 15:04:40,"$BBCA
Kelihatan sangat jelas, naiknya saham2 big bank tidak mampu menahan IHSG. Anjloknya saham2 Konglo membuat $IHSG demam.
Jadi..$IHSG memang digerakkan oleh saham2 Konglo.",naiknya saham big bank tidak menahan ihsg anjloknya saham konglo demam digerakkan saham konglo,Positif (+1),5.0,Negatif (-1),0.5116,BEDA ⚠️,
115,33632662,2026-07-12 18:49:45,"Jangan terlalu dipercaya fear2 Asing untuk menekan & membatalkan kebijakan2 yg merugikan asing 😂

Emiten2 udah lebih murah dari krisis beneran 2008/2020, akibat narasi fear asing 😂. 

kenyataannya Ekonomi dilapangan fundamental perbankan masih oke 😂. 

$IHSG $BBCA $PTBA",jangan dipercaya fear asing menekan membatalkan kebijakan yg merugikan asing emiten murah krisis beneran akibat narasi fear asing kenyataannya ekonomi dilapangan fundamental perbankan oke,Negatif (-1),-5.0,Negatif (-1),0.4552,SAMA ✅,
116,6769329,2021-07-22 13:55:42,"JAKARTA, Pemodal asing mencatatkan pembelian bersih (net buy) saham hingga Rp 507,24 miliar. Nilai tersebut terjadi di tengah lonjakan iIndeks harga saham gabungan (IHSG) Bursa Efek Indonesia (BEI) sesi I, Kamis (22/7), sebesar 77,81 poin (1,29%) hingga menembus level di atas 6.100, tepatnya 6.107,7...",jakarta pemodal asing mencatatkan pembelian bersih net buy saham rp miliar nilai lonjakan iindeks harga saham gabungan ihsg bursa efek indonesia bei sesi kamis poin menembus level tepatnya,Positif (+1),12.0,Negatif (-1),0.5042,BEDA ⚠️,
117,14391473,2024-04-03 09:06:36,$BBCA wauwww,wauw,Netral (0),0.0,Negatif (-1),0.4614,BEDA ⚠️,
118,33921959,2026-07-20 14:28:35,"$BBCA

jual dulu ndroooo , bos bca aja jual masa lo enggak ...",jual ndro bos bca aja jual lo,Positif (+1),6.0,Negatif (-1),0.4434,BEDA ⚠️,
119,17339493,2025-02-03 11:24:58,"$BBCA sepertinya untuk saat ni LK suatu emiten bagus/jelek sudah g pengaruh ke hrg saham nya..apakah fundamental sudah gak bisa dijadikan  tolak ukur lagi,gak tau ah pusiiing mending nonton drakor dlu dah...",ni lk emiten bagus jelek tidak pengaruh hrg saham nya fundamental tidak dijadikan tolak ukur tidak tau ah pusing mending nonton drakor dlu,Positif (+1),2.0,Negatif (-1),0.4362,BEDA ⚠️,
120,32438440,2026-06-05 10:43:57,"$BBCA
anjinggggg busukk",anjing busukk,Negatif (-1),-4.0,Negatif (-1),0.4608,SAMA ✅,
121,31559338,2026-05-11 13:39:20,$IHSG $CDIA $BBCA awowkwk meme coin,awowkwk meme coin,Netral (0),0.0,Negatif (-1),0.4771,BEDA ⚠️,
122,32131053,2026-05-25 17:46:56,$BBCA NFS nya bug kah?,nfs nya bug kah,Netral (0),0.0,Negatif (-1),0.4555,BEDA ⚠️,
123,10509537,2023-01-05 15:19:31,"mantap, memang betul bung @TAUFIK79
$BBRI dan $BBCA",mantap,Positif (+1),5.0,Negatif (-1),0.4181,BEDA ⚠️,
124,30661573,2026-04-22 10:41:22,"alias kapan ya $BBCA ara, coba contoh tuh $BDMN come on",alias ya coba contoh tuh come on,Positif (+1),6.0,Negatif (-1),0.4403,BEDA ⚠️,
125,34057135,2026-07-22 20:40:54,"Tamatlah tsudah alkisah kami..

$BBRI $BBCA $BMRI",tamatlah tsudah alkisah,Negatif (-1),-4.0,Negatif (-1),0.4895,SAMA ✅,
126,12105057,2023-08-25 09:32:13,$BBCA kenapa g bisa di jual  ya,tidak jual ya,Negatif (-1),-5.0,Negatif (-1),0.4433,SAMA ✅,
127,17733051,2025-03-03 15:55:40,"Membuat ringkasan dengan AI     JP Morgan merevisi rating atau peringkat sejumlah perbankan raksasa Tanah Air. Revisi dilakukan pada saham-saham seperti PT Bank Rakyat Indonesia (BBRI), PT Bank Mandiri Tbk (BMRI), PT Bank Negara Indonesia Tbk (BBNI), hingga PT Bank Central Asia Tbk (BBCA). Dalam ri...",ringkasan ai jp morgan merevisi rating peringkat perbankan raksasa tanah air revisi saham saham pt bank rakyat indonesia bbri pt bank mandiri tbk bmri pt bank negara indonesia tbk bbni pt bank central asia tbk bbca ri,Negatif (-1),-4.0,Negatif (-1),0.5386,SAMA ✅,
128,28321842,2026-02-11 18:22:11,"akhir tahun mungkin ketika $IHSG udah rally 10.000 , laporan keuangan nya BIG CAP BANK BANK yang udah pada ngasih laporan keuangan Q3-Q4 saya akan stop buy buy emiten longggggg therm sampai IHSG koreksi lagi, thn ini awal tahun udh lega banget dapat diskonan saat HALT IHSG kemarin 2x buat ke akhir thn semoga jadi cuan, saya akan buy buy lagi di 2027 awal tahun-maret sampai IHSG koreksi lagi 🔁 




$BBCA $BBNI",rally laporan keuangan nya big cap bank bank ngasih laporan keuangan stop buy buy emiten long therm ihsg koreksi thn lega banget diskonan halt ihsg kemarin thn semoga untung buy buy maret ihsg koreksi,Positif (+1),19.0,Negatif (-1),0.4998,BEDA ⚠️,
129,19589220,2025-07-25 15:48:57,"ada yg persis nyangkut di sekitar 10.200, pasti ngambil barang terakhir pas akhir tahun lalu nih. kalau saya sih gak mau average down selama ekonomi makro gak jelas begini, daya beli masyarakat menyedihkan, dsj. mending duit tersisa lainnya, masuk di emiten lain.  lagian $BBCA gak akan kemana2.",yg persis rugi ngambil barang pas nih sih tidak average down ekonomi makro tidak daya beli masyarakat menyedihkan dsj mending duit tersisa masuk emiten tidak kemana,Negatif (-1),-0.5,Negatif (-1),0.4913,SAMA ✅,
130,31168178,2026-05-04 10:01:18,$BBCA sekarang buat scalping an jirr,scalping an jirr,Netral (0),0.0,Negatif (-1),0.4588,BEDA ⚠️,
131,27509872,2026-01-29 06:15:22,"Pak Purbaya Geruduk BEI Jika IHSG tidak Pulih Sebelum Maret

$IHSG $BBCA $PTBA ADRO UNTR ITMG 

Jakarta - Menteri Keuangan Purbaya Yudhi Sadewa mengaku sudah berkomunikasi dengan Otoritas Jasa Keuangan (OJK) untuk memberikan peringatan serta arah perbaikan pasar saham kepada Bursa Efek Indonesia (BEI). Hal ini menyusul babak belurnya Indeks Harga Saham Gabungan (IHSG) hari ini yang minus sampai 7,35% ke level 8.320 pada penutupan perdagangan hari ini.
Purbaya bilang jika sampai akhir Maret 2026 belum ada perubahan berarti yang dilakukan BEI, dia akan menggeruduk bursa saham sebagai Ketua Komite Stabilitas Sistem Keuangan (KSSK).

""Saya udah minta ke OJK Untuk konfrontasi dengan BEI. Sekarang bulan apa? Januari. Kalau sampai akhir Maret nggak jalan, saya akan ke sana sebagai Ketua KSSK. Sekarang kita biarkan mereka kerja dulu,"" ujar Purbaya di Kompleks Istana Kepresidenan, Jakarta Pusat, Rabu (28/1/2026).

Baca juga:
IHSG Tergelincir Jauh dari Target 10.000, Bos BEI: Silakan Hubungi Pak Purbaya
Purbaya menjelaskan, sentimen pengumuman dari Morgan Stanley Capital International (MSCI) soal bursa saham Indonesia jadi biang kerok panic selling di bursa. Hal itu membuktikan bahwa bursa selama ini kurang transparan dan praktik goreng saham masih menjamur.

Sejak pertemuan dengan BEI beberapa waktu lalu, Purbaya sudah mewanti-wanti agar hal ini segera diperbaiki.

""Saya bilang perbaiki pasar saham dari ulah para penggoreng saham. Sebetulnya arahnya ke situ. Cuman kemarin mereka geraknya agak pelan atau mungkin masih dalam plan mereka,"" ujar Purbaya.

Sejauh ini, Purbaya sudah mengantongi komitmen perbaikan dari BEI agar pasar saham kembali pulih dan stabil.

""Seharusnya sih, saya udah cek dengan Ketua OJK tadi, dia clear akan membereskan semua yang disebutkan di MSCI tadi sebelum Mei,"" kata Purbaya.

Simak juga Video: Sempat Diprediksi Tembus Level 9.000, Target IHSG Gagal Total!",purbaya geruduk bei ihsg tidak pulih maret adro untr itmg jakarta menteri keuangan purbaya yudhi sadewa mengaku berkomunikasi otoritas jasa keuangan ojk peringatan perbaikan pasar saham bursa efek indonesia bei menyusul babak belurnya indeks harga saham gabungan ihsg minus level penutupan perdagangan purbaya bilang maret belum perubahan bei menggeruduk bursa saham ketua komite stabilitas sistem keuangan kssk ojk konfrontasi bei januari maret nggak jalan ketua kssk biarkan kerja purbaya kompleks istana kepresidenan jakarta pusat rabu baca ihsg tergelincir target bos bei silakan hubungi purbaya purbaya sentimen pengumuman morgan stanley capital international msci bursa saham indonesia biang kerok panic selling bursa membuktikan bursa kurang transparan praktik goreng saham menjamur pertemuan bei purbaya mewanti wanti diperbaiki bilang perbaiki pasar saham ulah penggoreng saham arahnya situ cuman kemarin geraknya pelan plan purbaya purbaya mengantongi komitmen perbaikan bei pasar saham pulih stabil sih cek ketua ojk clear membereskan msci mei purbaya simak video diprediksi tembus level target ihsg jelek rugi total,Negatif (-1),-5.5,Negatif (-1),0.533,SAMA ✅,
132,6803813,2021-07-28 09:05:04,$BBCA lumayan tambah muatan sedikit dpt di bawah 30k ,lumayan muatan dpt,Negatif (-1),-4.0,Negatif (-1),0.4705,SAMA ✅,
133,7848390,2022-01-14 21:01:10,btw pada target di harga brp neh mau TP $BBCA?:grin:,btw target harga brp neh untung grin,Positif (+1),4.0,Negatif (-1),0.4521,BEDA ⚠️,
134,24628862,2025-12-10 13:04:48,"$BBCA Hancur lebur, portfolioku terjerumus makin dalam 😡",jelek lebur portfolioku terjerumus,Negatif (-1),-12.0,Negatif (-1),0.4023,SAMA ✅,
135,27105070,2026-01-23 08:56:58,$BBCA Hari ini ke sini dulu. Ga bakalan ijo,tidak,Netral (0),0.0,Negatif (-1),0.4265,BEDA ⚠️,
136,19207167,2025-07-10 09:17:45,$BBRI $BBCA ciyuss ni BBRI ngasi kejutan 2%... BBCA bakal nyusul kali si harusnya...😁,ciyuss ni bbri ngasi kejutan bbca nyusul kali si,Positif (+1),3.0,Negatif (-1),0.4018,BEDA ⚠️,
137,31766350,2026-05-18 09:43:11,"$BBCA hancur $IHSG terus down
Selama itu org yapping terus
Mending diem deh, ngomong malah bkin memperparah keadaan.",jelek down org yapping mending diem deh ngomong bkin memperparah,Negatif (-1),-2.0,Negatif (-1),0.493,SAMA ✅,
138,28423052,2026-02-13 11:23:11,$BBCA selamat siang saham gorengan,selamat siang saham gorengan,Positif (+1),5.0,Positif (+1),0.4118,SAMA ✅,
139,20853603,2025-09-12 09:30:14,"QE guys, saatnya banking $BBCA $BBRI $BBNI",qe guys banking,Positif (+1),1.0,Negatif (-1),0.4742,BEDA ⚠️,
140,31278957,2026-05-06 09:23:58,"Om ada merah portonya?

Pasti ada.... 🤣


$ITMG $BBCA $ESSA",om turun portonya,Negatif (-1),-3.0,Negatif (-1),0.4648,SAMA ✅,
141,21899443,2025-10-08 11:55:16,$BBCA ke 7200 yuk,yuk,Positif (+1),4.0,Negatif (-1),0.4417,BEDA ⚠️,
142,19601880,2025-07-27 14:43:30,"$HMSP 

revenue/ penjualan  Q2,, 2025
28.7 TRILIUN.. +-

hitungan sendiri,, data sendiri,, buat sendiri,,

$GGRM $BBCA",revenue penjualan triliun hitungan data,Negatif (-1),-3.0,Negatif (-1),0.5029,SAMA ✅,
143,10940841,2023-03-14 19:05:56,@VictoriaElizabeth bagi bandar asing momen dividend 😎 Time 's Mark Down 😆😁😂😅🔥🔥🔥 $BBCA   $BBRI  $BMRI  $BBNI,bandar asing momen dividend time mark down untung untung untung,Positif (+1),9.0,Negatif (-1),0.4899,BEDA ⚠️,
144,32929334,2026-06-19 15:38:27,"Keren MM yg masuk hari ni di $BBCA ngegendong $IHSG, kalo pun nyangkut, nyangkutnya di blue chip😂",keren mm yg masuk ni ngegendong kalo rugi nyangkutnya blue chip,Negatif (-1),-2.5,Negatif (-1),0.4107,SAMA ✅,
145,29227617,2026-03-04 11:17:32,$BBCA okeh akhirnya saya masuk di emiten ini untuk pertama kalinya,okeh masuk emiten kalinya,Positif (+1),1.5,Negatif (-1),0.4316,BEDA ⚠️,
146,8345986,2022-04-05 16:21:11,$BBCA dari kemarin2 doyan banget narik2 keatas mnjelang closing 😶,kemarin doyan banget narik keatas mnjelang closing,Positif (+1),1.0,Negatif (-1),0.4022,BEDA ⚠️,
147,14925971,2024-06-04 21:51:10,RDN nganggur lumayan scalping  di $BBCA,rdn nganggur lumayan scalping,Negatif (-1),-2.0,Negatif (-1),0.4452,SAMA ✅,
148,32328945,2026-06-03 12:02:13,"$BBRI $BBCA $SIDO ICBP PWON ACES
Sy bukan dukun. Tapi saya ada penerawangan kalau 3 dari saham di atas akan dimention oleh suhu @rich86 ditambah dengan kata ""rungkat"", tapi tidak ada kata kata ""ngangkat"". Dipost jam 4-5 sore.",icbp pwon aces sy bukan dukun penerawangan saham dimention suhu ditambah rungkat tidak ngangkat dipost jam sore,Positif (+1),3.0,Negatif (-1),0.4208,BEDA ⚠️,
149,32719796,2026-06-12 12:19:02,$BBCA kejemput g bang?,kejemput tidak bang,Netral (0),0.0,Negatif (-1),0.4177,BEDA ⚠️,
150,14156995,2024-03-07 09:36:02,@roy1 benar harus positive thinking terus. Karena cuma itu yg bisa dilakukan para holder $BBTN wkwkwk. Padahal dananya lebih produktif kalau dialihkan ke bank lain. $BBCA aja udah balik ke atas 10rb.,positive thinking yg holder wkwkwk dananya produktif dialihkan bank aja rb,Positif (+1),6.0,Negatif (-1),0.4507,BEDA ⚠️,
151,15879411,2024-09-26 09:12:32,@SelebMania iyaa benerr lagi.. jatoh ke 100 beli banyak langsug $BBCA tp kayany cuma jd mimpi disiang bolong,iyaa benerr jatoh beli langsug untung kayany jd mimpi disiang bolong,Positif (+1),5.0,Negatif (-1),0.3995,BEDA ⚠️,
152,16306997,2024-11-11 10:26:43,"pantes, ternyata lagi promo puncak 11.11 big sale $BBRI $BBNI $BBCA $BMRI 😭🤣",pantes promo puncak big sale rugi turun,Negatif (-1),-6.0,Negatif (-1),0.4329,SAMA ✅,
153,18019352,2025-03-24 13:26:59,"Bisa nih $IHSG 5900

mana kemarin yg ngatain ngatain IHSG akan hijau

udah dibilang hijau kamuflase 🤣🤣

udah CL semua, Pemerintah juga gak peduli

$BMRI $BBCA",nih kemarin yg ngatain ngatain ihsg dibilang kamuflase rugi pemerintah tidak peduli,Negatif (-1),-18.0,Negatif (-1),0.4407,SAMA ✅,
154,33927065,2026-07-20 15:22:39,"tetap optimis 
$BBCA is optimuz prime 
where is bumble bee ? im here $BBRI",optimis is optimuz prime where is bumble bee im here,Netral (0),0.0,Negatif (-1),0.4743,BEDA ⚠️,
155,27901883,2026-02-04 09:13:45,$BBCA ko target kita di 8800 ya 😁🐉,ko target ya,Positif (+1),4.0,Negatif (-1),0.4058,BEDA ⚠️,
156,14834087,2024-05-27 15:31:48,$BBRI $BBNI $BMRI $BBCA pada mau sedalem apaaaa sih???,sedalem sih,Netral (0),0.0,Negatif (-1),0.4557,BEDA ⚠️,
157,26436359,2026-01-13 15:47:28,$BBCA kapan king balik ke 10 ribu. 1 Tahun kek kena kanker berdarah terus kingggggg,king ribu kek kena kanker turun king,Negatif (-1),-6.0,Negatif (-1),0.4413,SAMA ✅,
158,13399243,2023-12-28 07:33:26,"Nilai tukar rupiah terhadap dolar AS berpotensi melanjutkan penguatan pada Kamis (28/12/2023) seiring dengan ekspektasi investor perihal The Fed akan mulai memangkas suku bunga pada 2024 mendatang.

“Pejabat Fed juga baru-baru ini memperingatkan bahwa spekulasi penurunan suku bunga lebih awal tidak berdasar, terutama karena inflasi masih tetap stabil,”

$BBCA $BBNI $BBRI $BMRI
Sumber: https://market.bisnis.com/read/20231228/93/1727714/nilai-tukar-rupiah-terhadap-dolar-as-hari-ini-kamis-28122023",nilai tukar rupiah dolar as berpotensi melanjutkan penguatan kamis seiring ekspektasi investor perihal the fed memangkas suku bunga pejabat fed memperingatkan spekulasi penurunan suku bunga tidak berdasar inflasi stabil sumber,Positif (+1),7.0,Negatif (-1),0.4835,BEDA ⚠️,
159,6619453,2021-06-28 20:38:23, @RestuLee tanggung ngab langsung aj $bris lewatin $BBCA :see_no_evil:,tanggung ngab langsung aj lewatin see no evil,Positif (+1),1.0,Negatif (-1),0.4502,BEDA ⚠️,
160,32839505,2026-06-17 12:46:29,"Emas Ada yang Nego 2,8T seharusnya Netsell hari ini $EMAS, $TPIA $BBCA",emas nego netsell,Netral (0),0.0,Negatif (-1),0.5049,BEDA ⚠️,
161,34029092,2026-07-22 11:52:53,"Biasanya kalau $IHSG merah begini, akan banyak postingan2an menjelek2an pemerintah 

Yuk kita tunggu  🤣, tadi sih sudah ada beberapa muncul 

$BBCA $DEWA",turun postingan an menjelek an pemerintah yuk tunggu sih muncul,Positif (+1),3.0,Negatif (-1),0.4211,BEDA ⚠️,
162,9565666,2022-09-09 14:21:01,$BBCA ayo go go. $VRNA $BBRI,ayo go go,Positif (+1),4.0,Negatif (-1),0.4853,BEDA ⚠️,
163,22473731,2025-10-20 16:23:41,$BBCA akankah meroket LG besok🚀,meroket lg besok untung,Positif (+1),4.0,Negatif (-1),0.4144,BEDA ⚠️,
164,20037713,2025-08-12 10:11:59,"$IHSG 17 agustus ihsg pecah 8000. here we go !!
 $BBRI $BBCA",agustus ihsg pecah here we go,Netral (0),0.0,Negatif (-1),0.4757,BEDA ⚠️,
165,19707454,2025-07-30 17:34:54,$BBCA best of the best👍,best of the best,Netral (0),0.0,Negatif (-1),0.5073,BEDA ⚠️,
166,25620264,2025-12-31 07:56:33,"#TIPS
Sekedar ingin membagi ilmu sedikit
sering kita mendengar pernyataan ""untuk apa menaruh uang di bank atau cash dalam jumlah banyak,lebih baik diinvestasikan"" disini saya ingin meluruskan...cash itu sangat lah penting...sebisa mungkin 50 % cash dan 50 % di investasikan ( bisa emas,saham,obligasi..) jangan menghabiskan cash anda...karena apa ....karena ketika krisis itu terjadi yang akan jadi pemenang adalah yang pegang cash sebanyak mungkin....ironi memang jika kita tidak investasikan semua nya..tapi itu faktanya itu benar ( CASH IS THE KING )....so remember...sisakan selalu dana anda ....
$BBRI $BBCA $BMRI ✌✌",tips sekedar membagi ilmu mendengar pernyataan menaruh uang bank cash diinvestasikan meluruskan cash sebisa cash investasikan emas saham obligasi jangan menghabiskan cash krisis pemenang pegang cash ironi tidak investasikan nya faktanya cash is the king so remember sisakan dana,Positif (+1),21.0,Negatif (-1),0.5156,BEDA ⚠️,
167,33851784,2026-07-17 10:05:51,"$BBCA
Masih duduk manis....",duduk manis,Positif (+1),5.0,Negatif (-1),0.462,BEDA ⚠️,
168,18939234,2025-06-19 11:35:10,"$BBRI $BMRI $BBCA satu"" nya sentimen positif hari ini adalah kucing saya melahirkan 4 anak",nya sentimen positif kucing melahirkan anak,Positif (+1),1.0,Negatif (-1),0.4804,BEDA ⚠️,
169,32701351,2026-06-12 09:21:50,"$BBCA sabar... menunggu 
4.330-4680  beli 50% dr porto untuk seminggu investasi 
4680-5.400 beli  20% untuk trading",sabar menunggu beli porto seminggu investasi beli trading,Positif (+1),6.0,Negatif (-1),0.5089,BEDA ⚠️,
170,18957245,2025-06-20 11:06:45,"Singkat.

Yang nyalahin Prabowo kenapa gak datang ke G7, tapi milih ke Rusia, milih gabung BRICS.

Pura-pura atau beneran gak tau IEU CEPA dengan Uni Eropa mau rampung ?

Aksesi OECD sudah sampai tahap penyerahan Initial Memorandum (IM), artinya keanggotaan Indonesia di OECD sudah semakin dekat.

Dan sebelum Presiden Prabowo pergi ke luar negeri (Singapura, singgah di Ceko, lalu ke Rusia), beliau sempat bertelepon dengan Presiden Trump. 
Ada postingan di Instagram-nya.

.........
Kalo $IHSG lagi anjlok, mulai deh jurus ngadi-ngadi nya pada keluar semua 🤣

$BBCA $RATU",singkat nyalahin prabowo tidak tidak milih rusia milih gabung brics pura pura beneran tidak tau ieu cepa uni eropa rampung aksesi oecd tahap penyerahan initial memorandum im keanggotaan indonesia oecd presiden prabowo pergi negeri singapura singgah ceko rusia beliau bertelepon presiden trump postingan instagram nya kalo turun deh jurus ngadi ngadi nya,Netral (0),0.0,Negatif (-1),0.4739,BEDA ⚠️,
171,17390394,2025-02-06 09:37:09,$BBCA Setelah lebih dari 2 purnama  🌕 🤭,purnama,Positif (+1),2.0,Negatif (-1),0.4164,BEDA ⚠️,
172,17533804,2025-02-17 13:36:22,"$BMRI 5500 yuk bisa 

$BBRI $BBCA",yuk,Positif (+1),4.0,Negatif (-1),0.4661,BEDA ⚠️,
173,33642766,2026-07-13 09:33:01,$BBCA itu ihsg hijo lu knp msih merah bujang bujangggg,ihsg hijo lu knp msih turun bujang bujang,Positif (+1),5.0,Negatif (-1),0.3951,BEDA ⚠️,
174,14028048,2024-02-23 12:27:40,"$BBCA
$BBRI
$PGEO

Udah 2 minggu ini, uang disaham ditarik dulu, cuma sisain 150rb... Blm kondusif iklim SOSPOL nya...",minggu uang disaham ditarik sisain rb belum kondusif iklim sospol nya,Netral (0),0.0,Negatif (-1),0.4493,BEDA ⚠️,
175,15557759,2024-08-21 14:30:44,"$PNGO NITIP SENDAL GW DISINI





CC FUNDAMENTAL $BBRI $BBCA $NISP",nitip sendal gw cc fundamental,Negatif (-1),-7.0,Negatif (-1),0.448,SAMA ✅,
176,14638949,2024-05-06 08:41:35,"$BBRI target swing 2 minggu = 5400, ditambah bri akan buyback saham 1,5 T
USD IDR sudah di bawah 16 ribu juga
data Non-Farm Payroll (NFP) dan tenaga kerja lainnya yang dipublikasikan pada Jumat 3 Mei malam 2024., menunjukkan datanya tidak bagus. maka rupiah Menguat ke bawah 16000.

IHSG terutama saham perbankan $BMRI $BBNI $BBCA akan hijau pekat 2 minggu ini",target swing minggu ditambah bri beli saham usd idr ribu data non farm payroll nfp tenaga kerja dipublikasikan jumat mei malam datanya tidak bagus rupiah menguat ihsg saham perbankan pekat minggu,Positif (+1),2.0,Negatif (-1),0.508,BEDA ⚠️,
177,19662088,2025-07-29 15:01:31,$CDIA Semua yg naik pasti akan turun karena ga ada yang ab$AADI..Tinggal tunggu waktu saja..$BBCA,yg turun tidak ab tinggal tunggu,Negatif (-1),-6.0,Negatif (-1),0.4518,SAMA ✅,
178,17734250,2025-03-03 17:35:52,Malahan bagus asing akum dikit Brti kedepan nya asing ga bisa longsorin $IHSG $BBRI $BBCA seenak jidat,bagus asing akum dikit brti kedepan nya asing tidak longsorin seenak jidat,Positif (+1),3.0,Negatif (-1),0.4649,BEDA ⚠️,
179,7101855,2021-09-03 14:25:48,"JAKARTA, KOMPAS.com – Pada penutupan sesi I perdagangan di Bursa Efek Indonesia (BEI), Indeks Harga Saham Gabungan (IHSG) menguat tipis pada Jumat (3/9/2021). Demikian juga dengan mata uang garuda di pasar spot yang naik terbatas.Melansir RTI, pada penutupan perdagangan sesi I, IHSG berada pada po...",jakarta kompas com penutupan sesi perdagangan bursa efek indonesia bei indeks harga saham gabungan ihsg menguat tipis jumat mata uang garuda pasar spot terbatas melansir rti penutupan perdagangan sesi ihsg po,Positif (+1),3.0,Negatif (-1),0.4438,BEDA ⚠️,
180,11167914,2023-04-25 20:33:27,pilihan saya $BBRI $BBCA $ITMG,pilihan,Positif (+1),5.0,Negatif (-1),0.4849,BEDA ⚠️,
181,7627201,2021-12-02 18:40:53,"JAKARTA, KOMPAS.com – Pada penutupan perdagangan di Bursa Efek Indonesia (BEI), Indeks Harga Saham Gabungan (IHSG) berada di zona hijau pada Kamis (2/12/2021).Berbeda dengan mata uang garuda di pasar spot yang melemah.Melansir RTI, IHSG ditutup pada level 6.583,82 atau naik 76,14 poin (1,17 persen...",jakarta kompas com penutupan perdagangan bursa efek indonesia bei indeks harga saham gabungan ihsg zona kamis berbeda mata uang garuda pasar spot melemah melansir rti ihsg ditutup level poin persen,Negatif (-1),-5.0,Negatif (-1),0.4408,SAMA ✅,
182,14494315,2024-04-20 22:56:51,"jika perang israel palestine iran membesar, dan banyak negara tetangga terseret
akan kah indonesia bisa untuk bersikap netral, ketika banyak tekanan untuk berpihak pada suatu pihak

akankah +62 membela israel namun menjadi musuh rusia dan china, ( seperti nya tidak akan karena begitu dekatnya hubungan indo rusia dan indo china)
atau membela palestine namun kehilangan kuota haji 

akan kah indonesia bisa bersikap netral untuk dapat bertahan dari bisikan bisikan setan 

atau pemerintah +62 disogok untuk membela suatu blok , gede kali ya sogokannya 

ketika terjadi perang sana sini, tingkat konsumi tentara meningkat, namun ladang pertanian menjadi ladang pembantaian, darimana kah pasokan makanan  akan berasal

ketika USA harus membela israel + ukraina, dari mana kah dana perang yg besar untuk digunakan, akankah cadangan btc digunakan? 

akan kah tentara bayaran mau di bayar menggunakan btc?

akankah USA kehabisan uang yang bisa menyebabkan bankrupt? apalagi jika melebar ke wilayah lain

penggunaan minyak yg melonjak untuk logistik perang 

akankah dollar over supply karena dicetak terus untuk biaya pendanaan perang

so what we will do?  menunggu kehancuran USA kehabisan dana dan dollar yg tak berarti?


$IHSG  $BBCA $ADRO $BTC",perang israel palestine iran membesar negara tetangga terseret kah indonesia bersikap netral tekanan berpihak membela israel musuh rusia china nya tidak dekatnya hubungan indo rusia indo china membela palestine kehilangan kuota haji kah indonesia bersikap netral bertahan bisikan bisikan setan pemerintah disogok membela blok gede kali ya sogokannya perang tingkat konsumi tentara meningkat ladang pertanian ladang pembantaian darimana kah pasokan makanan berasal usa membela israel ukraina kah dana perang yg cadangan btc kah tentara bayaran bayar btc usa kehabisan uang menyebabkan bankrupt melebar wilayah penggunaan minyak yg melonjak logistik perang dollar over supply dicetak biaya pendanaan perang so what we will do menunggu kehancuran usa kehabisan dana dollar yg,Negatif (-1),-26.0,Negatif (-1),0.5209,SAMA ✅,
183,20596237,2025-09-03 09:33:41,"$BBCA jangan di tembok in, biar turun dulu 😭😭",jangan tembok in biar turun rugi turun rugi turun,Negatif (-1),-15.0,Negatif (-1),0.393,SAMA ✅,
184,18047718,2025-03-26 09:50:02,"saham bigbank hari ini super mantap, kenaikan nya di atas kenaikan IHSG  👍 👍 👏

$BBCA $BMRI $BBNI BBRI",saham bigbank super mantap kenaikan nya kenaikan ihsg bbri,Positif (+1),8.0,Negatif (-1),0.4799,BEDA ⚠️,
185,30821998,2026-04-24 10:25:01,$BBCA sabar gess tunggu di 5.000,sabar gess tunggu,Positif (+1),6.0,Negatif (-1),0.4413,BEDA ⚠️,
186,18820101,2025-06-11 09:08:18,"$BMRI Foreign hari ini akumulasi lagi, tahan posisi sampe area resistance 5500-5550, kalo mampu break hold tapi kalo ga mampu mending TP terlebih dahulu😁


$BBRI $BBCA",foreign akumulasi tahan posisi sampe area resistance kalo break tahan kalo tidak mending untung,Negatif (-1),-4.0,Negatif (-1),0.4689,SAMA ✅,
187,18772452,2025-06-04 22:01:04,"$DKFT sebelumnya ini da naik tinggi, dari segi RSI da overbought, MACD kemungkinan bisa naik lagi, dari segi teknikal coret2 ala gua, kemungkinan akan membentuk elliot wave, tapi kembali lagi tiap orang punya cara pandangan masing2 untuk menganalisa dan secara teknikal bisa aja cara gua salah di mata orang lain......

Apakah DKFT bisa ke 8xx up ? kita tidak pernah tahu dan saya juga tidak tahu..... kalau naik tinggi rezeki saya dan yang pegang DKFT kalau pun nggak, saya yakin da pada profit sih.....

 $BBCA $ASII 
DISCLAIMER :
- Lakukan riset / screening saham masing - masing ya... Jangan kena FOMO atau ikut - ikutan Opini orang terus main beli aja....
- Hanya bersifat Opini Pribadi, tidak dimaksud sebagai suatu rekomendasi atau anjuran untuk ikut membeli atau menjual suatu Instrumen investasi / saham
- Tidak mengajak membeli atau menjual suatu produk emiten dari OPINI ini, semua keputusan TANGGUNG JAWAB masing - masing
- Tidak bertanggung jawab terhadap kerugian baik langsung maupun tidak langsung yang ditimbulkan oleh kebijakan yang timbul dari tindakan membeli atau menjual instrumen investasi/saham, DYOR
- Opini adalah sebuah gagasan atau pikiran untuk menerangkan preferensi atau kecenderungan tertentu terhadap ideologi dan perspektif yang memiliki sifat tidak objektif.
- Saran pribadi untuk  Instrumen investasi gunakan uang dingin atau uang nganggur biar tetap tenang ketika instrumen investasi anda sedang turun, jangan all in semua sisain untuk kebutuhan sehari - hari
- Tidak Membuka Kelas atau Grup, kalau ada yang ngaku-ngaku MURNI penipuan ya....",da segi rsi da overbought macd segi teknikal coret ala gua membentuk elliot wave orang pandangan menganalisa teknikal aja gua salah mata orang dkft xx up tidak tidak rezeki pegang dkft nggak da untung sih disclaimer lakukan riset screening saham ya jangan kena fomo ikutan opini orang main beli aja bersifat opini pribadi tidak rekomendasi anjuran membeli menjual instrumen investasi saham tidak mengajak membeli menjual produk emiten opini keputusan tanggung tidak bertanggung kerugian langsung tidak langsung ditimbulkan kebijakan timbul tindakan membeli menjual instrumen investasi saham dyor opini gagasan pikiran menerangkan preferensi kecenderungan ideologi perspektif memiliki sifat tidak objektif saran pribadi instrumen investasi uang dingin uang nganggur biar tenang instrumen investasi turun jangan all in sisain kebutuhan sehari tidak membuka kelas grup ngaku ngaku murni penipuan ya,Positif (+1),16.0,Negatif (-1),0.4646,BEDA ⚠️,
188,29567779,2026-03-12 18:00:07,"EmitenNews.com - Pemegang saham PT Bank Central Asia Tbk (BBCA) menyetujui pembagian dividen final tahun buku 2025 sebesar Rp281 per saham dalam Rapat Umum Pemegang Saham Tahunan (RUPST) yang digelar Kamis (12/3/2026).
Dengan menggunakan harga saham BBCA pada perdagangan Kamis (12/3/2026) di level ...",emitennews com pemegang saham pt bank central asia tbk bbca menyetujui pembagian dividen untung final buku rp saham rapat pemegang saham tahunan rupst digelar kamis harga saham bbca perdagangan kamis level,Positif (+1),11.0,Negatif (-1),0.5125,BEDA ⚠️,
189,6850700,2021-08-03 11:11:49,$BBCA cutloss malah terbang :rofl:,rugi rofl,Negatif (-1),-4.0,Negatif (-1),0.4836,SAMA ✅,
190,17989003,2025-03-21 11:10:41,"Pak prabowo sebut saham itu judi karena beliau diancam, jika MBG diberlakukan, IHSG diancam turun. Maka ia sebenarnya ingin selamatkan kita semua para trader/investor dari pasar saham dengan statement itu. Kok bisa?

Sebabnya ada pihak yang tidak suka dengan program ini, alasan pertama MBG membuat masyarakat iq 78 menjadi pintar dan melek finansial di Indonesia emas 2045. Alasan kedua, budget MBG didapat dari efisiensi anggaran, dimana efisiensi menyebabkan anggaran belanja negara turun dibandingkan tahun lalu, sehingga profit beberapa sektor terpangkas. (Contoh simple : banyak hotel kesulitan penuhi kuota bukber buffet dari instansi pemerintah akibat efisiensi anggaran tahun ini), dan beberapa sektor lainnya.

Jadi, prabowo bilang saham itu judi, karena beliau tidak ingin ketika MBG diimplementasikan, trader saham digorok oleh pengancam yg sama, maka itu beliau bersikap persuasif dg anjuran tidak 'main' saham agar masy fokus pada sektor riil.

Strategi kedua, akibat trading halt kemarin, BEI berlakukan buyback tanpa RUPS, supaya investor pasar modal tidak dijadikan boncos oleh pengancam yg sama. Prabowo ingin konglo permainkan asing yang coba interupsi di pasar saham kita.

Strategi ketiga, prabowo gencar meresmikan proyek sektor riil hulu-hilir di KEK-KEK (Kawasan Ekonomi Khusus) yang ada di negeri ini untuk menciptakan lapangan pekerjaan baru. (Banyak kasus PHK belakangan ini)

Strategi keempat, RUU TNI tujuannya baik. Tentara itu nasionalis sejati, mereka akan cinta negara dan nurut ke pimpinan (saat ini presiden kita jg eks tentara). Jadi TNI yang mengisi jabatan tentunya akan berjuang untuk kepetingan Indonesia. Apalagi statement DPR jelas, bahwa TNI yang ikut serta dalam pemerintahan tidak boleh lagi jadi anggota aktif TNI.

Strategi kelima, menteri agama informasikan libur jadi 20 hari, tujuannya? Ya agar masy melakukan spending ke daerah-daerah sehingga perekonomian jalan.

Statement pak Prabowo kemarin saat pasca trading halt tentang beliau tidak punya saham itu menurut saya seperti sedang drama : jadi di publik bersikap acuh tak acuh karena beliau tahu konsekuensi beliau mempertahankan MBG mengakibatkan IHSG turun, padahal kenyataannya beliau juga peduli, makanya setelah itu para investor pasar modal diundang datang untuk berbicara dg presiden.

Intinya, saya percaya pak prabowo ingin memajukan Indonesia, saya berharap beliau amanah dan saya harap juga dengan orang-orang kepercayaannya. Tapi saya juga percaya bahwa dunia ekonomi sedang tidak baik-baik saja, akan banyak gejolak karena perubahan pemerintahan.

Solusi dari saya, jaga resiko untuk trading, untuk investasi lebih baik jangan dulu mengingat kondisi perekonomiannya sedang tidak stabil.

$BBCA $BBRI $BMRI",prabowo saham judi beliau diancam mbg diberlakukan ihsg diancam turun selamatkan trader investor pasar saham statement tidak suka program alasan mbg masyarakat iq pintar melek finansial indonesia emas alasan budget mbg efisiensi anggaran dimana efisiensi menyebabkan anggaran belanja negara turun dibandingkan untung sektor terpangkas contoh simple hotel kesulitan penuhi kuota bukber buffet instansi pemerintah akibat efisiensi anggaran sektor prabowo bilang saham judi beliau tidak mbg diimplementasikan trader saham digorok pengancam yg beliau bersikap persuasif dg anjuran tidak main saham masy fokus sektor riil strategi akibat trading halt kemarin bei berlakukan beli tanpa rups investor pasar modal tidak dijadikan boncos pengancam yg prabowo konglo permainkan asing coba interupsi pasar saham strategi ketiga prabowo gencar meresmikan proyek sektor riil hulu hilir kek kek kawasan ekonomi khusus negeri menciptakan lapangan pekerjaan phk strategi keempat ruu tni tujuannya tentara nasionalis sejati cinta negara nurut pimpinan presiden jg eks tentara tni mengisi jabatan berjuang kepetingan indonesia statement dpr tni pemerintahan tidak anggota aktif tni strategi menteri agama informasikan libur tujuannya ya masy spending daerah daerah perekonomian jalan statement prabowo kemarin pasca trading halt beliau tidak saham drama publik bersikap acuh acuh beliau konsekuensi beliau mempertahankan mbg mengakibatkan ihsg turun kenyataannya beliau peduli investor pasar modal diundang berbicara dg presiden intinya percaya prabowo memajukan indonesia berharap beliau amanah harap orang orang kepercayaannya percaya dunia ekonomi tidak gejolak perubahan pemerintahan solusi jaga resiko trading investasi jangan kondisi perekonomiannya tidak stabil,Positif (+1),47.0,Negatif (-1),0.5109,BEDA ⚠️,
191,13355472,2023-12-21 10:00:18,"$BMRI Temen temenmu sudah naik semua, kenapa km stagnan aja 🥲

$BBCA $BBRI",temen temenmu km stagnan aja,Positif (+1),2.0,Negatif (-1),0.4539,BEDA ⚠️,
192,18121510,2025-04-09 08:20:35,"$BBCA
$IHSG
$TPIA
EIDO juga merah apakah akan sideways IHSG beberapi hari kedepan?

turning point tgl 11 - 14",eido turun tahan ihsg beberapi kedepan turning point tgl,Negatif (-1),-2.0,Negatif (-1),0.4799,SAMA ✅,
193,28327803,2026-02-11 22:16:51,$BBCA merayappp,merayap,Negatif (-1),-3.0,Negatif (-1),0.4561,SAMA ✅,
194,15884156,2024-09-26 12:38:36,"Udah niat buat rutin invest tiap bulan  di saham bank kek $BBRI $BMRI $BBCA $BBNI, udah jalan 2 bulan, karena masih pemula jadi tiap menit mantengin muluu karena turun wkwk 😭🤣 , tapi itung2 latihan mental juga sih, liat porto merah ama minus, bismillah kuat dan bisa lanjut investasi terus sampek tua😁",niat rutin invest saham bank kek jalan pemula menit mantengin muluu turun wkwk rugi turun itung latihan mental sih liat porto turun ama minus bismillah kuat investasi sampek tua,Negatif (-1),-14.0,Negatif (-1),0.4556,SAMA ✅,
195,32534197,2026-06-08 17:01:39,$BBCA amsiong ini,amsiong,Netral (0),0.0,Negatif (-1),0.4661,BEDA ⚠️,
196,28240207,2026-02-10 15:35:11,"$BBCA Ditahan di 7500, tapi kalo di menit akhir biasanya suka ada yang agak panik",ditahan kalo menit suka panik,Negatif (-1),-0.5,Negatif (-1),0.4509,SAMA ✅,
197,31263206,2026-05-05 17:27:58,"$BBRI $BMRI $BBCA

i like said so many times ya,

asing keluar akan pasti kembali lg, its just a matter of time.....yang RDN nya masih pegang duit dan sudah serok di harga bawah 3000, ya full senyum.

saat asing keluar mereka melihat potensi di luar yang lagi naik daun yaitu di bursa Vietnam dll....but mereka jg masih open dengan semua peluang, apalg liat harga bigbanks kita yg murah sekarang ini.

saat asing kembali masuk ke bursa indonesia ? menurut kalian mereka bakal balik ke mana? ya tentu yg berfundamental bagus, bukan gorengan lah.....dan 2 hari ini sudah jadi pembalikan di BBRI, asing sudah mulai akumulasi kembali, BBNI malah duluan diakumulasi oleh asing sejak bbrp hari lalu.

nah yg jadi pertanyaan, apakah harga naik hari ini hanya utk dibanting lagi di kemudian hari? maybe yes maybe no, tapi apakah asing akan terus seperti itu selanjutnya, saya yakin 100% tidak akan.

keputusan MSCI akan jadi penentuan di bulan Juni, dan menurut saya sangat kecil sekali indo bakal turun ke frontier market. indo akan tetap di emerging market.",like said so many times ya asing lg its just matter of time rdn nya pegang duit beli harga ya full senyum asing potensi daun bursa vietnam dll but jg open peluang apalg liat harga bigbanks yg murah asing masuk bursa indonesia ya yg berfundamental bagus bukan gorengan pembalikan bbri asing akumulasi bbni duluan diakumulasi asing bbrp yg harga turun rugi maybe yes maybe no asing tidak keputusan msci penentuan juni indo turun frontier market indo emerging market,Positif (+1),11.5,Negatif (-1),0.4914,BEDA ⚠️,
198,19742829,2025-07-31 15:30:53,"$BBCA $BBRI
longsor ges? 
laba turun? 
rekening diblokir PPATK? 

dah ges sabar masih ada saham migas termurah se IHSG yaitu $MTFN
boleh di cek ajah gue bicara fakta
selama ARTI belum dibuka suspend, MTFN adalah saham dengan harga termurah perlembarnya. 

Bisa dicek validasinya, gue bicara fakta.",turun ges laba turun rekening diblokir ppatk ges sabar saham migas termurah ihsg cek ajah gue bicara fakta arti belum dibuka suspend mtfn saham harga termurah perlembarnya dicek validasinya gue bicara fakta,Negatif (-1),-3.0,Negatif (-1),0.4845,SAMA ✅,
199,25659302,2026-01-02 11:07:31,"@Sandiantonio14 entar, gua sedia duit tunai dulu, mau borong $BBCA kalau bener mau ke 7.000,-",entar gua sedia duit tunai borong bener,Positif (+1),7.0,Negatif (-1),0.4408,BEDA ⚠️,
200,29203937,2026-03-04 09:07:14,"$ITMG ayoo ARA dong.. udah lama gak liat ini saham ARA
$BBCA $BBRI",ayoo tidak liat saham,Negatif (-1),-2.0,Negatif (-1),0.4539,SAMA ✅,
201,8749251,2022-05-31 17:42:06,"JAKARTA, KOMPAS.com – Indeks Harga Saham Gabungan (IHSG) berakhir menguat pada perdagangan di Bursa Efek Indonesia (BEI), Selasa (31/5/2022). IHSG sepanjang hari ini tidak sekalipun menyentuh zona merah. IHSG ditutup naik 111,4 poin (1,58 persen) pada level 7.148,97. Asing tercatat melakukan aksi ...",jakarta kompas com indeks harga saham gabungan ihsg menguat perdagangan bursa efek indonesia bei selasa ihsg tidak menyentuh zona turun ihsg ditutup poin persen level asing tercatat aksi,Positif (+1),3.0,Negatif (-1),0.4557,BEDA ⚠️,
202,33635614,2026-07-13 07:59:45,"IHSG dari Papan Bawah, Sempat Bangkit, Lalu Jadi Juru Kunci Dunia

Lanjutan dari postingan sebelumnya di External Community Pintar Nyangkut di Telegram dengan Kode External Community A38138 https://stockbit.com/post/13223345

Sedih sebenarnya melihat posisi bursa IHSG yang jadi paling bontot dalam list peringkat 35 bursa terbesar dunia. Meskipun berada dalam posisi terakhir dan jadi bursa dengan return terburuk di 35 bursa besar dunia, saya tetap cinta IHSG karena udah terlanjur nyangkut. Karena kenapa? Karena orang desa tidak punya dollar dan tidak punya saham dan tidak bermimpi kaya tapi hidup layak dan jarang makan ayam dan telur. 🗿

Indeks Harga Saham Gabungan (IHSG) sebenarnya sempat bangkit sangat kuat pada 2025, tetapi kebangkitannya terlalu bergantung pada segelintir saham. Begitu saham-saham penopang tersebut berbalik arah pada 2026, IHSG langsung jatuh dari papan tengah menjadi posisi terakhir dalam perbandingan bursa global versi statistik Bursa Efek Indonesia (BEI). Upgrade skill https://cutt.ly/Ve3nZHZf

Mover dalam pembahasan ini adalah saham yang memberikan tambahan poin terbesar kepada IHSG. Laggard adalah saham yang paling banyak mengurangi poin indeks. Jadi, bukan sekadar saham dengan kenaikan atau penurunan harga paling besar.

🌍 Tahun 2024, IHSG Sudah Mulai Tertinggal
Sepanjang 2024, IHSG turun 2,65% dan berada di peringkat 31 dari 35 bursa dunia. Di Asia Pasifik, Indonesia menempati posisi 12 dari 13. Di ASEAN, IHSG menjadi yang terakhir.

Padahal, banyak bursa dunia mencetak return dua digit. Rata-rata kenaikan 10 bursa terbaik mencapai sekitar 22,24%. IHSG tertinggal hampir 25 poin persentase dari kelompok pemimpin.

🏆 Sepuluh bursa terbaik 2024
1. 🇹🇷 Turki naik 32,39%.
2. 🇹🇼 Taiwan naik 29,33%.
3. 🇦🇪 Uni Emirat Arab naik 27,26%.
4. 🇮🇱 Israel naik 26,83%.
5. 🇯🇵 Jepang naik 19,22%.
6. 🇩🇪 Jerman naik 18,85%.
7. 🇭🇰 Hong Kong naik 17,56%.
8. 🇨🇦 Kanada naik 17,47%.
9. 🇸🇬 Singapura naik 17,14%.
10. 🇨🇴 Kolombia naik 16,31%.

Indonesia hanya lebih baik daripada Prancis, Korea Selatan, Brasil, dan Meksiko dalam daftar tersebut. Menariknya, Korea yang berada di papan bawah pada 2024 justru akan berubah menjadi juara pada periode berikutnya. Ini menunjukkan bahwa kepemimpinan pasar global bisa berputar dengan sangat cepat. Upgrade skill https://cutt.ly/Ve3nZHZf

IHSG memang hanya turun 2,65%, tetapi angka tersebut menutupi perpecahan besar di dalam pasar. Saham-saham konglomerasi, petrokimia, energi terbarukan, mineral, dan properti menahan indeks. Pada saat bersamaan, bank besar, telekomunikasi, semen, konsumer, dan saham-saham yang lebih banyak dimiliki investor justru jatuh.

🚀 Mover terbesar IHSG 2024
• $DSSA naik 362,50% dan menambah 102,59 poin.
• TPIA naik 42,86% dan menambah 77,11 poin.
• BREN naik 24,08% dan menambah 70,38 poin.
• PANI naik 226,53% dan menambah 55,73 poin.
• AMMN naik 29,39% dan menambah 53,61 poin.
• BRMS naik 103,53% dan menambah 30,96 poin.
• DNET naik 91,49% dan menambah 22,35 poin.
• $BBCA naik 2,93% dan menambah 21,32 poin.
• UNTR naik 18,34% dan menambah 14 poin.
• INDF naik 19,38% dan menambah 12,87 poin.

💥 Laggard terbesar IHSG 2024
• $BBRI turun 28,73% dan mengurangi 181,36 poin.
• TLKM turun 31,39% dan mengurangi 143,62 poin.
• BBNI turun 19,07% dan mengurangi 36,80 poin.
• ASII turun 13,27% dan mengurangi 34,43 poin.
• GOTO turun 18,60% dan mengurangi 32,21 poin.
• MDKA turun 40,19% dan mengurangi 31,41 poin.
• BMRI turun 5,79% dan mengurangi 29,92 poin.
• BRPT turun 30,83% dan mengurangi 26,13 poin.
• SMGR turun 48,59% dan mengurangi 25,25 poin.
• UNVR turun 46,60% dan mengurangi 21,97 poin.
Upgrade skill https://cutt.ly/Ve3nZHZf

Sepuluh mover memberikan sekitar 460,92 poin, sedangkan sepuluh laggard menghapus sekitar 563,10 poin. BBRI dan TLKM saja mengurangi hampir 325 poin. Ini sebabnya banyak investor merasa portofolionya jauh lebih buruk daripada penurunan IHSG yang hanya 2,65%. 

🚀 Tahun 2025, IHSG Bangkit tetapi Belum Jadi Juara
Tahun 2025 menjadi kebalikan dari 2024. IHSG naik 22,13% dan menutup tahun di level 8.646,938. Posisi Indonesia membaik dari peringkat 31 menjadi peringkat 19 dari 35 bursa dunia.

Di Asia Pasifik, IHSG naik ke posisi ketujuh. Di ASEAN, Indonesia berada di posisi ketiga, masih di bawah Vietnam dan Singapura.

Masalahnya, kenaikan 22,13% ternyata belum cukup istimewa secara global. Rata-rata 10 bursa terbaik dunia naik hampir 47%. Korea Selatan bahkan melesat 75,63%, lebih dari tiga kali return IHSG.

🏆 Sepuluh bursa terbaik 2025
1. 🇰🇷 Korea Selatan naik 75,63%.
2. 🇮🇱 Israel naik 52,83%.
3. 🇨🇴 Kolombia naik 52,81%.
4. 🇪🇸 Spanyol naik 49,68%.
5. 🇵🇱 Polandia naik 47,06%.
6. 🇦🇹 Austria naik 45,41%.
7. 🇻🇳 Vietnam naik 39,48%.
8. 🇿🇦 Afrika Selatan naik 38,54%.
9. 🇮🇪 Irlandia naik 34,53%.
10. 🇧🇷 Brasil naik 33,95%.

Korea berubah dari salah satu bursa terburuk pada 2024 menjadi bursa terbaik pada 2025. Sebaliknya, Turki yang menjadi juara 2024 tidak masuk 10 besar pada 2025. Pergantian ini memperlihatkan bahwa investor global terus merotasi modal dari negara yang sudah mahal menuju pasar yang memiliki katalis baru. Upgrade skill https://cutt.ly/Ve3nZHZf

Di Indonesia, reli 2025 terlihat mengagumkan dari luar, tetapi mesinnya sangat terkonsentrasi. Sepuluh saham terbesar menyumbang sekitar 1.113,88 poin atau 71,1% dari total kenaikan IHSG sebesar 1.567 poin.

🚀 Mover terbesar IHSG 2025
• DSSA naik 172,97% dan menambah 246,67 poin.
• DCII naik 375,06% dan menambah 200,49 poin.
• BRPT naik 255,43% dan menambah 147,10 poin.
• BRMS naik 217,92% dan menambah 88,86 poin.
• FILM naik 297,70% dan menambah 86,82 poin.
• TLKM naik 28,41% dan menambah 85,18 poin.
• ASII naik 36,73% dan menambah 77,99 poin.
• MORA naik 2.463,83% dan menambah 68,14 poin.
• BUMI naik 210,17% dan menambah 62,08 poin.
• PTRO naik 296,26% dan menambah 50,55 poin.

💥 Laggard terbesar IHSG 2025
• BBCA turun 16,54% dan mengurangi 97,39 poin.
• BYAN turun 22,47% dan mengurangi 76,81 poin.
• AMMN turun 24,19% dan mengurangi 65,89 poin.
• BBRI turun 10,29% dan mengurangi 64,90 poin.
• BMRI turun 10,53% dan mengurangi 57,21 poin.
• AMRT turun 30,70% dan mengurangi 38,24 poin.
• ICBP turun 27,91% dan mengurangi 17,36 poin.
• ADRO turun 25,51% dan mengurangi 16,10 poin.
• PANI turun 20,96% dan mengurangi 14,41 poin.
• GOTO turun 8,57% dan mengurangi 13,63 poin.
Upgrade skill https://cutt.ly/Ve3nZHZf

Di sinilah keanehan IHSG 2025 terlihat. Indeks naik 22,13%, tetapi bank-bank besar seperti BBCA, BBRI, dan BMRI justru menjadi laggard. LQ45 hanya naik 2,41%, jauh di bawah IHSG. Jadi, kenaikan indeks lebih mencerminkan lonjakan beberapa saham berk kapitalisasi besar daripada pesta yang dinikmati seluruh pasar. 

🩸 YTD 2026, Mantan Pahlawan Bursa Berubah Menjadi Penekan Bursa 

Sampai 10 Juli 2026, IHSG turun 31,49% dan berada di peringkat 35 dari 35 bursa dunia yang dibandingkan. Di Asia Pasifik, Indonesia berada di posisi 13 dari 13. Di ASEAN, IHSG kembali ke posisi terakhir.

Sementara IHSG jatuh lebih dari 30%, Korea Selatan naik 77,40%, Taiwan naik 56,59%, dan Jepang naik 36,19%. Rata-rata return 10 bursa terbaik mencapai sekitar 31,17%. Selisih antara rata-rata kelompok terbaik dan IHSG mencapai sekitar 62,66 poin persentase.

🏆 Sepuluh bursa terbaik YTD 10 Juli 2026
1. 🇰🇷 Korea Selatan naik 77,40%.
2. 🇹🇼 Taiwan naik 56,59%.
3. 🇯🇵 Jepang naik 36,19%.
4. 🇹🇭 Thailand naik 28,73%.
5. 🇹🇷 Turki naik 26,93%.
6. 🇦🇹 Austria naik 21,66%.
7. 🇵🇱 Polandia naik 19,87%.
8. 🇸🇬 Singapura naik 17,72%.
9. 🇳🇴 Norwegia naik 14,50%.
10. 🇪🇸 Spanyol naik 12,08%.

Kekuatan pasar dunia pada 2026 bergeser ke Asia Timur. Korea, Taiwan, dan Jepang menguasai tiga posisi teratas. Bahkan Thailand yang pada 2025 turun 10,04% mampu berbalik naik 28,73% dan menjadi terbaik di ASEAN. Indonesia justru bergerak berlawanan arah. Upgrade skill https://cutt.ly/Ve3nZHZf

Yang paling menyakitkan, banyak saham yang menjadi pahlawan 2025 justru berubah menjadi penghancur indeks pada 2026. DSSA, BRPT, BRMS, FILM, dan TPIA sebelumnya menopang kenaikan. Ketika arah harga berbalik, kontribusinya terhadap penurunan menjadi sangat besar.

🚀 Mover terbesar IHSG YTD 2026
• SMMA naik 47,76% dan menambah 48,23 poin.
• CASA naik 24,22% dan menambah 18,75 poin.
• ADRO naik 32,04% dan menambah 10,88 poin.
• MEGA naik 21,41% dan menambah 7,78 poin.
• MDKA naik 12,72% dan menambah 7,71 poin.
• MAPI naik 31,76% dan menambah 6,76 poin.
• AADI naik 17,20% dan menambah 3,88 poin.
• BHAT naik 38,28% dan menambah 3,45 poin.
• BOGA naik 45,74% dan menambah 3,09 poin.
• BDMN naik 67,61% dan menambah 2,75 poin.

💥 Laggard terbesar IHSG YTD 2026
• DSSA turun 80,57% dan mengurangi 287,43 poin.
• BREN turun 67,32% dan mengurangi 241,27 poin.
• BBCA turun 23,53% dan mengurangi 182,99 poin.
• BBRI turun 23,77% dan mengurangi 137,19 poin.
• TPIA turun 74,21% dan mengurangi 107,50 poin.
• TLKM turun 28,74% dan mengurangi 106,28 poin.
• FILM turun 88,93% dan mengurangi 99,96 poin.
• BRPT turun 50,46% dan mengurangi 94,29 poin.
• BRMS turun 54,09% dan mengurangi 89,06 poin.
• AMMN turun 45,37% dan mengurangi 83,65 poin.

Sepuluh mover positif hanya menambah sekitar 113,28 poin. Sepuluh laggard justru menghapus sekitar 1.429,62 poin. DSSA dan BREN saja mengurangi hampir 529 poin IHSG. Dengan ketimpangan sebesar ini, saham-saham yang naik tidak punya tenaga cukup untuk menahan kerusakan dari saham berkapitalisasi besar. 

🔄 Tiga Tahun, Tiga Wajah IHSG
📌 2024 menjadi fase retak dari dalam
IHSG terlihat hanya turun sedikit, tetapi bank, telekomunikasi, semen, dan saham konsumer sudah melemah. Indeks diselamatkan oleh beberapa saham konglomerasi dan komoditas.

📌 2025 menjadi fase reli terkonsentrasi
IHSG naik tinggi, tetapi LQ45 tertinggal jauh. Sebagian besar kenaikan datang dari DSSA, DCII, BRPT, BRMS, FILM, dan beberapa saham lain yang melonjak ratusan hingga ribuan persen.
Upgrade skill https://cutt.ly/Ve3nZHZf

📌 2026 menjadi fase pembalikan parah 
Saham yang sebelumnya mengangkat indeks berbalik menjadi beban terbesar. Pada saat yang sama, bank besar ikut jatuh. IHSG akhirnya kehilangan dua mesin sekaligus, yaitu saham konglomerasi dan saham perbankan.

Jadi, masalah utama IHSG bukan semata-mata kurangnya saham yang naik. Masalahnya adalah bobot saham yang jatuh jauh lebih besar daripada bobot saham yang masih bertahan. Saat 10 saham positif hanya menambah 113 poin tetapi 10 saham negatif menghapus 1.430 poin, pasar seperti disuruh mendaki sambil membawa karung semen.

Tetap cinta IHSG tentu tidak salah. Namun, cinta kepada pasar modal sebaiknya tidak berubah menjadi kesetiaan buta kepada saham yang struktur trennya sudah rusak. Ngangkut boleh menjadi bahan bercanda, tetapi manajemen risiko tetap harus serius. Karena kenapa? Karena orang desa tidak punya dollar dan tidak punya saham dan tidak bermimpi kaya tapi hidup layak 🗿 

This is not financial advice. Ini bukan rekomendasi penasihat investasi untuk jual dan beli saham. Keputusan ada di tangan masing-masing investor. 

Untuk diskusi lebih lanjut bisa lewat External Community Pintar Nyangkut di Telegram dengan mendaftarkan diri ke External Community menggunakan kode: A38138
Link Panduan https://stockbit.com/post/13223345

Kunjungi Insight Pintar Nyangkut di sini https://cutt.ly/ne0pqmLm

Disclaimer: http://bit.ly/3RznNpU",ihsg papan bangkit juru kunci dunia lanjutan postingan external community pintar rugi telegram kode external community sedih posisi bursa ihsg bontot list peringkat bursa terbesar dunia posisi bursa return terburuk bursa dunia cinta ihsg terlanjur rugi orang desa tidak dollar tidak saham tidak bermimpi kaya hidup layak jarang makan ayam telur indeks harga saham gabungan ihsg bangkit kuat kebangkitannya bergantung segelintir saham saham saham penopang berbalik ihsg langsung jatuh papan posisi perbandingan bursa global versi statistik bursa efek indonesia bei upgrade skill mover pembahasan saham tambahan poin terbesar ihsg laggard saham mengurangi poin indeks bukan saham kenaikan penurunan harga ihsg tertinggal ihsg turun peringkat bursa dunia asia pasifik indonesia menempati posisi asean ihsg bursa dunia mencetak return digit kenaikan bursa terbaik mencapai ihsg tertinggal poin persentase kelompok pemimpin sepuluh bursa terbaik turki taiwan uni emirat arab israel jepang jerman hong kong kanada singapura kolombia indonesia prancis korea selatan brasil meksiko daftar menariknya korea papan berubah juara periode kepemimpinan pasar global berputar cepat upgrade skill ihsg turun angka menutupi perpecahan pasar saham saham konglomerasi petrokimia energi terbarukan mineral properti menahan indeks bersamaan bank telekomunikasi semen konsumer saham saham dimiliki investor jatuh untung mover terbesar ihsg menambah poin tpia menambah poin bren menambah poin pani menambah poin ammn menambah poin brms menambah poin dnet menambah poin menambah poin untr menambah poin indf menambah poin laggard terbesar ihsg turun mengurangi poin tlkm turun mengurangi poin bbni turun mengurangi poin asii turun mengurangi poin goto turun mengurangi poin mdka turun mengurangi poin bmri turun mengurangi poin brpt turun mengurangi poin smgr turun mengurangi poin unvr turun mengurangi poin upgrade skill sepuluh mover poin sepuluh laggard menghapus poin bbri tlkm mengurangi poin investor portofolionya buruk penurunan ihsg untung ihsg bangkit belum juara kebalikan ihsg menutup level posisi indonesia membaik peringkat peringkat bursa dunia asia pasifik ihsg posisi ketujuh asean indonesia posisi ketiga vietnam singapura kenaikan belum istimewa global bursa terbaik dunia korea selatan melesat kali return ihsg sepuluh bursa terbaik korea selatan israel kolombia spanyol polandia austria vietnam afrika selatan irlandia brasil korea berubah salah bursa terburuk bursa terbaik turki juara tidak masuk pergantian investor global merotasi modal negara mahal pasar memiliki katalis upgrade skill indonesia reli mengagumkan mesinnya terkonsentrasi sepuluh saham terbesar menyumbang poin total kenaikan ihsg poin untung mover terbesar ihsg dssa menambah poin dcii menambah poin brpt menambah poin brms menambah poin film menambah poin tlkm menambah poin asii menambah poin mora menambah poin bumi menambah poin ptro menambah poin laggard terbesar ihsg bbca turun mengurangi poin byan turun mengurangi poin ammn turun mengurangi poin bbri turun mengurangi poin bmri turun mengurangi poin amrt turun mengurangi poin icbp turun mengurangi poin adro turun mengurangi poin pani turun mengurangi poin goto turun mengurangi poin upgrade skill keanehan ihsg indeks bank bank bbca bbri bmri laggard lq ihsg kenaikan indeks mencerminkan lonjakan saham berk kapitalisasi pesta dinikmati pasar rugi turun ytd mantan pahlawan bursa berubah penekan bursa juli ihsg turun peringkat bursa dunia dibandingkan asia pasifik indonesia posisi asean ihsg posisi ihsg jatuh korea selatan taiwan jepang return bursa terbaik mencapai selisih kelompok terbaik ihsg mencapai poin persentase sepuluh bursa terbaik ytd juli korea selatan taiwan jepang thailand turki austria polandia singapura norwegia spanyol kekuatan pasar dunia bergeser asia timur korea taiwan jepang menguasai posisi teratas thailand turun berbalik terbaik asean indonesia bergerak berlawanan upgrade skill menyakitkan saham pahlawan berubah penghancur indeks dssa brpt brms film tpia menopang kenaikan harga berbalik kontribusinya penurunan untung mover terbesar ihsg ytd smma menambah poin casa menambah poin adro menambah poin mega menambah poin mdka menambah poin mapi menambah poin aadi menambah poin bhat menambah poin boga menambah poin bdmn menambah poin laggard terbesar ihsg ytd dssa turun mengurangi poin bren turun mengurangi poin bbca turun mengurangi poin bbri turun mengurangi poin tpia turun mengurangi poin tlkm turun mengurangi poin film turun mengurangi poin brpt turun mengurangi poin brms turun mengurangi poin ammn turun mengurangi poin sepuluh mover positif menambah poin sepuluh laggard menghapus poin dssa bren mengurangi poin ihsg ketimpangan saham saham tidak tenaga menahan kerusakan saham berkapitalisasi wajah ihsg fase retak ihsg turun bank telekomunikasi semen saham konsumer melemah indeks diselamatkan saham konglomerasi komoditas fase reli terkonsentrasi ihsg lq tertinggal kenaikan dssa dcii brpt brms film saham melonjak ratusan ribuan persen upgrade skill fase pembalikan jelek saham mengangkat indeks berbalik beban terbesar bank jatuh ihsg kehilangan mesin saham konglomerasi saham perbankan utama ihsg bukan mata kurangnya saham bobot saham jatuh bobot saham bertahan saham positif menambah poin saham negatif menghapus poin pasar disuruh mendaki membawa karung semen cinta ihsg tidak salah cinta pasar modal tidak berubah kesetiaan buta saham struktur trennya rusak ngangkut bahan bercanda manajemen risiko serius orang desa tidak dollar tidak saham tidak bermimpi kaya hidup layak this is not financial advice bukan rekomendasi penasihat investasi jual beli saham keputusan tangan investor diskusi external community pintar rugi telegram mendaftarkan external community kode link panduan kunjungi insight pintar rugi disclaimer,Positif (+1),90.0,Negatif (-1),0.4427,BEDA ⚠️,
203,26984693,2026-01-22 05:15:15,"Keterbukaan Informasi
 $PART memperoleh fasilitas plafon kredit dari $BBCA senilai Rp277 miliar, meningkat signifikan dari sebelumnya sebesar Rp122 miliar.
Nilai plafon ini setara dengan sekitar 166% dari total ekuitas perusahaan, dengan suku bunga pinjaman di kisaran 8,0–8,25% per tahun.

Katalis Potensial
PART berpotensi memperoleh revenue growth dari proyek food tray untuk program MBG (Makanan Bergizi Gratis).
Saat ini market terlihat terlalu fokus pada isu proyek WTE (Waste to Energy), sehingga kurang menyadari adanya potensi proyek lain seperti MBG yang secara nilai dan kesinambungan bisa cukup menarik.
Jika menilik sejarah pada periode pertama pemerintahan Jokowi, saham-saham konstruksi BUMN sempat mengalami kenaikan signifikan berkat sentimen proyek infrastruktur pemerintah.
Apabila pendapatan dari proyek food tray sudah mulai terealisasi dan tercermin dalam laporan keuangan—idealnya pada LK Q4 2025—maka tidak menutup kemungkinan PART berpotensi mengalami rerating atau kenaikan harga saham",keterbukaan informasi memperoleh fasilitas plafon kredit senilai rp miliar meningkat signifikan rp miliar nilai plafon setara total ekuitas perusahaan suku bunga pinjaman kisaran katalis potensial part berpotensi memperoleh revenue growth proyek food tray program mbg makanan bergizi gratis market fokus isu proyek wte waste to energy kurang menyadari potensi proyek mbg nilai kesinambungan menarik menilik sejarah periode pemerintahan jokowi saham saham konstruksi bumn mengalami kenaikan signifikan berkat sentimen proyek infrastruktur pemerintah pendapatan proyek food tray terealisasi tercermin laporan keuangan idealnya lk tidak menutup part berpotensi mengalami rerating kenaikan harga saham,Positif (+1),44.0,Negatif (-1),0.5267,BEDA ⚠️,
204,24833669,2025-12-13 10:48:10,"Saham bagus sedang diobral.
Investor mustinya tahu harus ngapain.

Ibarat dagang, kalau dpt harga diskon dr supplier atau principal harusnya ente tahu harus ngapain.

Baca di IG @theturtleinvesting

Random:
$BBCA $BUMI $ANTM",saham bagus diobral investor mustinya ngapain dagang dpt harga diskon supplier principal ente ngapain baca ig random,Positif (+1),4.0,Negatif (-1),0.5063,BEDA ⚠️,
205,13292606,2023-12-15 13:33:31,"pingin profit dari dividen saja syukur"" kaya $BBCA mungkin g ya",pingin untung dividen untung syukur kaya tidak ya,Positif (+1),16.0,Negatif (-1),0.4343,BEDA ⚠️,
206,22221817,2025-10-15 08:46:27,"setuju, dapet sih harga segitu di $BBCA di 5,000an🔥🔥🔥",setuju dapet sih harga segitu an untung untung untung,Positif (+1),15.0,Negatif (-1),0.4146,BEDA ⚠️,
207,6903983,2021-08-09 12:25:49,"Tolong ingetin juga  orang yang pake celana pendek $BBCA jangan mentang2 udah enak sekian tahun so eksklusif trus merasa gak bisa tumbangggg, im warning you yahh sebelum terlambat :grin::grin: apaan seh yg dibela2in ama para donatur bbca  ",tolong ingetin orang pake celana pendek jangan mentang enak sekian so eksklusif trus tidak tumbang im warning you yahh terlambat grin grin seh yg dibela in ama donatur bbca,Positif (+1),6.0,Negatif (-1),0.4976,BEDA ⚠️,
208,21977039,2025-10-09 15:03:00,$BBCA belum ke jemput udah naik kwkwkw,belum jemput kwkwkw,Netral (0),0.0,Negatif (-1),0.4411,BEDA ⚠️,
209,7257662,2021-09-29 10:25:49,"Jakarta, CNBC Indonesia - Indeks Harga Saham Gabungan (IHSG) anjlok pada pembukaan perdagangan Rabu (29/9/2021) menyusul Wall Street yang ditutup ambrol dini hari tadi.IHSG dibuka melemah 0,2% ke level 6.100,83. Hingga lima menit pasca perdagangan dibuka indeks masih berada di zona merah dengan kore...",jakarta cnbc indonesia indeks harga saham gabungan ihsg turun pembukaan perdagangan rabu menyusul wall street ditutup ambrol ihsg dibuka melemah level menit pasca perdagangan dibuka indeks zona turun kore,Negatif (-1),-9.0,Negatif (-1),0.4956,SAMA ✅,
210,29794382,2026-03-27 20:13:41,"$BBCA Jadi Saham yang Paling Dibenci Aseng di 27 Maret 2026

Exit hari ini 1,13 Triliun
Udah 5 hari berturut-turut aseng Exit.

Padahal hari ini cum date dividen, aseng malah lari dari BBCA. Ndak niat dapat dividen aseng nya ya? 🤔
Malas urus coretax? Malas bayar pajak dividen? Malas lapor reinvestasi dividen? 🤔

Selama Maret ini hanya 4 hari net buy aseng, sisanya net sell semua.

Tapi hebatnya adalah seng aseng Exit 1 Triliun lebih, lokal sanggup tampung. Ngeri, the power of lokal. ✊

Ini bukan rekomendasi jual dan beli saham. Keputusan ada di tangan masing-masing investor. 

Untuk diskusi lebih lanjut bisa lewat External Community Pintar Nyangkut di Telegram dengan mendaftarkan diri ke External Community menggunakan kode: A38138
Link Panduan https://stockbit.com/post/13223345

Kunjungi Insight Pintar Nyangkut di sini https://cutt.ly/ne0pqmLm

Disclaimer: http://bit.ly/3RznNpU",saham dibenci aseng maret exit triliun aseng exit cum date dividen untung aseng lari bbca ndak niat dividen untung aseng nya ya malas urus coretax malas bayar pajak dividen untung malas lapor reinvestasi dividen untung maret net buy aseng sisanya net sell hebatnya seng aseng exit triliun lokal sanggup tampung ngeri the power of lokal bukan rekomendasi jual beli saham keputusan tangan investor diskusi external community pintar rugi telegram mendaftarkan external community kode link panduan kunjungi insight pintar rugi disclaimer,Positif (+1),11.0,Negatif (-1),0.4916,BEDA ⚠️,
211,31939128,2026-05-20 16:48:04,"Quote $IHSG dari GPT : ""IHSG hari ini mengajarkan satu hal: sentimen bisa mengangkat harapan, tetapi uang besar tetap menunggu kepastian.” $BBCA $BBTN Eaa.. ea..",quote gpt ihsg mengajarkan sentimen mengangkat harapan uang menunggu kepastian eaa ea,Negatif (-1),-5.0,Negatif (-1),0.4859,SAMA ✅,
212,15210854,2024-07-09 18:34:29,"malam, mau tanya dong cara hitung P&L% di Ms.Excel gimana ya? minta rumusnya dong 🙏

$BMRI $BBNI $BBRI $BBCA",malam hitung ms excel gimana ya rumusnya,Positif (+1),4.0,Negatif (-1),0.4309,BEDA ⚠️,
213,22469111,2025-10-20 15:27:35,"@ghyn98 yg jelek yg d goreng kak, ya kali goreng $BBCA 😂",yg jelek yg goreng kak ya kali goreng,Positif (+1),3.0,Negatif (-1),0.4111,BEDA ⚠️,
214,26976511,2026-01-21 19:24:25,"$BBCA waktu Oktober sudah TP lumayan, sekarang harganya 7700, besok saya langsung cicil bertahap, semoga bisa ke 7000 😁

nyerok duit gratisan memang paling enak 💰

bandar pasti tambah seneng buat kunci saya nyangkut disini 😂",oktober untung lumayan harganya besok langsung cicil bertahap semoga nyerok duit gratisan enak untung bandar seneng kunci rugi,Positif (+1),21.0,Negatif (-1),0.3991,BEDA ⚠️,
215,31806806,2026-05-18 18:15:49,"Alhamdulillah hari ini pasar Valas ijo Bang walau IHSG merah

$BBCA juga ijo, apalagi $ITMG dan $ASII",alhamdulillah pasar valas bang ihsg turun,Positif (+1),2.0,Negatif (-1),0.4596,BEDA ⚠️,
216,27471917,2026-01-28 14:16:44,$BBCA otw bosku,otw bosku,Netral (0),0.0,Negatif (-1),0.4862,BEDA ⚠️,
217,7238276,2021-09-26 14:40:53,"JAKARTA, PT Bank Central Asia Tbk (BBCA) berencana memecah harga saham atau stock split. Aksi korporasi stock split tersebut memiliki rasio 1 : 5 artinya 1 saham yang ada saat ini dipecah menjadi 5 saham baru.Lalu apa keuntungannya bagi para investor saham BBCA?Analis Pasar Uang Ariston Tjendra meng...",jakarta pt bank central asia tbk bbca berencana memecah harga saham stock split aksi korporasi stock split memiliki rasio saham dipecah saham keuntungannya investor saham bbca analis pasar uang ariston tjendra meng,Negatif (-1),-1.0,Negatif (-1),0.4707,SAMA ✅,
218,15928585,2024-10-01 14:26:41,"santai bang, jangan emosi atau baper wkwk. 

makasi banyak fear nya bang, seneng deh aku ga akan pernah lupa fear Abang ke $GOTO berkat Abang jadi orang yg bekecukupan , beli emas cukup, beli tanah cukup beli jet aja belum wkkw.

inget bang saham yg lu prediksi ane prediksi hanya akan naik sesaat apalagi $PGAS  @InvestorBorneo  
makin turun makin bagus kan? 

perbankan selain $BMRI dan $BBCA akan turun dalam jangka pendek.

#disclaimer on",santai bang jangan emosi baper wkwk makasi fear nya bang seneng deh tidak lupa fear abang berkat abang orang yg bekecukupan beli emas beli tanah beli jet aja belum wkkw inget bang saham yg lu prediksi ane prediksi turun bagus perbankan turun jangka pendek disclaimer on,Positif (+1),17.0,Negatif (-1),0.4598,BEDA ⚠️,
219,20508785,2025-08-29 15:49:21,$BBCA antara seneng atau was was,seneng was was,Positif (+1),5.0,Negatif (-1),0.4585,BEDA ⚠️,
220,33378365,2026-07-06 14:11:30,$BBCA $BTPS otw golden cross 🤔,otw golden cross,Netral (0),0.0,Negatif (-1),0.443,BEDA ⚠️,
221,8434757,2022-04-14 20:28:19,"JAKARTA, investor.id - Komitmen PT Bank Central Asia Tbk (BCA) dalam menghadirkan service excellence dan inovasi terdepan, serta nilai tambah bagi masyarakat telah mengantarkan BCA dalam beberapa ajang penghargaan. Terbaru, BCA kembali mendapatkan apresiasi atas inisiatif Corporate Social Responsibi...",jakarta investor id komitmen pt bank central asia tbk bca menghadirkan service excellence inovasi terdepan nilai masyarakat mengantarkan bca ajang penghargaan terbaru bca apresiasi inisiatif corporate social responsibi,Positif (+1),14.0,Negatif (-1),0.4838,BEDA ⚠️,
222,21347786,2025-09-25 09:01:08,"$IHSG 

""IHSG Bursa Efek Indonesia melejit ?""

Saya duduk di kursi rotan di teras kafe, menanti adzan magrib.
Senja Jakarta turun perlahan, langit berwarna kelabu keemasan, memantul di kaca-kaca gedung tinggi yang tampak seperti menara keserakahan. Secangkir kopi hitam mengepul di meja bundar, ditemani piring kecil berisi kue cucur hangat.

Tiba-tiba tiga anak muda berjalan di trotoar depan kafe, melirik ke arah saya. Mereka berhenti, lalu masuk ke teras. Semua perempuan. “Babo, ya ?” sapa mereka hampir serempak.. Saya mengangguk pelan. Mereka tersenyum cerah. Jika ada yang memanggil Babo, biasanya teman Facebook yang tak pernah saya temui langsung.

“Bo, kami boleh bertanya ?” ujar yang berambut sebahu. “Sekarang IHSG sudah tembus 8.100. Sebenarnya, apa sih yang menggerakkan Indeks sebesar itu ?”

Saya menatap mereka dengan senyum samar. “Ada lebih dari 900 Emiten di Bursa Efek Indonesia, tapi gerakan IHSG sehari-hari ditentukan hanya oleh 10–15 saham Top Cap. Andai tidak ada 15 saham Emiten itu, mungkin paling tinggi IHSG hanya 5000. Jadi bukan semua saham bergerak serempak. Indeks itu bukan ""wajah"" utuh Bursa, melainkan bayangan yang dibentuk oleh raksasa”.

Yang berambut pendek mengangguk cepat. “Berarti kayak kereta yang ditarik lokomotif, sementara gerbong kecil cuma ikut di belakang, ya?”

Saya tersenyum lebih lebar. “Tepat. $BBCA saja, dengan kapitalisasi sekitar Rp1.400 Triliun, kalau naik 1% bisa mendorong IHSG puluhan poin. Saham kecil ? Walau harganya ""terbang"", efeknya ke Indeks hampir tak terasa”.

Salah satu dari mereka—berambut panjang dengan kacamata tipis, berbisik, “Itu pasti digerakkan Bandar”.

Saya mencondongkan tubuh, suara saya diturunkan setingkat. “Kalian mau tahu bagaimana Bandar menggerakkan Pasar?”

Mereka serentak mengangguk, mata berbinar.

“Bandar itu bukan sekadar orang kaya yang beli pakai uang sendiri. Mereka punya sumber dana murah, dari repo di Singapura, kadang Short Selling di Jepang. Dengan aset atau obligasi sebagai jaminan, mereka pinjam dana berbunga rendah, lalu bawa masuk ke sini. Uang itu mereka gunakan untuk akumulasi saham Big Cap. Setelah ""cukup"", harga didorong naik. Ritel terpancing, masuk dengan euforia. Saat itulah Bandar ""melepas"" saham, mendistribusi ke tangan kalian dengan harga mahal. Keuntungan mereka ? Lipat ganda, karena Cost of Fund murah, tapi margin di sini tinggi”.

Mereka terdiam, wajah yang tadinya penuh percaya diri berubah jadi serius.

Wanita bermata sipit mengangkat alis. “Jadi mereka bisa untung, bahkan kalau harga jatuh ?”

Saya mengangguk. “Benar. Karena mereka lindungi diri lewat Short Position di Luar Negeri. Kalau harga di sini turun, mereka tetap ""menang"" di Pasar lain. Mereka main dua ""papan"", sementara kalian baru belajar membaca papan skor.”

Saya menghisap rokok dalam-dalam, asapnya membentuk lingkaran yang segera lenyap ditelan angin. “Pasar ini Theater. Mereka Penulis Naskah, Aktor, sekaligus Sutradara. Kalian ? Penonton yang mengira adegan di panggung adalah kenyataan. Kalau mau selamat, jangan mudah percaya pada ilusi ""hijau"" di layar”.

Yang paling muda, suaranya lirih, hampir seperti doa, “Jadi, angka 8.100 itu bukan berarti semua saham bagus, ya ?”

Saya menatapnya lekat-lekat. “Benar. Angka itu simbol, bukan kenyataan. Kalau kalian mau jadi Investor sejati, jangan terpaku pada Indeks. ""Baca"" arus dana, kenali siapa yang menarik tali, pahami pola repo. Indeks bisa menipu, tapi pemahaman tidak pernah"".

“Apa jadinya kalau dana murah seperti Yen dan USD kurs-nya menguat ? tanya salah satu mereka.

Saya menghela napas. “Seperti yang tadi kita bahas,“  Saya mulai menjelaskan dengan hati-hati. “Banyak Bandar/Institusi besar menggunakan repo atau Carry Trade dengan meminjam dana murah di Luar Negeri,  Jepang, AS, Singapura dsb. Jika Yen menguat, maka investor yang dulu pinjam dana di Jepang (Yen Carry Trade) harus mengembalikan Utang dengan nilai lebih besar dalam Rupiah/Dolar. Biaya Dana naik, maka posisi di IHSG jadi lebih mahal. Jika USD menguat, maka Cost of Fund Global juga meningkat karena sebagian besar pembiayaan internasional berbasis Dolar. Akibatnya, arus dana asing ke Emerging Markets, termasuk Indonesia, cenderung menurun. Ya implikasi nya bandar lebih berhati-hati melakukan goreng saham besar-besaran karena margin arbitrase mengecil.

Investor asing biasanya menilai bahwa lebih baik simpan dana di aset USD yang dianggap aman daripada di pasar berisiko tinggi seperti Indonesia. Data empiris IMF, World Bank menunjukkan: setiap kali DXY (Indeks Dolar) menguat tajam, arus keluar modal dari emerging markets meningkat. IHSG, yang 40% kapitalisasi pasar dikuasai investor asing, rentan terkoreksi karena foreign sell-off.

Ya, penguatan USD tentu akan membuat upiah tertekan. Jika rupiah melemah, investor asing mengalami kerugian kurs tambahan , selain risiko harga saham. Biasanya mereka lakukan aksi lindung nilai (hedging), tapi jika biaya hedging naik, lebih mudah keluar dari pasar. Koreksi rupiah sering diikuti koreksi IHSG, karena sentimen negatif menular.

Tentu pelemahan kurs akan mempengaruhi kinerja emiten. Sector Perbankan & Konsumer tertekan, karena biaya impor naik, beban dolar makin berat. Komoditas seperti CPO, batubara, nikel bisa jadi penopang, karena ekspor berdenominasi USD revenue naik ketika USD kuat. Tetapi sebagian mereka banyak punya hutang valas, itu resiko lain. Namun sector Teknologi & property sangat rentan, karena bergantung pada pembiayaan murah. Artinya IHSG jadi lebih Volatil “

“ Dengan kombinasi, Yen menguat maka  dana carry trade keluar. USD menguat , maka arus dana global lari ke safe haven. Maka IHSG bisa tampak seperti “roller coaster” turun tajam saat outflow, lalu tertolong sektor komoditas ketika harga ekspor naik. “ Kata salah satu mereka menyimpulkan.

Mereka saling berpandangan, lalu yang berambut sebahu tersenyum getir. “Babo harus buka kelas. Ajari kami.”

Saya tertawa kecil. “Babo bukan guru yang baik.  Masih banyak yang lebih baik dari Babo.”

Langit makin gelap. Adzan magrib berkumandang, melayang di antara suara klakson dan hiruk pikuk kota. Tiga gadis itu masih terdiam, wajah mereka seperti baru saja melihat bayangan dunia yang tak pernah mereka bayangkan ada.

Saya berdiri, merapikan kemeja, menaruh uang di meja. Sebelum melangkah ke mushola kecil yang ada dalam mall, saya berkata lirih, nyaris seperti bisikan, “Belajarlah membaca bukan sekadar angka, tapi niat di balik angka. Di situlah rahasia pasar bersembunyi.”***

Indeks Harga Saham Gabungan (IHSG) kerap dipahami publik sebagai cerminan kinerja perekonomian nasional. Namun, dari perspektif akademis, indeks bukanlah representasi sempurna. Indeks dapat digerakkan melalui strategi leveraging lintas yurisdiksi, khususnya dengan memanfaatkan short selling, repurchase agreement (repo), serta arbitrase perbedaan suku bunga global. Fenomena ini menegaskan integrasi pasar domestik dengan dinamika likuiditas internasional, sebagaimana dibahas oleh Eichengreen dan Gupta (2016) mengenai capital flow volatility di negara berkembang.

Repo.

Secara teori, repurchase agreement (repo) adalah kontrak jangka pendek di mana emiten atau investor menjual aset (saham/obligasi) sambil berjanji membelinya kembali di harga yang lebih tinggi. Tujuannya sederhana: sumber likuiditas cepat.

Repo memberi jalan bagi korporat besar untuk mengakses dana likuid dengan menjaminkan obligasi atau saham. Menurut BIS (Bank for International Settlements, 2022), pasar repo global melebihi USD 13 triliun, terkonsentrasi di pusat keuangan seperti London, Tokyo, dan Singapura. Indonesia, dengan suku bunga acuan lebih tinggi (BI-Rate 6,25% vs BOJ 0,1% per September 2025), menjadi target leverage investor asing yang mencari margin. Dana hasil repo di luar negeri masuk untuk akumulasi big caps (BBCA, BBRI, BMRI), sehingga pergerakan IHSG sering kali mencerminkan aktivitas leveraging, bukan sekadar akumulasi modal domestik.

Namun dalam praktik shadow banking, repo digunakan bukan hanya untuk pembiayaan, tetapi juga sebagai alat rekayasa harga saham. Di balik layar, repo menjelma mesin leverage yang mampu menggerakkan indeks dan memindahkan risiko ke pihak yang paling lemah.

Banyak emiten di Indonesia memilih repo dengan shadow banker untuk refinancing utang bank. Alasannya jelas: cepat, tanpa tatap muka panjang dengan regulator, dan fleksibel dalam struktur. Misalnya: sebuah emiten berutang repo pada harga saham Rp1.000/lembar, dengan kewajiban mengembalikan di harga Rp2.000. Secara implisit, kontrak repo ini “memaksa” harga saham naik dua kali lipat agar emiten tidak kehilangan sahamnya.

Karena skema itu, secara tidak langsung shadow banker mendorong emiten melakukan aksi goreng saham. Mereka masuk lewat broker berbeda, gunakan dana murah dari Singapura atau Jepang, dan menciptakan ilusi tren positif. Grafik harga terlihat hijau, ritel mulai terpancing, hingga akhirnya dana pensiun ikut masuk.

Inilah tragedi yang berulang. Dana pensiun, yang mandatnya konservatif, masuk ke saham hasil gorengan dengan asumsi “aman” karena harganya naik stabil. Padahal, mereka sedang dipaksa menjadi exit liquidity bagi shadow banker dan emiten yang berusaha menutup repo.

Konsekuensinya fatal: begitu distribusi selesai, harga kembali ke level fundamental. Kerugian dana pensiun berarti kerugian kolektif jutaan pekerja. Inilah bentuk fraud by design, di mana instrumen jangka panjang rakyat jelata dipaksa menanggung risiko repo yang lahir dari keserakahan segelintir elite.

Fenomena ini bukan hanya terjadi di Indonesia. Lehman Brothers – Repo 105 (2008). Sebelum kolaps, Lehman menggunakan skema repo untuk menyamarkan utang jangka pendek seolah-olah sudah dilunasi. Repo 105 bukan sekadar transaksi likuiditas, tapi alat window dressing. Ketika kepercayaan runtuh, repo justru mempercepat kejatuhan Lehman, memicu krisis finansial global.

Evergrande dan Trust Products (China, 2021). Developer raksasa ini menggunakan skema mirip repo dengan produk trust untuk membiayai utang jatuh tempo. Saham dan obligasi Evergrande sempat digerakkan naik, sebagian dana pensiun dan investor institusi lokal terseret. Ketika bubble properti pecah, kerugian sistemik pun menjalar ke perbankan bayangan (shadow credit channels).

Kasus Dana Pensiun Inggris (LDI Crisis, 2022). Dana pensiun Inggris menggunakan leverage melalui repo untuk strategi liability-driven investment (LDI). Ketika yield obligasi melonjak drastis, margin call dari repo memaksa mereka menjual aset dalam jumlah besar. Hasilnya: likuidasi panik, intervensi darurat Bank of England. Ini bukti bahwa repo dapat menyeret institusi konservatif ke dalam badai leverage.

Tentu dibalik skema ini menimbulkan konsekuensi sistemik. Moral Hazard: Emiten terbiasa menyelamatkan diri lewat repo, bukan memperbaiki fundamental. Dana Publik di Ujung Tanduk: Dana pensiun yang seharusnya melindungi hari tua pekerja malah jadi korban. Ilusi Indeks: IHSG bisa tampak hijau, padahal sekadar refleksi penyelamatan repo.

Dengan demikian, Shadow banking lewat repo menciptakan ilusi pertumbuhan di bursa. Bagi emiten, ia tampak sebagai “jalan keluar” dari tekanan utang. Bagi shadow banker, ia adalah sarana menggandakan margin dengan risiko minim. Tetapi bagi dana pensiun dan publik luas, repo dalam bayangan adalah jerat tak kasat mata: mereka dipaksa membayar harga dari sebuah panggung goreng saham.

Pasar modal, yang seharusnya menjadi motor pembangunan, bisa jatuh menjadi arena fraud terstruktur—dengan aktor bayangan yang memanfaatkan kelemahan regulasi dan ketidakwaspadaan institusi domestik.

Short selling adalah strategi di mana investor meminjam saham dari pihak lain untuk menjualnya di pasar, dengan harapan harga akan turun. Investor kemudian membeli kembali saham itu di harga lebih rendah untuk mengembalikan pinjaman, dan selisih harga menjadi keuntungan. Jika harga naik, kerugian bisa tak terbatas.

Hedging Lintas Pasar. Cross-market hedging adalah praktik membuka posisi di satu pasar untuk melindungi posisi di pasar lain. Contoh: investor membuka posisi long di pasar domestik (Jakarta) tetapi membuka posisi short di Singapura atau Hong Kong untuk mengurangi risiko. Tujuannya adalah  menciptakan posisi net risk-neutral sambil tetap mampu mengatur sentimen. Namun bukan berarti smooth way. Ini bia jadi jebakan market. Ada beberapa Contoh Kasus Skandal Internasional.

Volkswagen Short Squeeze (2008, Jerman). Latar Belakang skandal,  banyak hedge fund global melakukan short selling besar-besaran terhadap saham Volkswagen (VW), meyakini harga saham akan turun karena krisis finansial global. Kemudian terjadi shock. Porsche, yang diam-diam membeli opsi untuk menguasai >70% saham VW, mengumumkan kepemilikan mereka. Pasar panik! saham yang tersedia untuk ditutup sangat sedikit (free float kecil). Akibat nya? Harga VW melonjak dari sekitar €200 menjadi lebih dari €1.000 per saham dalam dua hari. Hedge fund yang melakukan short selling mengalami kerugian miliaran euro. Kasus ini dianggap sebagai salah satu short squeeze terbesar dalam sejarah.

GameStop – WallStreetBets (2021, AS). Latar belakangnya dimana Saham GameStop (GME) menjadi target short selling oleh hedge fund besar seperti Melvin Capital. Lebih dari 130% saham beredar telah disortir (short interest >100%). Kemudian, komunitas ritel Reddit WallStreetBets melakukan short squeeze dengan membeli besar-besaran, didukung narasi anti-hedge fund. Akibatnya? Harga saham GME melonjak dari USD 20 ke lebih dari USD 480 pada Januari 2021. Hedge fund mengalami kerugian besar, Melvin Capital bahkan ditutup pada 2022.  Dimensi Hedging Lintas Pasar: Sebagian hedge fund mencoba melindungi posisi mereka lewat opsi dan derivatif di bursa lain, namun volatilitas ekstrem membuat hedging tidak efektif.

Archegos Capital Collapse (2021, AS) Latar belakangnya?  Archegos, family office milik Bill Hwang, menggunakan total return swaps (TRS) dengan bank-bank besar (Credit Suisse, Nomura, dll.) untuk mengakumulasi posisi besar tanpa transparansi. Mereka mengambil posisi long sangat besar di saham-saham seperti ViacomCBS, Discovery, dll. Untuk melindungi risiko, Archegos juga menggunakan instrumen derivatif di pasar lain (hedging lintas pasar). Saat harga ViacomCBS jatuh >50% dalam sepekan, Archegos gagal memenuhi margin call. Bank pemberi pinjaman repo/derivatif kehilangan total lebih dari USD 10 miliar. Ini Menunjukkan bagaimana kombinasi leverage, short/long, dan hedging lintas pasar bisa menciptakan risiko sistemik.

Pelajaran Akademis dari skandal itu? Bahwa Short selling penting untuk efisiensi pasar, tapi jika berlebihan dapat memicu short squeeze yang merugikan sistem. Hedging lintas pasar sering dianggap proteksi, tetapi dalam kondisi ekstrem justru memperbesar risiko karena volatilitas lintas bursa tidak selalu berkorelasi sempurna. Skandal seperti VW, GameStop, dan Archegos menunjukkan betapa strategi ini bukan sekadar teori finansial, melainkan instrumen kuasa yang bisa mengguncang stabilitas pasar global.

Instrumen derivatif di pasar global memberi fleksibilitas pada investor untuk hedging. Menurut Brunnermeier & Pedersen (2009), short selling menciptakan liquidity spirals: saat investor mampu mengatur sentimen harga dengan kombinasi posisi long dan short.

Di Asia, Singapura dan Hong Kong menyediakan instrumen single stock futures dan contracts for difference (CFD) yang lebih likuid. Investor dapat membuka posisi long di BEI sambil short di SGX/HKEX, sehingga jika harga di Indonesia jatuh, keuntungan dari short selling menutupi kerugian. Hal ini menjadikan mereka near risk-neutral, sekaligus aktor penggerak sentimen pasar.

Arbitrase Suku Bunga dan Yield Asset

Fenomena carry trade menjelaskan logika investor global yang meminjam di negara dengan bunga rendah, lalu menyalurkan ke negara dengan yield tinggi. Data IMF (2023) menunjukkan Indonesia menawarkan real interest rate positif 2,5–3%, dibanding Jepang atau Eropa yang mendekati 0%. Obstfeld & Rogoff (2009) mencatat fenomena ini sebagai bagian dari global imbalances, di mana surplus likuiditas di pasar maju mencari return di pasar emerging. IHSG berperan sebagai kendaraan untuk menyalurkan dana murah global ke aset ber-yield tinggi, terutama ketika volatilitas dianggap masih manageable.

IHSG berbobot kapitalisasi pasar.  Namun dampaknya hanya pada 10–15 saham yang menentukan arah indeks. BBCA (market cap ±Rp1.400 triliun) naik 1%  akan mendorong IHSG puluhan poin. Menurut studi World Bank (2022), market concentration ratio di BEI termasuk tinggi di Asia, sehingga pergerakan indeks lebih rentan terhadap “bandar play” institusional. Akibatnya, indeks hijau bukan cermin fundamental, melainkan rekayasa likuiditas. Investor ritel yang hanya melihat grafik indeks rentan terjebak euforia.

***

Fenomena ini menegaskan beberapa hal. Pertama. Financial Globalization. Menurut Rey (2015), arus modal global menciptakan “global financial cycle” di mana pasar domestik sangat dipengaruhi likuiditas internasional, terlepas dari fundamental lokal. Kedua. Market Efficiency Paradox. Meskipun pasar modal Indonesia semakin terintegrasi, efisiensi justru paradoksal karena leverage eksternal mampu mengatur sentimen. Ketiga. Regulatory Gap. OJK dan BEI memiliki keterbatasan dalam memantau repo lintas yurisdiksi dan posisi short di luar negeri. Hal ini membuka ruang regulatory arbitrage. Empat. Risiko Sistemik. Studi IMF (2021) tentang emerging markets menunjukkan volatilitas arus masuk (sudden stops) dapat memicu krisis likuiditas, seperti kasus “Taper Tantrum” 2013 yang membuat IHSG jatuh 21% hanya dalam 3 bulan.

Kesimpulan

Level IHSG di 8.000 up lebih merupakan refleksi teater likuiditas global ketimbang fundamental emiten. Leveraging melalui repo, short selling, dan arbitrase suku bunga memberi daya dorong besar bagi indeks, tetapi sekaligus menciptakan fragility struktural. Dari sisi akademis, ini mengonfirmasi pandangan bahwa pasar modal Indonesia adalah “satellite market” dari dinamika likuiditas global. Investor lokal perlu berhati-hati: memahami arus dana dan mekanisme leverage lebih penting daripada sekadar membaca layar indeks. Karena sekali runtuh mega skandal  terjadi. Menjadi killing field bagi investor retail, dana pensiun, bank, asuransi.

Referensi :

BIS. (2022). Statistical Release: Global Repo Markets. Bank for International Settlements. Brunnermeier, M. & Pedersen, L. (2009). Market Liquidity and Funding Liquidity. Review of Financial Studies, 22(6), 2201–2238. Eichengreen, B. & Gupta, P. (2016). Tapering Talk: The Impact of Expectations of Reduced Federal Reserve Security Purchases on Emerging Markets. Review of International Economics, 24(1). IMF. (2021). Global Financial Stability Report. International Monetary Fund. IMF. (2023). World Economic Outlook. International Monetary Fund. Obstfeld, M. & Rogoff, K. (2009). Global Imbalances and the Financial Crisis. Brookings Papers on Economic Activity. Rey, H. (2015). Dilemma not Trilemma: The Global Financial Cycle and Monetary Policy Independence. NBER Working Paper No. 21162. World Bank. (2022). Emerging Capital Markets Review.

Sumber Link :

https://ebandaro.id/2025/09/24/ihsg-bursa-efek-indonesia-melejit/",ihsg bursa efek indonesia melejit duduk kursi rotan teras kafe adzan magrib senja jakarta turun perlahan langit berwarna kelabu keemasan memantul kaca kaca gedung menara keserakahan secangkir kopi hitam mengepul meja bundar ditemani piring berisi kue cucur hangat anak muda berjalan trotoar kafe melirik berhenti masuk teras perempuan babo ya sapa serempak mengangguk pelan tersenyum cerah memanggil babo teman facebook temui langsung bo berambut sebahu ihsg tembus sih menggerakkan indeks menatap senyum samar emiten bursa efek indonesia gerakan ihsg sehari ditentukan saham top cap andai tidak saham emiten ihsg bukan saham bergerak serempak indeks bukan wajah utuh bursa bayangan dibentuk raksasa berambut pendek mengangguk cepat kayak kereta ditarik lokomotif gerbong ya tersenyum lebar kapitalisasi rp triliun mendorong ihsg puluhan poin saham harganya efeknya indeks salah berambut kacamata tipis berbisik digerakkan bandar mencondongkan tubuh suara diturunkan setingkat bandar menggerakkan pasar serentak mengangguk mata berbinar bandar bukan orang kaya beli pakai uang sumber dana murah repo singapura kadang short selling jepang aset obligasi jaminan pinjam dana berbunga rendah bawa masuk uang akumulasi saham big cap harga didorong ritel terpancing masuk euforia bandar melepas saham mendistribusi tangan harga mahal keuntungan lipat ganda cost of fund murah margin terdiam wajah penuh percaya berubah serius wanita bermata sipit mengangkat alis untung harga jatuh mengangguk lindungi short position negeri harga turun menang pasar main papan belajar membaca papan skor menghisap rokok asapnya membentuk lingkaran lenyap ditelan angin pasar theater penulis naskah aktor sutradara penonton adegan panggung kenyataan selamat jangan mudah percaya ilusi layar muda suaranya lirih doa angka bukan saham bagus ya menatapnya lekat lekat angka simbol bukan kenyataan investor sejati jangan terpaku indeks baca arus dana kenali menarik tali pahami pola repo indeks menipu pemahaman tidak dana murah yen usd kurs nya menguat salah menghela napas bahas hati hati bandar institusi repo carry trade meminjam dana murah negeri jepang as singapura dsb yen menguat investor pinjam dana jepang yen carry trade mengembalikan utang nilai rupiah dolar biaya dana posisi ihsg mahal usd menguat cost of fund global meningkat pembiayaan internasional berbasis dolar akibatnya arus dana asing emerging markets indonesia cenderung menurun ya implikasi nya bandar berhati hati goreng saham besaran margin arbitrase mengecil investor asing menilai simpan dana aset usd dianggap aman pasar berisiko indonesia data empiris imf world bank kali dxy indeks dolar menguat tajam arus modal emerging markets meningkat ihsg kapitalisasi pasar dikuasai investor asing rentan terkoreksi foreign sell off ya penguatan usd upiah tertekan rupiah melemah investor asing mengalami kerugian kurs tambahan risiko harga saham lakukan aksi lindung nilai hedging biaya hedging mudah pasar koreksi rupiah diikuti koreksi ihsg sentimen negatif menular pelemahan kurs mempengaruhi kinerja emiten sector perbankan konsumer tertekan biaya impor beban dolar berat komoditas cpo batubara nikel penopang ekspor berdenominasi usd revenue usd kuat hutang valas resiko sector teknologi property rentan bergantung pembiayaan murah ihsg volatil kombinasi yen menguat dana carry trade usd menguat arus dana global lari safe haven ihsg roller coaster turun tajam outflow tertolong sektor komoditas harga ekspor salah menyimpulkan berpandangan berambut sebahu tersenyum getir babo buka kelas ajari tertawa babo bukan guru babo langit gelap adzan magrib berkumandang melayang suara klakson hiruk pikuk kota gadis terdiam wajah bayangan dunia bayangkan berdiri merapikan kemeja menaruh uang meja melangkah mushola mall lirih bisikan belajarlah membaca bukan angka niat angka situlah rahasia pasar bersembunyi indeks harga saham gabungan ihsg kerap dipahami publik cerminan kinerja perekonomian nasional perspektif akademis indeks representasi sempurna indeks digerakkan strategi leveraging lintas yurisdiksi memanfaatkan short selling repurchase agreement repo arbitrase perbedaan suku bunga global fenomena integrasi pasar domestik dinamika likuiditas internasional dibahas eichengreen gupta capital flow volatility negara berkembang repo teori repurchase agreement repo kontrak jangka pendek emiten investor menjual aset saham obligasi berjanji membelinya harga tujuannya sederhana sumber likuiditas cepat repo jalan korporat mengakses dana likuid menjaminkan obligasi saham bis bank for international settlements pasar repo global melebihi usd triliun terkonsentrasi pusat keuangan london tokyo singapura indonesia suku bunga acuan bi rate vs boj september target leverage investor asing mencari margin dana hasil repo negeri masuk akumulasi big caps bbca bbri bmri pergerakan ihsg kali mencerminkan aktivitas leveraging bukan akumulasi modal domestik praktik shadow banking repo bukan pembiayaan alat rekayasa harga saham layar repo menjelma mesin leverage menggerakkan indeks memindahkan risiko lemah emiten indonesia memilih repo shadow banker refinancing utang bank alasannya cepat tanpa tatap muka regulator fleksibel struktur emiten berutang repo harga saham rp lembar kewajiban mengembalikan harga rp implisit kontrak repo memaksa harga saham kali lipat emiten tidak kehilangan sahamnya skema tidak langsung shadow banker mendorong emiten aksi goreng saham masuk broker berbeda dana murah singapura jepang menciptakan ilusi tren positif grafik harga ritel terpancing dana pensiun masuk tragedi berulang dana pensiun mandatnya konservatif masuk saham hasil gorengan asumsi aman harganya stabil dipaksa exit liquidity shadow banker emiten berusaha menutup repo konsekuensinya fatal distribusi selesai harga level fundamental kerugian dana pensiun kerugian kolektif jutaan pekerja bentuk fraud by design instrumen jangka rakyat jelata dipaksa menanggung risiko repo lahir keserakahan segelintir elite fenomena bukan indonesia lehman brothers repo kolaps lehman skema repo menyamarkan utang jangka pendek olah dilunasi repo bukan transaksi likuiditas alat window dressing kepercayaan runtuh repo mempercepat kejatuhan lehman memicu krisis finansial global evergrande trust products china developer raksasa skema repo produk trust membiayai utang jatuh tempo saham obligasi evergrande digerakkan dana pensiun investor institusi lokal terseret bubble properti pecah kerugian sistemik menjalar perbankan bayangan shadow credit channels dana pensiun inggris ldi crisis dana pensiun inggris leverage repo strategi liability driven investment ldi yield obligasi melonjak drastis margin call repo memaksa menjual aset hasilnya likuidasi panik intervensi darurat bank of england bukti repo menyeret institusi konservatif badai leverage dibalik skema menimbulkan konsekuensi sistemik moral hazard emiten terbiasa menyelamatkan repo bukan memperbaiki fundamental dana publik ujung tanduk dana pensiun melindungi tua pekerja korban ilusi indeks ihsg refleksi penyelamatan repo shadow banking repo menciptakan ilusi pertumbuhan bursa emiten jalan tekanan utang shadow banker sarana menggandakan margin risiko minim dana pensiun publik luas repo bayangan jerat kasat mata dipaksa membayar harga panggung goreng saham pasar modal motor pembangunan jatuh arena fraud terstruktur aktor bayangan memanfaatkan kelemahan regulasi ketidakwaspadaan institusi domestik short selling strategi investor meminjam saham menjualnya pasar harapan harga turun investor membeli saham harga rendah mengembalikan pinjaman selisih harga keuntungan harga kerugian terbatas hedging lintas pasar cross market hedging praktik membuka posisi pasar melindungi posisi pasar contoh investor membuka posisi long pasar domestik jakarta membuka posisi short singapura hong kong mengurangi risiko tujuannya menciptakan posisi net risk neutral mengatur sentimen bukan smooth way bia jebakan market contoh skandal internasional volkswagen short squeeze jerman latar skandal hedge fund global short selling besaran saham volkswagen vw harga saham turun krisis finansial global shock porsche diam diam membeli opsi menguasai saham vw mengumumkan kepemilikan pasar panik saham tersedia ditutup free float akibat nya harga vw melonjak saham hedge fund short selling mengalami kerugian miliaran euro dianggap salah short squeeze terbesar sejarah gamestop wallstreetbets as latar belakangnya dimana saham gamestop gme target short selling hedge fund melvin capital saham beredar disortir short interest komunitas ritel reddit wallstreetbets short squeeze membeli besaran didukung narasi anti hedge fund akibatnya harga saham gme melonjak usd usd januari hedge fund mengalami kerugian melvin capital ditutup dimensi hedging lintas pasar hedge fund mencoba melindungi posisi opsi derivatif bursa volatilitas ekstrem hedging tidak efektif archegos capital collapse as latar belakangnya archegos family office milik bill hwang total return swaps trs bank bank credit suisse nomura dll mengakumulasi posisi tanpa transparansi mengambil posisi long saham saham viacomcbs discovery dll melindungi risiko archegos instrumen derivatif pasar hedging lintas pasar harga viacomcbs jatuh sepekan archegos jelek rugi memenuhi margin call bank pemberi pinjaman repo derivatif kehilangan total usd miliar kombinasi leverage short long hedging lintas pasar menciptakan risiko sistemik pelajaran akademis skandal short selling efisiensi pasar memicu short squeeze merugikan sistem hedging lintas pasar dianggap proteksi kondisi ekstrem memperbesar risiko volatilitas lintas bursa tidak berkorelasi sempurna skandal vw gamestop archegos betapa strategi bukan teori finansial instrumen kuasa mengguncang stabilitas pasar global instrumen derivatif pasar global fleksibilitas investor hedging brunnermeier pedersen short selling menciptakan liquidity spirals investor mengatur sentimen harga kombinasi posisi long short asia singapura hong kong menyediakan instrumen single stock futures contracts for difference cfd likuid investor membuka posisi long bei short sgx hkex harga indonesia jatuh keuntungan short selling menutupi kerugian menjadikan near risk neutral aktor penggerak sentimen pasar arbitrase suku bunga yield asset fenomena carry trade logika investor global meminjam negara bunga rendah menyalurkan negara yield data imf indonesia menawarkan real interest rate positif dibanding jepang eropa mendekati obstfeld rogoff mencatat fenomena global imbalances surplus likuiditas pasar maju mencari return pasar emerging ihsg berperan kendaraan menyalurkan dana murah global aset ber yield volatilitas dianggap manageable ihsg berbobot kapitalisasi pasar dampaknya saham menentukan indeks bbca market cap rp triliun mendorong ihsg puluhan poin studi world bank market concentration ratio bei asia pergerakan indeks rentan bandar play institusional akibatnya indeks bukan cermin fundamental rekayasa likuiditas investor ritel grafik indeks rentan terjebak euforia fenomena financial globalization rey arus modal global menciptakan global financial cycle pasar domestik dipengaruhi likuiditas internasional terlepas fundamental lokal market efficiency paradox pasar modal indonesia terintegrasi efisiensi paradoksal leverage eksternal mengatur sentimen ketiga regulatory gap ojk bei memiliki keterbatasan memantau repo lintas yurisdiksi posisi short negeri membuka ruang regulatory arbitrage risiko sistemik studi imf emerging markets volatilitas arus masuk sudden stops memicu krisis likuiditas taper tantrum ihsg jatuh kesimpulan level ihsg up refleksi teater likuiditas global ketimbang fundamental emiten leveraging repo short selling arbitrase suku bunga daya dorong indeks menciptakan fragility struktural sisi akademis mengonfirmasi pandangan pasar modal indonesia satellite market dinamika likuiditas global investor lokal berhati hati memahami arus dana mekanisme leverage membaca layar indeks runtuh mega skandal killing field investor retail dana pensiun bank asuransi referensi bis statistical release global repo markets bank for international settlements brunnermeier pedersen market liquidity and funding liquidity review of financial studies eichengreen gupta tapering talk the impact of expectations of reduced federal reserve security purchases on emerging markets review of international economics imf global financial stability report international monetary fund imf world economic outlook international monetary fund obstfeld rogoff global imbalances and the financial crisis brookings papers on economic activity rey dilemma not trilemma the global financial cycle and monetary policy independence nber working paper no world bank emerging capital markets review sumber link,Positif (+1),12.0,Negatif (-1),0.4337,BEDA ⚠️,
223,20193809,2025-08-19 12:16:24,$BBCA tunggu 3000 😄,tunggu,Positif (+1),1.0,Negatif (-1),0.4157,BEDA ⚠️,
224,16032096,2024-10-12 06:45:50,"Selamat berakhir pekan wahai jiwa-jiwa yang tersiksa menunggu riuh rendah market di hari Senin. 

$ADRO $BBCA $UNTR $NASDAQ",selamat pekan jiwa jiwa tersiksa menunggu riuh rendah market senin,Negatif (-1),-8.0,Negatif (-1),0.458,SAMA ✅,
225,18416281,2025-05-05 15:10:28,"Membuat ringkasan dengan AI     Sejumlah perbankan raksasa RI telah melaporkan kinerja keuangannya hingga kuartal pertama 2025. Perbankan jumbo tersebut di antaranya PT Bank Central Asia Tbk (BBCA), PT Bank Negara Indonesia Tbk (BBNI), PT Bank Mandiri Tbk (BMRI), dan PT Bank Rakyat Indonesia Tbk (BB...",ringkasan ai perbankan raksasa ri melaporkan kinerja keuangannya kuartal perbankan jumbo pt bank central asia tbk bbca pt bank negara indonesia tbk bbni pt bank mandiri tbk bmri pt bank rakyat indonesia tbk bb,Negatif (-1),-3.0,Negatif (-1),0.5127,SAMA ✅,
226,26126633,2026-01-09 07:15:16,"STOCKWATCH.ID (JAKARTA) – Meski dibuka menguat di level 8.946,700, Indeks Harga Saham Gabungan (IHSG) pada perdagangan saham, Kamis (08/1/2026) berakhir melemah 19,342 poin atau turun 0,22% ke 8.925,471, dari penutupan Rabu (07/1/2025) di posisi 8.944,813.
IHSG hari ini sempat naik ke level tert...",stockwatch id jakarta dibuka menguat level indeks harga saham gabungan ihsg perdagangan saham kamis melemah poin turun penutupan rabu posisi ihsg level tert,Negatif (-1),-4.0,Negatif (-1),0.482,SAMA ✅,
227,22503268,2025-10-21 10:43:37,$BBCA izin nanya untuk deviden kapan ya dapatnya & gmn konsepnya? Dari kmrn saya baca di stream pd bahas deviden2 (bertanya dengan nada halus),izin nanya deviden ya dapatnya gmn konsepnya kmrn baca stream pd bahas deviden nada halus,Positif (+1),6.0,Negatif (-1),0.4362,BEDA ⚠️,
228,6360364,2021-05-18 12:10:21,"$BBCA belum mampu Close & Bertahan > 32500 - 33000
'If Bdown 31500 potensinya membentuk Wave 5 
( Before : https://my.stockbit.com/post/6310369 )

#Insight
#BearishElliotWave
#RisingWedge",belum close bertahan if bdown potensinya membentuk wave before insight bearishelliotwave risingwedge,Negatif (-1),-2.0,Negatif (-1),0.4999,SAMA ✅,
229,15998029,2024-10-08 22:59:49,@CariSahamCuan ahh..pindah $ISAT wae lahh...atau $TLKM buang $EXCL  kakean dramaaaa..capekk... atau ke $BBCA lagi..yg sudah jelas naik terus...waktu covid yoy juga tetep ijo... save haven lah bbca.,ahh pindah wae lahh buang kakean drama capekk yg covid yoy tetep save haven bbca,Negatif (-1),-6.0,Negatif (-1),0.4401,SAMA ✅,
230,6896311,2021-08-08 10:08:49,"@YogaBayuAP memang harus diputuskan oleh @Stockbit? karna diawal pembukaan RDN simas via SB aku masih simpan email ada kata ""selamanya"" apa harus ditafsirkan lagi? lebih baik untuk regis promo yg support di awal dapat previllage :thinking:
$ihsg $icbp $bbca $tlkm",diputuskan karna diawal pembukaan rdn simas via sb simpan email ditafsirkan regis promo yg support previllage thinking,Positif (+1),4.0,Negatif (-1),0.4205,BEDA ⚠️,
231,30824954,2026-04-24 10:39:33,$BBCA $BBRI LAGI LOMBA NYELAM APA YAAA WKW,lomba nyelam ya wkw,Positif (+1),4.0,Negatif (-1),0.411,BEDA ⚠️,
232,31146122,2026-05-02 13:24:20,"Bursa Efek Indonesia (BEI) mencatat antusiasme yang kuat di pasar modal dengan adanya 15 perusahaan yang saat ini berada dalam antrean atau pipeline untuk melakukan penawaran umum perdana saham (initial public offering/IPO) hingga akhir April 2026. 

Direktur Penilaian Perusahaan BEI, I Gede Nyoman Yetna mengungkapkan, 11 calon emiten merupakan entitas dengan aset jumbo atau skala besar yang nilainya melebihi Rp250 miliar.

""Hingga saat ini terdapat 15 perusahaan dalam pipeline pencatatan saham BEI,"" kata Nyoman, Sabtu (2/5/2026). 

Sementara itu, empat perusahaan lainnya masuk dalam kategori aset skala menengah dengan rentang nilai antara Rp50 miliar hingga Rp250 miliar, dan tidak ada satu pun perusahaan dari kategori aset skala kecil di bawah Rp50 miliar dalam daftar tersebut. 

$IHSG $MSCI $BBCA",bursa efek indonesia bei mencatat antusiasme kuat pasar modal perusahaan antrean pipeline penawaran perdana saham initial public offering ipo april direktur penilaian perusahaan bei gede nyoman yetna calon emiten entitas aset jumbo skala nilainya melebihi rp miliar perusahaan pipeline pencatatan saham bei nyoman sabtu perusahaan masuk kategori aset skala menengah rentang nilai rp miliar rp miliar tidak perusahaan kategori aset skala rp miliar daftar,Positif (+1),26.5,Negatif (-1),0.5081,BEDA ⚠️,
233,8918809,2022-06-20 17:10:54,"Saham PT.Bank Central Asia Tbk (BBCA) disarankan ""Trading Buy""(Trading Buy Rating) dengan target harga di Rp8550Hal itu dikutip dari hasil riset analis Handiman Soetoyo,Mirae Asset SekuritasSumber : IPS RESEARCH...",saham pt bank central asia tbk bbca disarankan trading buy trading buy rating target harga rp dikutip hasil riset analis handiman soetoyo mirae asset sekuritassumber ips research,Positif (+1),8.0,Negatif (-1),0.4651,BEDA ⚠️,
234,29563020,2026-03-12 15:45:35,$BBCA nah kan bener terguyur2 abis News nya keluar,bener terguyur abis news nya,Positif (+1),4.0,Negatif (-1),0.428,BEDA ⚠️,
235,6099637,2021-03-31 09:55:00,"Jakarta, CNBC Indonesia - Indeks Harga Saham Gabungan (IHSG) kembali ditutup ambles di zona merah bahkan jatuh di bawah level psikologis 6.100. IHSG anjlok dalam hingga 1,55% ke posisi 6.071, pada penutupan sesi II perdagangan, Selasa kemarin (30/3/2021).Data BEI mencatat, IHSG terjungkal ketika...",jakarta cnbc indonesia indeks harga saham gabungan ihsg ditutup turun zona turun jatuh level psikologis ihsg turun posisi penutupan sesi ii perdagangan selasa kemarin data bei mencatat ihsg terjungkal,Negatif (-1),-14.5,Negatif (-1),0.5028,SAMA ✅,
236,22321061,2025-10-16 13:51:12,"$BBCA LK Q3 hanya naik 4,2% YoY, turun 8,1% QoQ",lk yoy turun qoq,Negatif (-1),-3.0,Negatif (-1),0.5108,SAMA ✅,
237,21318564,2025-09-24 14:20:20,"Invest di bursa IDX hanya dapat hikmah saja. Gorengan kriuk2 naik nya luar biasa walaupun secara lapkeu rugi.
Emiten dengan performa baik malah turun. Bener gak sih omongan saya?



$BBCA $BUMI $BREN",invest bursa idx hikmah gorengan kriuk nya lapkeu rugi emiten performa turun bener tidak sih omongan,Positif (+1),2.0,Negatif (-1),0.4714,BEDA ⚠️,
238,16411977,2024-11-19 22:07:03,$BBCA Bandar udah pegang harga di 9956 🤑🤑🤑,bandar pegang harga untung untung untung,Positif (+1),10.0,Negatif (-1),0.3855,BEDA ⚠️,
239,12998561,2023-11-21 13:10:50,"$FUTR PECAHHHHHH, muanteppp rekk kalo kayak gini terusssss🔥🔥🔥

$INET-W $GOTO $BBCA",pecah muantep rekk kalo kayak gini untung untung untung,Positif (+1),9.0,Negatif (-1),0.4272,BEDA ⚠️,
240,12432436,2023-09-29 14:26:09,"bkn cm menang tp hrs bisa nett profit jg
kalo mau sekedar menang ya gampang tinggal bakar duit promo gede""an lg aja pasti menang market share tp makin jauh dr profitability

gausa jauh"" mimpiin geser marketcap $BBCA, analisa dl gmn strategi perusahaan untuk bs nett profit baru bs mimpi ksana 😁  😁 

komentar ini cm opini pribadi, tidak ada ajakan jual ato beli emiten apapun
$GOTO $BUKA $BELI",bkn cm menang untung hrs nett untung jg kalo sekedar menang ya gampang tinggal bakar duit promo gede an lg aja menang market share untung profitability gausa mimpiin geser marketcap analisa dl gmn strategi perusahaan bs nett untung bs mimpi ksana komentar cm opini pribadi tidak ajakan jual ato beli emiten apapun,Positif (+1),42.0,Negatif (-1),0.4832,BEDA ⚠️,
241,16545662,2024-12-02 14:00:10,$BMRI $BBRI $BBCA $BBNI mau dibawa kemana sih ini? 😞,dibawa kemana sih,Netral (0),0.0,Negatif (-1),0.4544,BEDA ⚠️,
242,32460916,2026-06-05 15:34:08,$BBCA fix ke 1000,fix,Netral (0),0.0,Negatif (-1),0.4966,BEDA ⚠️,
243,17168760,2025-01-20 14:17:45,$BBCA king ? 😄,king,Netral (0),0.0,Negatif (-1),0.512,BEDA ⚠️,
244,32351715,2026-06-03 16:33:11,@Rioku2021 yaelah nenek2 tetangga gw juga bsa kalo argumen kaya lu mah $IHSG $BBCA $BBRI,yaelah nenek tetangga gw bsa kalo argumen kaya lu mah,Negatif (-1),-2.0,Negatif (-1),0.457,SAMA ✅,
245,12574368,2023-10-13 11:59:48,$BREN Target lewati $BBCA,target lewati,Netral (0),0.0,Negatif (-1),0.4959,BEDA ⚠️,
246,32916331,2026-06-19 11:18:03,efek terbesar msci kemungkinan ke $BBCA $BBRI,efek terbesar msci,Positif (+1),3.0,Negatif (-1),0.5296,BEDA ⚠️,
247,30758979,2026-04-23 13:34:29,"$COAL 87 tembus, bisa ara, kalo ga tembus kita liat sampe mana $PPRE $BBCA",tembus kalo tidak tembus liat sampe,Negatif (-1),-2.0,Negatif (-1),0.4837,SAMA ✅,
248,31051000,2026-04-29 16:22:26,$BBCA beli,beli,Positif (+1),2.0,Negatif (-1),0.4308,BEDA ⚠️,
249,24875453,2025-12-15 10:32:34,$BBCA tetap bertahan karna yakin pasti suatu hari nanti akan naik,bertahan karna,Positif (+1),4.0,Negatif (-1),0.451,BEDA ⚠️,
250,32443639,2026-06-05 11:31:14,$BBCA mumpung lagi diskon guys jangan sampai menyesal di kemudian hari 😁,mumpung diskon guys jangan menyesal,Positif (+1),4.0,Negatif (-1),0.3681,BEDA ⚠️,
251,22087349,2025-10-13 08:52:42,$BBCA tarik napasss buanggg.. tarikk napasss buanggg...smoga hari ini tidak siall...🙏🤭,tarik napas buang tarikk napas buang smoga tidak siall,Negatif (-1),-4.0,Negatif (-1),0.4122,SAMA ✅,
252,22581136,2025-10-22 15:38:42,$BBCA Anomali,anomali,Netral (0),0.0,Negatif (-1),0.5052,BEDA ⚠️,
253,15806519,2024-09-19 06:26:59,"Fed cut rate 50bp .. wallstreet malah merah 🤣

$IHSG gimana dong hari ini?? Pada take profit dulu kaahh??

$USDIDR $BBCA $TLKM",fed rugi rate bp wallstreet turun gimana take untung kaahh,Negatif (-1),-3.0,Negatif (-1),0.4612,SAMA ✅,
254,7162184,2021-09-13 15:49:34,"ternyata pendaftaran di sekuritas stockbit terbaru mahakarya nggak secepat yang dijanjikan. Proses pendaftaran berhenti di pemilihan RDN yang cuma ada pilihan BCA, sementara saya ndak ada sama sekali. Pas klik buka rekening bca diarahkan ke aplikasi mobile bca buat daftar sendiri  :rofl: . Perasaaan saya daftar ajaib nggak punya rekening permata langsung dibikinin juga oleh ajaib. Mohon @Stockbit @WellsonLo untuk menambahkan RDN mandiri atau permudahan proses pendaftarannya kalau masih kekeh pakai BCA.

$IHSG $BBCA $BBRI $ARTO",pendaftaran sekuritas stockbit terbaru mahakarya nggak secepat dijanjikan proses pendaftaran berhenti pemilihan rdn pilihan bca ndak pas klik buka rekening bca diarahkan aplikasi mobile bca daftar rofl perasan daftar ajaib nggak rekening permata langsung dibikinin ajaib mohon rdn mandiri permudahan proses pendaftarannya kekeh pakai bca,Positif (+1),25.0,Negatif (-1),0.4617,BEDA ⚠️,
255,33851413,2026-07-17 10:02:38,kira-kira bakal terbang sampe tanggal berapa nih? inpooo dong:) $BBCA $BBRI $BMRI,sampe tanggal nih inpo,Negatif (-1),-4.0,Negatif (-1),0.483,SAMA ✅,
256,32378491,2026-06-04 10:04:51,"$BBCA, waaauuuuuuuw mantap x",wauw mantap,Positif (+1),5.0,Negatif (-1),0.4184,BEDA ⚠️,
257,11719223,2023-07-10 19:48:20,"lebaran 2022 , gavriel umur 12 tahun, titip beli $BBCA sejumlah 1 lot di harga 8125",lebaran gavriel umur titip beli lot harga,Positif (+1),6.0,Negatif (-1),0.4852,BEDA ⚠️,
258,17436040,2025-02-09 20:01:33,"$IHSG - 
09 february 2025 

target Closing monthly february 6400 
jauhin emiten bubble ,gk perlu di sebut emiten apa

https://stockbit.com

$ADRO $BBCA",february target closing monthly february jauhin emiten bubble gk emiten,Negatif (-1),-3.0,Negatif (-1),0.4995,SAMA ✅,
259,24572815,2025-12-09 16:34:30,"@Jimz123 lugu amat diketawain singapore ma jepang lo

Tidak sesimpel itu bro, kalo bank gagal muterin tu duit justru resiko kredit macet, yg ada malah hangus

Power utama negara superpower selalu SDM/inovasi bukan SDA ataupun duit/emas


$BBRI $BBCA $BMRI",lugu diketawain singapore ma jepang lo tidak sesimpel bro kalo bank jelek rugi muterin tu duit resiko kredit macet yg hangus power utama negara superpower sdm inovasi bukan sda duit emas,Negatif (-1),-6.0,Negatif (-1),0.5117,SAMA ✅,
260,29265660,2026-03-04 21:17:51,"@UdinJ  duit receh om 🤣 makanya berani hold, belum sanggup hold $BBCA",duit receh om berani tahan belum sanggup tahan,Negatif (-1),-6.0,Negatif (-1),0.4135,SAMA ✅,
261,18112924,2025-04-08 12:11:05,"bca turun tajam di banding bank BUMN,, selemah ini kah BCA $BBCA $BMRI $BBRI",bca turun tajam banding bank bumn selemah kah bca,Positif (+1),4.0,Negatif (-1),0.4891,BEDA ⚠️,
262,29239614,2026-03-04 13:49:45,"iya kayanya hari ini $BBCA
lg kasih diskon wkwkw",iya lg kasih diskon wkwkw,Positif (+1),4.0,Negatif (-1),0.4284,BEDA ⚠️,
263,13436766,2024-01-02 18:07:39,"@imansyu Saya sudah Cutloss sejak Oktober 2023 waktu itu harga $GOTO 55. 
saya cutloss karena harga saham $BBRI $ASII $BBCA dan yang fundamental bagus lain pada turun.
terpaksa saya harus jual goto.
sayang kalau big banks lagi harga Murah gak diambil.",rugi oktober harga rugi harga saham fundamental bagus turun terpaksa jual goto sayang big banks harga murah tidak diambil,Negatif (-1),-9.0,Negatif (-1),0.5063,SAMA ✅,
264,30962877,2026-04-28 11:18:33,"Tadi pagi gw Call $RATU, Followers gw pada dapat barang kan di bawah tadi 😁


$PTRO $BBCA",pagi gw call followers gw barang,Positif (+1),1.0,Negatif (-1),0.4331,BEDA ⚠️,
265,31891134,2026-05-20 09:30:16,"$BMRI PLEASEEE PRARORO JANGAN BLUNDER PLEASEEEEE. 10:20 SIAP2 GESS 

$IHSG $BBCA",please praroro jangan blunder please gess,Netral (0),0.0,Negatif (-1),0.4302,BEDA ⚠️,
266,15788882,2024-09-17 12:57:07,$BBRI$BBCA xauusd Jagan sel belum bisa nanti kejang kejang😁🤣🤣🤣🤣,xauusd jagan sel belum kejang kejang,Netral (0),0.0,Negatif (-1),0.4075,BEDA ⚠️,
267,31765988,2026-05-18 09:41:32,"""ORANG DESA GA PAKAI DOLLAR "" ORANG DESA GA MAIN SAHAM "" PRETTTT 

$IHSG $BBCA $BUMI",orang desa tidak pakai dollar orang desa tidak main saham pret,Negatif (-1),-2.0,Negatif (-1),0.468,SAMA ✅,
268,21088934,2025-09-18 16:30:36,$BBCA Hujan emas,hujan emas,Positif (+1),1.0,Negatif (-1),0.4874,BEDA ⚠️,
269,32745875,2026-06-13 10:54:06,"@LordGanesha semoga di kehidupan selanjutnya kita dilahirkan di negara yang memberikan perlindungan dan pengharapan kesejahteraan bagi rakyatnya amin
dyor
$TPIA $BBCA $BBRI",semoga kehidupan dilahirkan negara perlindungan pengharapan kesejahteraan rakyatnya amin dyor,Positif (+1),3.0,Negatif (-1),0.4638,BEDA ⚠️,
270,31225123,2026-05-05 10:15:26,"$BBCA $BBRI $BUMI

ABIS INI 

BAKAL BANYAK DUKUN SOTOY 

LIVE DIMANA MANA NIH😆🤣😅",abis dukun sotoy live dimana nih,Negatif (-1),-3.0,Negatif (-1),0.4012,SAMA ✅,
271,9550191,2022-09-08 09:16:56,$BBCA ini king bro bukan soldier ini 😎,king bro bukan soldier,Netral (0),0.0,Negatif (-1),0.4112,BEDA ⚠️,
272,18163353,2025-04-11 16:17:21,"iseng invest di saham beli BBCA yang katanya orang tua sebagai saham anti badai dan bisa di simpan untuk jangka panjang. beli pertama kali di 20 maret kemarin. ternyata jd hari terakhir cum date. beli lagi setelah sempet trading halt.. mudah2an ada trading halt lg kedepannya biar bisa serok lg. tp boring jg ya liat naik turun harian cuma 1% 3%.. lbh seru liat porto crypto.

$BBCA",iseng invest saham beli bbca orang tua saham anti badai simpan jangka beli kali maret kemarin jd cum date beli sempet trading halt mudah an trading halt lg kedepannya biar beli lg untung boring jg ya liat turun harian lbh seru liat porto crypto,Positif (+1),14.0,Negatif (-1),0.5171,BEDA ⚠️,
273,32843110,2026-06-17 14:05:40,"Buy indonesia 🚀


RT $IHSG $BBCA $BMRI",buy indonesia untung rt,Positif (+1),6.0,Negatif (-1),0.4698,BEDA ⚠️,
274,14211989,2024-03-14 14:30:52,$BBNI waktu kurang 1 jam.. paling trap ny turun di 6000..masih aman dah.. $PTBA$BMRI$BBCA,kurang jam trap ny turun aman,Positif (+1),1.0,Negatif (-1),0.4582,BEDA ⚠️,
275,21123616,2025-09-19 13:31:27,"STOCKWATCH.ID (JAKARTA) – Indeks Harga Saham Gabungan (IHSG) pada awal perdagangan saham, Jumat (19/9/2025), melemah 14,299 poin atau turun 0,18% menjadi 7.994,134 dari penutupan Kamis (18/9/2025) di level 8.008,433.
Penurunan IHSG pagi ini, antara lain, dipicu oleh turunnya harga saham emiten ber...",stockwatch id jakarta indeks harga saham gabungan ihsg perdagangan saham jumat melemah poin turun penutupan kamis level penurunan ihsg pagi dipicu turunnya harga saham emiten ber,Negatif (-1),-6.0,Negatif (-1),0.4863,SAMA ✅,
276,22388558,2025-10-17 14:42:02,$BBCA seperti apa yang dibilang ma mbak ellen 😀,dibilang ma mbak ellen,Netral (0),0.0,Negatif (-1),0.3942,BEDA ⚠️,
277,24919073,2025-12-15 16:45:10,"Jakarta, CNBC Indonesia - Jakarta, CNBC Indonesia - Indeks Harga Saham Gabungan (IHSG) terkoreksi 10,84 poin atau turun 0,13% ke level 8.649,66 pada akhir perdagangan hari ini, Senin (15/12/2025). Koreksi ini terjadi meski saham-saham blue chip sektor perbankan kompak menguat.
Nilai transaks...",jakarta cnbc indonesia jakarta cnbc indonesia indeks harga saham gabungan ihsg terkoreksi poin turun level perdagangan senin koreksi saham saham blue chip sektor perbankan kompak menguat nilai transaks,Positif (+1),4.0,Negatif (-1),0.5216,BEDA ⚠️,
278,11598044,2023-06-21 17:20:52,"$BBYB $BBCA undang undang baru 2023,setiap bank di Indonesia wajib membayar premi 1 persen kepada lps.
bank digital siap siap terbang karena bank digital tidak membayar premi kepada lps karena bunganya diatas bunga penjaminan.",undang undang bank indonesia wajib membayar premi persen lps bank digital bank digital tidak membayar premi lps bunganya diatas bunga penjaminan,Positif (+1),7.0,Negatif (-1),0.5066,BEDA ⚠️,
279,25478486,2025-12-25 17:10:59,"Saya senang dan cocok dengan pendekatan fundamental.

Sekurang-kurangnya ada 3 kelas value investing yang pernah saya intip-intip isi materinya, dengan berbagai rentang biaya. 

Opini saya adalah it's not worth paying. 

Bukan karena mentor-mentornya tidak pintar atau tidak kompeten, tapi kompetensi mereka tidak tertuangkan sepenuhnya ke dalam materi. Maksudnya, ada hal-hal yg menurut saya esensial yang seharusnya disampaikan, tapi mungkin karena berbagai alasan menjadi tak tersampaikan.

Bahkan investor yang hanya belajar mandiri dari stream stockbit yang notabene gratisan saja, menurut saya sudah lebih dari cukup bekalnya. Asalkan bisa memilah dengan rasional. 

Dengan kemajuan teknologi saat ini, selalu ada banyak bahan gratis di luar sana yang bermutu dan komprehensif.

$BBCA $BBRI $BMRI",senang cocok pendekatan fundamental sekurang kurangnya kelas value investing intip intip isi materinya rentang biaya opini it not worth paying bukan mentor mentornya tidak pintar tidak kompeten kompetensi tidak tertuangkan sepenuhnya materi maksudnya yg esensial alasan investor belajar mandiri stream stockbit notabene gratisan bekalnya memilah rasional kemajuan teknologi bahan gratis bermutu komprehensif,Positif (+1),3.0,Negatif (-1),0.5465,BEDA ⚠️,
280,30472742,2026-04-17 12:23:42,"$BBRI $BBNI $BBCA
Kalau uang dah gede jangan serakah makanya tembak tuh obligasi/ saham deviden tinggi (yang naiknya dikit ) yang seharusnya bisa hidup tenang malah kena mental, dll
https://youtu.be/zHXK2IdqRtw?si=xgxdWQVoD8iXboS4",uang gede jangan serakah tembak tuh obligasi saham deviden naiknya dikit hidup tenang kena mental dll,Positif (+1),7.0,Negatif (-1),0.4842,BEDA ⚠️,
281,16183782,2024-10-30 09:31:07,"@Rzetz betul, banyak yang miss ini, gimana geopolitik pengaruh juga

Masuk brics itu kemungkinan besar dimusuhin mama rika dan sekutunya dan tebak bandar asing yang invest di indo kebanyakan darimana? ya mama rika dan sekutunya

$BBRI $BMRI $BBNI $BBCA",miss gimana geopolitik pengaruh masuk brics dimusuhin mama rika sekutunya tebak bandar asing invest indo kebanyakan darimana ya mama rika sekutunya,Positif (+1),14.5,Negatif (-1),0.4609,BEDA ⚠️,
282,13804648,2024-01-31 09:42:55,"@Heriswara ohh... gua kira Ngefear $BBCA buat suruh beli $NISP, hampir salah sangka 🫠

sorry bang @Valhala83",ohh gua ngefear suruh beli salah sangka sorry bang,Negatif (-1),-8.0,Negatif (-1),0.419,SAMA ✅,
283,14605324,2024-05-02 09:16:44,@AdyEndeavor cusss $BBCA bank terkuat didunia ✈️✈️,cus bank terkuat didunia,Netral (0),0.0,Negatif (-1),0.4389,BEDA ⚠️,
284,15680423,2024-09-04 09:06:47,"$BBCA $BBNI $BMRI $BBRI

yuk pada TP/CL, biar asing aja yang borong 😌🙏",yuk untung rugi biar asing aja borong,Positif (+1),8.0,Negatif (-1),0.3994,BEDA ⚠️,
285,21978831,2025-10-09 15:14:08,$BBCA di kasih harga Murmer malah pada ngarep ke 6k 😇🙃,kasih harga murmer ngarep,Netral (0),0.0,Negatif (-1),0.3913,BEDA ⚠️,
286,22543837,2025-10-22 08:43:41,"☀️ Selamat Pagi, RC Fams!
Rabu Penuh Potensi!

Setelah kita sepakat dengan filosofi Single Shot - fokus pada keamanan dan akurasi - ingat ya, RadarCuan tidak lagi merilis sinyal setiap hari.
Sinyal hanya akan muncul ketika setup benar-benar proven dan aman untuk short swing kita.

💥 Kabar baiknya: pagi ini radar telah menangkap satu sinyal solid yang siap kita eksekusi!

Mari awali hari dengan disiplin, money management yang ketat, dan semangat menjemput cuan.
Tetap fokus dan bijak, RC Fams! 💚

$BBCA $GTSI $CDIA",selamat pagi rc fams rabu penuh potensi sepakat filosofi single shot fokus keamanan akurasi ya radarcuan tidak merilis sinyal sinyal muncul setup proven aman short swing kabar baiknya pagi radar menangkap sinyal solid eksekusi mari awali disiplin money management ketat semangat menjemput untung fokus bijak rc fams,Positif (+1),46.0,Negatif (-1),0.4278,BEDA ⚠️,
287,33564490,2026-07-09 16:48:13,"Menu daytrade JAST take profit  ya 🔥

https://stockbit.com/post/33509124

$BBCA $BBRI $BMRI",menu daytrade jast take untung ya untung,Positif (+1),12.0,Negatif (-1),0.4621,BEDA ⚠️,
288,14288707,2024-03-22 10:39:52,$BBCA masih pantau nunggu di bawah 10ribu baru gas serok.  sesi dua nanti gimana bisa ke 9000an gak nih,pantau nunggu ribu gas beli sesi gimana an tidak nih,Positif (+1),6.5,Negatif (-1),0.4459,BEDA ⚠️,
289,17682435,2025-02-27 13:28:58,"@ICXHNK123 hanya anjlok. 🗿

Yang penting jangan kapok main saham🗿

Tetap semangat investor $BBRI $BBCA $BMRI. Keep upgrade skill https://cutt.ly/Ve3nZHZf",turun jangan kapok main saham semangat investor keep upgrade skill,Positif (+1),2.0,Negatif (-1),0.4119,BEDA ⚠️,
290,17911690,2025-03-17 10:09:14,AVG $BMRI atau beli baru $BBCA ?,avg beli,Positif (+1),2.0,Negatif (-1),0.4684,BEDA ⚠️,
291,18669203,2025-05-26 12:16:26,"IHSG kita di sesi 1 ini terlihat akhirnya terkoreksi dimana IHSG saat ini sudah ada diangka 7156, sangat sesuai dengan yg sudah kita bahas di Live Technical Analysis di IG mancingsaham kemarin malam.

koreksi dari IHSG kita di sesi 1 ini kulihat masih sangat sehat, mesti diketahui bahwa IHSG ini punya area Support terdekat untuk saat ini ada dikisaran angka 7130an-7150an, artinya saat ini IHSG sedang tertahan untuk koreksinya dikisaran supportnya.

selama IHSG ini mampu untuk bisa terus bertahan dikisaran supportnya saat ini, IHSG ini ada potensi akhirnya bisa rebound kembali n naik menguji Resistancenya yang ada dikisaran angka 7200an. Namun, tetap waspadai jika IHSG ini ternyata malah lanjut turun n Breakdown kebawah 7130an-7150an karena jika hal ini terjadi, maka sangat possible IHSG kita ini akan bisa turun lebih dalam lagi menuju Support Kuatnya yang ada dikisaran angka 6900an.

$BBRI $BMRI $BBCA",ihsg sesi terkoreksi dimana ihsg diangka sesuai yg bahas live technical analysis ig mancingsaham kemarin malam koreksi ihsg sesi kulihat sehat mesti ihsg area support terdekat dikisaran angka an an ihsg tertahan koreksinya dikisaran supportnya ihsg bertahan dikisaran supportnya ihsg potensi untung menguji resistancenya dikisaran angka an waspadai ihsg turun breakdown kebawah an an possible ihsg turun support kuatnya dikisaran angka an,Positif (+1),17.0,Negatif (-1),0.4857,BEDA ⚠️,
292,17986623,2025-03-21 10:07:45,$BBCA sekalian 6000 yuk bisa yuk,yuk yuk,Positif (+1),8.0,Negatif (-1),0.4105,BEDA ⚠️,
293,33021955,2026-06-23 22:06:54,"🚀 [INVESBOT INSIGHT] 📊 Dashboard Overview

📈 Sentiment: CAUTIOUS 🟡 (Foreign Out)
💸 Foreign Net: Rp-336.8B
💎 Top Accumulation: BBRI

🔍 Screening Results:
- Golden Cross: 30 Saham
- Bottom Fishing: 10 Saham
- Volume Spike: 10 Saham


$IHSG $BBRI $BBCA",untung invesbot insight dashboard overview untung sentiment cautious rugi turun foreign out rugi turun foreign net rp untung top accumulation bbri screening results golden cross saham bottom fishing saham volume spike saham,Positif (+1),3.0,Negatif (-1),0.4503,BEDA ⚠️,
294,7094954,2021-09-02 16:55:42,"Ipotnews - Posisi  IHSG  berkutat di zona pelemahan pada akhir perdagangan hari Kamis (2/9). Indeks Lengser 13 poin atau melemah sebesar 0,21 persen ke posisi 6.078.Indeks LQ45 +0,27% ke 862.Indeks IDX30 +0,35% ke 459.Indeks IDX80 +0,24% ke 123.Jakarta Islamic Indeks (JII) +0,32% ke 538.Indeks Kompa...",ipotnews posisi ihsg berkutat zona pelemahan perdagangan kamis indeks lengser poin melemah persen posisi indeks lq indeks idx indeks idx jakarta islamic indeks jii indeks kompa,Positif (+1),1.0,Negatif (-1),0.4988,BEDA ⚠️,
295,9196887,2022-07-27 23:55:43,"PT Bank Central Asia Tbk (BCA) dan entitas anak membukukan laba bersih sebesar Rp 18 triliun pada semester I 2022, atau tumbuh 24,9% dari raihan untung bersih periode yang sama tahun sebelumnya.Berdasarkan pengumuman perusahaan, emiten berkode saham BBCA ini membukukan kenaikan pendapatan bunga ber...",pt bank central asia tbk bca entitas anak membukukan laba bersih rp triliun semester tumbuh raihan untung bersih periode berdasarkan pengumuman perusahaan emiten berkode saham bbca membukukan kenaikan pendapatan bunga ber,Negatif (-1),-4.0,Negatif (-1),0.5329,SAMA ✅,
296,15994468,2024-10-08 15:31:20,"$BBRI $BMRI $BBNI $BBCA

pagi pd gak berani masuk pas koreksi🥲🤡",pagi pd tidak berani masuk pas koreksi,Positif (+1),2.5,Negatif (-1),0.4047,BEDA ⚠️,
297,15813878,2024-09-19 14:26:42,"$BBCA ayo 11rb, susul $BREN",ayo rb susul,Positif (+1),4.0,Negatif (-1),0.4728,BEDA ⚠️,
298,21908834,2025-10-08 14:21:16,$BBCA nightmare,nightmare,Netral (0),0.0,Negatif (-1),0.5064,BEDA ⚠️,
299,7861169,2022-01-18 12:11:52,"News Update
:point_right: Omicron membuat IHSG sesi I Ambles 1,41%, asing masih catatkan net buy Rp 4 Miliar
:point_right: Tembus Rp 200 Triliun, APBN jadi penopang Anggaran Ibu Kota Baru
:point_right: Tjahjo Kumolo Pastikan Tenaga Honorer di hapus 2023
:point_right: Pukul 12:00 WIB Rupiah tertekan ke level Rp 14,325/USD
:point_right: Dukung Penuh Gelaran MotoGP, Kemenhub siapkan pelabuhan standar Kapal Pesiar
:point_right: $TLKM dan Pos Finansial Bergandengan dorong Inklusi Keuangan Indonesia
:point_right: Investor Strategis siap masuk di Rights Issued $BBYB Rp 5 Triliun
:point_right: $BIRD gandeng $BBCA hadirkan fitur pemesanan Taksi di BCA Mobile",news update point right omicron ihsg sesi turun asing catatkan net buy rp miliar point right tembus rp triliun apbn penopang anggaran kota point right tjahjo kumolo pastikan tenaga honorer hapus point right wib rupiah tertekan level rp usd point right dukung penuh gelaran motogp kemenhub siapkan pelabuhan standar kapal pesiar point right pos finansial bergandengan dorong inklusi keuangan indonesia point right investor strategis masuk rights issued rp triliun point right gandeng hadirkan fitur pemesanan taksi bca mobile,Positif (+1),4.5,Negatif (-1),0.5147,BEDA ⚠️,
300,6653553,2021-07-02 19:28:19,"@warrenlemari 
1. bagus ada langkah brani nyambungin plugin ke ipot .. jual etf, kripto, fractional stock

2. mkin brani deposito valas fleksibel, bisa transfer ksana-kmari, cabut tanpa penalti

3. nabung dah g jaman, bocil² pada rebutan nyimpen duit ke bibit + nguber cashback. bunga normal 0,3% p.a & bunga deposito 3,75% p.a blu gada ngasi efek

4. hybrid e-wallet .. mcem jenius pay, linkaja, ovo, dana, gopay. bisalah g kena limit topup 20jt/bln. dah ada qris d blu

5. rilis app kaga ada reward / gift buka rekening ... bank macem apa ini :thumbsdown: $BBCA",bagus langkah brani nyambungin plugin ipot jual etf kripto fractional stock mkin brani deposito valas fleksibel transfer ksana kmari cabut tanpa penalti nabung tidak jaman bocil rebutan nyimpen duit bibit nguber cashback bunga normal bunga deposito blu gada ngasi efek hybrid wallet mcem jenius pay linkaja ovo dana gopay bisalah tidak kena limit topup jt bln qris blu rilis app kaga reward gift buka rekening bank macem thumbsdown,Positif (+1),32.0,Negatif (-1),0.5163,BEDA ⚠️,
301,18137780,2025-04-10 09:04:40,$BBCA kegocek trump 😆,kegocek trump,Netral (0),0.0,Negatif (-1),0.4673,BEDA ⚠️,
302,29998371,2026-04-07 09:17:36,"$BBCA
yok.... naik yok.... bsk bagi deviden wkwkw",yok yok bsk deviden wkwkw,Netral (0),0.0,Negatif (-1),0.4221,BEDA ⚠️,
303,18385696,2025-05-02 09:00:12,"wowww opening langsung hit!!!

the king $BBCA is back, lanjut ke MA200 king. 💪💪💪


DYOR",wow opening langsung hit the king is back ma king dyor,Positif (+1),3.0,Negatif (-1),0.4646,BEDA ⚠️,
304,17455384,2025-02-11 05:24:50,"Berdasarkan grafik saham BBCA, berikut beberapa analisa teknikal:

1. Tren Harga

Harga saham BBCA saat ini di 9.150, turun -2,14%.

Saham mengalami koreksi tajam dari puncaknya di atas 11.500 pada 2024.

Penurunan tajam dalam beberapa hari terakhir menunjukkan sentimen bearish yang kuat.


2. Level Support & Resistance

Support terdekat: Sekitar 9.000 - 8.800 (area yang bisa menjadi penahan penurunan).

Resistance terdekat: Sekitar 9.500 - 9.800 (batas atas sebelum bisa naik lebih lanjut).


3. Indikator Sentimen

Ada gap turun yang cukup besar, menandakan tekanan jual yang dominan.

Jika harga bertahan di 9.000, kemungkinan ada pantulan (technical rebound).

Jika menembus 8.800 ke bawah, bisa terjadi penurunan lebih lanjut.


Kesimpulan & Strategi

Untuk Trader: Bisa menunggu konfirmasi pantulan di support sebelum masuk.

Untuk Investor Jangka Panjang: Jika percaya pada fundamental BBCA, bisa mulai akumulasi bertahap.

Waspada jika harga terus turun tanpa tanda-tanda pembalikan.

$BBRI $BBCA $BMRI",berdasarkan grafik saham bbca analisa teknikal tren harga harga saham bbca turun saham mengalami koreksi tajam puncaknya penurunan tajam sentimen turun kuat level support resistance support terdekat area penahan penurunan resistance terdekat batas indikator sentimen gap turun menandakan tekanan jual dominan harga bertahan pantulan technical untung menembus penurunan kesimpulan strategi trader menunggu konfirmasi pantulan support masuk investor jangka percaya fundamental bbca akumulasi bertahap waspada harga turun tanpa tanda tanda pembalikan,Positif (+1),15.5,Negatif (-1),0.5352,BEDA ⚠️,
305,32363014,2026-06-04 08:30:56,"📊 TODAY STRATEGY — VALUE FINANCE WATCHLIST
📅 4 JUNI 2026

━━━━━━━━━━━━━━━

🔹 $BRPT
Harga : 1.765
Support : 1.460
Breakout : 2.150
Target : 2.330
ATR : 218

📈 Analisis Teknikal
BRPT menunjukkan fase rebound setelah berhasil bertahan dari area support kuat 1.460. Kenaikan volume transaksi mengindikasikan mulai adanya aktivitas akumulasi di area bawah.

Meski demikian, harga masih berada di bawah resistance penting 2.150 yang menjadi area konfirmasi perubahan tren. Selama belum mampu breakout, pergerakan masih berpotensi bergerak sideways dengan volatilitas tinggi.

📌 Kesimpulan :
BRPT berada dalam fase AKUMULASI / WAIT dengan peluang rebound lanjutan apabila mampu menembus 2.150.

━━━━━━━━━━━━━━━

🔹 $PTRO
Harga : 4.110
Support : 3.170
Breakout : 5.550
Target : 6.125
ATR : 512

📈 Analisis Teknikal
PTRO berhasil melakukan technical rebound dari area support mayor 3.170. Namun tekanan jual masih terlihat cukup kuat sehingga harga belum mampu mempertahankan area penguatan sebelumnya.

Volume masih relatif aktif yang menunjukkan saham ini masih menjadi perhatian pelaku pasar. Area 5.550 menjadi resistance utama yang harus ditembus untuk mengonfirmasi tren bullish baru.

📌 Kesimpulan :
PTRO berada dalam fase AKUMULASI / WAIT dengan potensi upside menarik apabila breakout berhasil terjadi.

━━━━━━━━━━━━━━━

🔹 $BBCA
Harga : 5.525
Support : 5.359
Breakout : 6.175
Target : 6.200
ATR : 171

📈 Analisis Teknikal
BBCA masih bergerak dalam tren koreksi menengah dan saat ini mendekati support penting di area 5.359. Penurunan harga terjadi dengan volume yang meningkat sehingga area support perlu dicermati secara ketat.

Secara historis BBCA merupakan salah satu saham defensif yang sering menjadi tujuan akumulasi investor institusi saat terjadi koreksi pasar. Konfirmasi penguatan akan muncul apabila harga mampu kembali menembus resistance 6.175.

📌 Kesimpulan :
BBCA berada dalam fase AKUMULASI / WAIT selama support 5.359 tetap terjaga.

━━━━━━━━━━━━━━━

🏆 TOP PICK HARI INI

🥇 BBCA → Risiko paling rendah dan berada dekat area support kuat.
🥈 PTRO → Potensi upside terbesar apabila momentum sektor energi kembali menguat.
🥉 BRPT → Rebound mulai terbentuk, menunggu konfirmasi breakout.

━━━━━━━━━━━━━━━

⚠️ Disclaimer
Analisis ini merupakan pandangan teknikal dan bukan ajakan membeli maupun menjual saham tertentu. Tetap gunakan risk management dan money management secara disiplin.

🧠 Analyst : Rohal Value Finance
🟢⚫ VALUE • GROWTH • FREEDOM",today strategy value finance watchlist juni harga support untung target atr untung analisis teknikal brpt fase untung berhasil bertahan area support kuat kenaikan volume transaksi mengindikasikan aktivitas akumulasi area harga resistance area konfirmasi perubahan tren belum untung pergerakan berpotensi bergerak tahan volatilitas kesimpulan brpt fase akumulasi wait peluang untung lanjutan menembus harga support untung target atr untung analisis teknikal ptro berhasil technical untung area support mayor tekanan jual kuat harga belum mempertahankan area penguatan volume relatif aktif saham perhatian pelaku pasar area resistance utama ditembus mengonfirmasi tren kesimpulan ptro fase akumulasi wait potensi upside menarik untung berhasil harga support untung target atr untung analisis teknikal bbca bergerak tren koreksi menengah mendekati support area penurunan harga volume meningkat area support dicermati ketat historis bbca salah saham defensif tujuan akumulasi investor institusi koreksi pasar konfirmasi penguatan muncul harga menembus resistance kesimpulan bbca fase akumulasi wait support terjaga top pick bbca risiko rendah area support kuat ptro potensi upside terbesar momentum sektor energi menguat brpt untung terbentuk menunggu konfirmasi untung disclaimer analisis pandangan teknikal bukan ajakan membeli menjual saham risk management money management disiplin analyst rohal value finance untung value growth freedom,Positif (+1),120.0,Negatif (-1),0.4505,BEDA ⚠️,
306,22587135,2025-10-22 17:48:11,"$BBCA
Astajim AK kurang banyak kau buang itu
sampe broker lain nyangkut semua",astajim ak kurang kau buang sampe broker rugi,Negatif (-1),-4.0,Negatif (-1),0.4317,SAMA ✅,
307,23069996,2025-11-04 17:49:48,"RESUME PERDAGANGAN SAHAM HARIAN 04 Nov 2025

Hasil analisis data perkembangan harga saham pada 04 Nov 2025
Jumlah emiten saat ini ada sebanyak 955 emiten. Diantara emiten tersebut ada sebanyak 624 (65,34%) emiten yang memiliki earning per shared (eps) positif.

🔀Transaksi Non Reguler
Ada transaksi non reguler pada 149 (15,60%) emiten, tertinggi di saham $BCAP dengan volume perdagangan non-reguler sebesar 705.082.200.

🔀Transaksi Asing
Ada sebanyak 819 (85,76%) saham yang dikoleksi oleh asing. Terbanyak dibeli asing secara volume di saham $BBCA dengan harga penutupan terakhir 8.650 (0,00%) dan volume foreign buy sebesar 134.136.300.

🔀Sentimen Positif dengan Peningkatan Pembelian
Ada sebanyak 509 (53,30%) saham yang mengalami peningkatan pembelian. Peningkatan pembelian dengan bid cukup besar $BBCA dengan harga penutupan terakhir 8.650 (0,00%) dan volume bid sebesar 9.789.500 dengan kenaikan 494,42X.

🔀Saham Murah dengan Pembelian Asing > 10 Miliar
Ada sebanyak 26 (2,72%) saham yang harganya kurang dari 1000, memiliki pembelian asing di atas 10 Miliar. Pembelian Asing paling besar BRMS dengan harga penutupan terakhir 930 (-4,62%) dan volume bid sebesar 1.202.400 dengan kenaikan 494,42X.

🔀 Aktif diperdagangkan > 10.000 kali
Ada sebanyak 66745 (6.989,01%) saham yang harganya kurang dari 1000, memiliki frekuensi perdagangan lebih dari 10.000 kali. Frekuensi paling besar pada saham BRMS dengan frekuensi sebanyak 66.745 kali, sementara harga penutupan terakhir 930 (-4,62%) dan volume bid sebesar 1.202.400 dengan kenaikan 494,42X.

🔀 Terendah Dalam 52 Minggu Terakhir
Ada sebanyak 2 (0,21%) saham yang harganya kurang dari 1000 dan merupakan harga terendah pada 52 minggu terakhir. Salah satu diantaranya LAPD dengan harga penutupan terakhir 204 (-2,86%) dan volume bid sebesar 71.300 atau mengalami perubahan 7,13X dari hari sebelumnya.

_Disclaimer:_*)
#> Catatan ini hanya informasi, bukan ajakan jual beli.
#> Catatan ini disusun dengan algoritma analisis data yang dikembangkan oleh @PasukanCutloss Primbon Saham
#> Analisis data lengkap di: https://primbonsaham.com/Dashboard
#> Pelajari analisis data saham lebih mendalam, silakan japri: linktr.ee/PrimbonSaham",resume perdagangan saham harian nov hasil analisis data perkembangan harga saham nov emiten emiten emiten emiten memiliki earning shared eps positif transaksi non reguler transaksi non reguler emiten tertinggi saham volume perdagangan non reguler transaksi asing saham dikoleksi asing dibeli asing volume saham harga penutupan volume foreign buy sentimen positif peningkatan pembelian saham mengalami peningkatan pembelian peningkatan pembelian bid harga penutupan volume bid kenaikan saham murah pembelian asing miliar saham harganya kurang memiliki pembelian asing miliar pembelian asing brms harga penutupan volume bid kenaikan aktif diperdagangkan kali saham harganya kurang memiliki frekuensi perdagangan kali frekuensi saham brms frekuensi kali harga penutupan volume bid kenaikan terendah minggu saham harganya kurang harga terendah minggu salah lapd harga penutupan volume bid mengalami perubahan disclaimer catatan informasi bukan ajakan jual beli catatan disusun algoritma analisis data dikembangkan primbon saham analisis data lengkap pelajari analisis data saham mendalam silakan japri linktr ee primbonsaham,Positif (+1),26.0,Negatif (-1),0.5361,BEDA ⚠️,
308,30907320,2026-04-27 11:20:21,"$BBCA $BBRI $BUVA
Rasanya pengen hold dg posisi ganti harga yg sekarang 🤣",pengen tahan dg posisi ganti harga yg,Positif (+1),7.0,Negatif (-1),0.4197,BEDA ⚠️,
309,21092261,2025-09-18 18:23:23,Kira2 isu apa ya om asing buang $BBCA terus?,isu ya om asing buang,Netral (0),0.0,Negatif (-1),0.4716,BEDA ⚠️,
310,7338601,2021-10-13 09:41:01,"Terlalu banyak akun group trader SAMPAH dan scam
Hati hati buat pemula jangan keburu nafsu

$BBRI $BBCA $ANTM $JSMR",akun group trader sampah scam hati hati pemula jangan keburu nafsu,Positif (+1),3.0,Negatif (-1),0.4819,BEDA ⚠️,
311,5370610,2021-01-15 20:55:00,"Jakarta, CNN Indonesia -- Grab Toko tengah menjadi viral di publik lantaran melakukan penipuan terhadap konsumen. Kasus ini kini berada di ranah kepolisian.Semua bermula dari keluhan sejumlah konsumen di media sosial setelah membeli barang di Grab Toko. Rupanya, barang yang sudah dibayar mengalami...",jakarta cnn indonesia grab toko viral publik lantaran penipuan konsumen ranah kepolisian keluhan konsumen media sosial membeli barang grab toko barang dibayar mengalami,Positif (+1),5.0,Negatif (-1),0.5076,BEDA ⚠️,
312,5839436,2021-03-01 10:32:47,$BBCA terimakaish BCA .. untung sempet myerok bawah kemaren :face_with_hand_over_mouth:,terimakaish bca untung sempet myerok kemaren face with hand over mouth,Positif (+1),4.0,Negatif (-1),0.4412,BEDA ⚠️,
313,9559429,2022-09-09 03:49:49,"$BBCA ini ibarat Bitcoin sama2 punya kapitalisasi pasar yg besar, bedanya hanya di resiko volatilitasnya saja. msh bs cuan wlopun growth tdk seagresif midcap/lowcap dan cocok di hodl utk jgka pjg.

Analogi BTC dgn BBCA sama2 digital paper asset dgn limited supply.",bitcoin kapitalisasi pasar yg bedanya resiko volatilitasnya msh bs untung wlopun growth tidak seagresif midcap lowcap cocok hodl jgka pjg analogi btc bbca digital paper asset limited supply,Positif (+1),8.0,Negatif (-1),0.4904,BEDA ⚠️,
314,15582340,2024-08-24 04:37:36,"infokan IPO Bulan September 

$BBRI $ITMG $ADRO $BBCA",infokan ipo september,Netral (0),0.0,Negatif (-1),0.507,BEDA ⚠️,
315,30514642,2026-04-19 11:24:33,"Dulu, 1–2 tahun pertama di saham…
aku selalu masuk saat harga sedang downtrend.
Berharap akan ada pembalikan.
Tanpa data. Tanpa konfirmasi. Hanya insting.

Dan kalau kamu pernah di fase itu…
kamu pasti tahu bagaimana hasilnya.
Yaps—di situlah pelajaran paling mahal dimulai.

Sekarang, cara pandangku berubah.
Downtrend bukan lagi tempat untuk berharap… tapi untuk membaca.

Aku mulai melihat EMA, RSI, MACD, Bollinger Band,
struktur trend, volume, sampai data forecasting.
Semua terlihat lebih “jelas”… tapi satu hal tidak pernah hilang: uncertainty.

Karena pada akhirnya,
bukan soal indikator atau insting semata—
tapi bagaimana kita mengendalikan psikologi saat mengambil keputusan.

Percaya data? atau percaya feeling?
Di situlah mental seorang trader benar-benar diuji.

Saat ini, kita bisa lihat $BBCA sudah berada di fase downtrend yang cukup dalam
jika dilihat dari timeframe 1M, 3M, YTD, bahkan 1Y hingga 3Y.

Aku tidak tahu market akan bergerak ke mana.
Tapi dengan data forecasting, setidaknya kita punya “bayangan”,
bukan sekadar harapan.

Dari perjalanan ini, aku belajar satu hal:
Entry di downtrend itu berisiko.
Tapi entry di uptrend… sering terasa seperti ketinggalan.

Dan di antara dua kondisi itu,
di situlah keputusan kita menentukan segalanya.
Saat Uptrend → paling ideal (probability tinggi)
Saat Downtrend → high risk, high reward

Ini bukan ajakan jual beli.
Jangan pernah bergantung pada signal atau opini orang lain.

Gunakan ini sebagai referensi,
lakukan analisismu sendiri,
dan ambil keputusan dengan penuh kesadaran.
 $BBNI $BMRI",saham masuk harga turun berharap pembalikan tanpa data tanpa konfirmasi insting fase hasilnya yaps situlah pelajaran mahal pandangku berubah turun bukan berharap membaca ema rsi macd bollinger band struktur trend volume data forecasting tidak hilang uncertainty bukan indikator insting mengendalikan psikologi mengambil keputusan percaya data percaya feeling situlah mental trader diuji lihat fase turun timeframe ytd tidak market bergerak data forecasting bayangan bukan harapan perjalanan belajar entry turun berisiko entry ketinggalan kondisi situlah keputusan menentukan ideal probability turun high risk high reward bukan ajakan jual beli jangan bergantung signal opini orang referensi lakukan analisismu ambil keputusan penuh kesadaran,Negatif (-1),-7.5,Negatif (-1),0.4292,SAMA ✅,
316,14083110,2024-02-29 09:36:32,$IHSG $BNGA ngapain turun dr 2000 an .. ktnya bisa seharga $BBCA ... piye ndarr LKH,ngapain turun an ktnya seharga piye ndarr lkh,Negatif (-1),-6.0,Negatif (-1),0.4318,SAMA ✅,
317,33198352,2026-06-30 09:15:43,"porto merah = salah REZIM

porto hijau = aku hebat

$BBCA $BBRI $DSSA",porto turun salah rezim porto hebat,Negatif (-1),-7.0,Negatif (-1),0.5172,SAMA ✅,
318,33528748,2026-07-09 10:13:21,$IHSG klo udah bgini mesti cari momen kapan avg down 😞 $BBCA $DSSA,bgini mesti cari momen avg down,Negatif (-1),-9.0,Negatif (-1),0.4261,SAMA ✅,
319,10626904,2023-01-24 08:56:07,Indo Premier Sekuritas24 Januari 2023IHSG (6.835 – 6.915) : Indeks diprediksi bergerak menguat. Target kenaikan indeks pada level 6.915 kemudian 6.955 dengan support di level 6.835 kemudian 6.795.BBNI (Buy): Target kenaikan harga pada level 9.125 kemudian 9.225 dengan support di level 8.925 cut lo...,indo premier sekuritas januari ihsg indeks diprediksi bergerak menguat target kenaikan indeks level support level bbni buy target kenaikan harga level support level rugi lo,Positif (+1),3.0,Negatif (-1),0.4772,BEDA ⚠️,
320,33058988,2026-06-24 15:15:41,$BBCA yg optimis naik tp ternyata 🐈‍⬛🪦 lompat,yg optimis untung lompat,Positif (+1),4.0,Negatif (-1),0.4005,BEDA ⚠️,
321,14612283,2024-05-02 13:50:28,"merah merona guyssss 😌 

$BMRI $BBRI $BBNI $BBCA",turun merona guys,Negatif (-1),-2.0,Negatif (-1),0.4984,SAMA ✅,
322,31294037,2026-05-06 10:53:09,"Ada beberapa emiten yang sejauh ini menarik.
1. Admg
2. Akpi
3. Budi

Laba yang dihasilkan emiten ini sangat baik, namun total transaksinya sangat sedikit. Dari ketiga emiten tersebut, per hari ini transaksi terbanyak ada di $AKPI. Apakah ada sesuatu di Akpi?

RT : $BBCA $ENRG",emiten menarik admg akpi budi laba dihasilkan emiten total transaksinya ketiga emiten transaksi akpi rt,Positif (+1),8.0,Negatif (-1),0.4891,BEDA ⚠️,
323,8358333,2022-04-06 22:49:52,"JAKARTA, Pemodal asing merealisasikan pembelian bersih (net buy) saham senilai Rp 708,02 miliar di seluruh pasar, meski indeks harga saham gabungan (IHSG) Bursa Efek Indonesia (BEI), Rabu (6/4/2022), ditutup melemah 44,08 (0,62%) menjadi 7.104,22.Net buy terbanyak melanda kelima saham berikut, yaitu...",jakarta pemodal asing merealisasikan pembelian bersih net buy saham senilai rp miliar pasar indeks harga saham gabungan ihsg bursa efek indonesia bei rabu ditutup melemah net buy melanda saham,Positif (+1),4.0,Negatif (-1),0.557,BEDA ⚠️,
324,19541520,2025-07-24 10:12:03,"Disaat beberapa emiten fomo suspended, dan saham gorengan sudah pucuk, bandar TP pindah ke big bank yang masih MURAH

🏦 $BMRI $BBRI $BBCA",disaat emiten fomo suspended saham gorengan pucuk bandar untung pindah big bank murah,Positif (+1),8.0,Negatif (-1),0.4527,BEDA ⚠️,
325,30360019,2026-04-15 15:37:28,$BBCA yu bisa yuk besok naik yuk,yu yuk besok yuk,Positif (+1),8.0,Negatif (-1),0.4358,BEDA ⚠️,
326,32352201,2026-06-03 16:49:22,"Tidak ada makan siang gratis.
$BBRI $BBCA $BMRI",tidak makan siang gratis,Positif (+1),3.0,Negatif (-1),0.5276,BEDA ⚠️,
327,20718733,2025-09-08 17:30:25,$BBCA JP morgan keluar njir,jp morgan njir,Negatif (-1),-3.0,Negatif (-1),0.49,SAMA ✅,
328,32459747,2026-06-05 15:24:04,"Paling menguntungkan adalah membeli barang bagus saat semua orang panik, uang anda adalah raja, atur penggunaannya sampai orang2 pelupa mulai dalam euforia untuk membeli lagi barang yang mereka buang... 🙂

$BBCA $BMRI $ICBP",menguntungkan membeli barang bagus orang panik uang raja atur penggunaannya orang pelupa euforia membeli barang buang,Positif (+1),8.5,Negatif (-1),0.5167,BEDA ⚠️,
329,18831025,2025-06-11 15:44:36,"Calon Saham Swing #D2 (2-4hari) tanggal 11 Juni 2025

$KOPI

Entry Area: 640-660
TP Area: 730-745
TP Full 900-915
Area block kecil di 680
SL Area: 590-605

Disclaimer on
Data yang diberikan bukan ajakan untuk membeli tetapi sebagai informasi tambahan. Harap tetap melakukan analisa terlebih dahulu sebelum menekan tombol beli. 

$BUMI $BBCA",calon saham swing tanggal juni entry area untung area untung full area block sl area disclaimer on data bukan ajakan membeli informasi tambahan harap analisa menekan tombol beli,Positif (+1),3.0,Negatif (-1),0.5013,BEDA ⚠️,
330,33657609,2026-07-13 12:03:04,"ini adalah insightku pribadi yg sblmnya jg sudah kushare di mancingsaham community kita untuk potensi pergerakan IHSG kita dalam jangka pendeknya saat ini,

overall sih kalau dilihat IHSG ini masih akan cenderung sideways saja guys dalam jangka pendeknya diantara area Support Kuat 5735-5826 hingga area Resistancenya yang ada di 5900an-6000an.

karena memang hingga saat ini jg belom ada sentiment positif yg besar yg bisa mendongkrak IHSG kita, jd makanya kaya sesi 1 hari ini keliatan bgt bursa kita sepi n loyo2 aja.

namun 1 hal yg menarik dr chart IHSG ialah belakangan ini sudah clear terlihat IHSG ini mulai mrmbentuk higher low, ini adalah ciri2 trend Bullish, makanya masih potensial banget IHSG kita ini hitungannya skrg untuk at the end bisa naik.

aku pribadi cukup yakin IHSG akan bisa BO Resist 5900an-6000annya soon kedepannya, khususnya di bulan July ini, dimana jika hal ini benar terjadi, IHSG sangat possible endingnya akan naik ke Resist Kuatnya yang ada dikisaran angka 6201-6288.

so, intinya tidak perlu khawatir n santai aja bersabar, arahnya masih sangat cerah untuk IHSG kita kedepannya.

$BBCA $BBRI $BMRI",insightku pribadi yg sblmnya jg kushare mancingsaham community potensi pergerakan ihsg jangka pendeknya overall sih ihsg cenderung tahan guys jangka pendeknya area support kuat area resistancenya an an jg belum sentiment positif yg yg mendongkrak ihsg jd kaya sesi keliatan banget bursa sepi loyo aja yg menarik chart ihsg clear ihsg mrmbentuk higher low ciri trend potensial banget ihsg hitungannya skrg at the end pribadi ihsg bo resist an annya soon kedepannya july dimana ihsg possible endingnya resist kuatnya dikisaran angka so intinya tidak khawatir santai aja bersabar arahnya cerah ihsg kedepannya,Positif (+1),17.0,Negatif (-1),0.4776,BEDA ⚠️,
331,16831361,2024-12-23 14:41:05,"Pengalaman pernah ikut seminar  dan expo bank BCA kira2 2-3 bulan lalu. 
 
Ketemu sama petinggi2 BCA, 
Selama seminar info nya  positif, ide2 cemerlang,ttg ekonomi, 
Mereka full senyum selama expo. 

Hanya mereka bilang ada sedikit tantangan bisnis, tapi 90% omongan positive. 

tapi saat ini kalo saya ke Instagram, tiktok, stockbit stream,info nya negative sekali tentang ekonomi Indonesia. 

Mohon maaf jgn saya di bully, 
Saya cuma mau tanya ini hanya masalah sudut pandang(paradigma) atau realita ekonomi indoneaia? 🙏

Mohon masukan nya temen2 stockbit

$GOTO $BREN $BBCA",pengalaman seminar expo bank bca ketemu petinggi bca seminar info nya positif ide cemerlang ttg ekonomi full senyum expo bilang tantangan bisnis omongan positive kalo instagram tiktok stockbit stream info nya negative ekonomi indonesia mohon maaf jgn bully sudut pandang paradigma realita ekonomi indoneaia mohon masukan nya temen stockbit,Positif (+1),11.0,Negatif (-1),0.529,BEDA ⚠️,
332,27780937,2026-02-02 14:22:39,"Negara konoho Diserang Musuh Aku Harus Turun Tangan


$BUMI
$PTRO
$BBCA",negara konoho diserang musuh turun tangan,Negatif (-1),-10.0,Negatif (-1),0.4998,SAMA ✅,
333,23134400,2025-11-06 08:29:42,"🐸💥 Investor Ritel IHSG: Katak Dalam Tempurung disaat Bursa Asia Lain lebih Gacor (jangan serius bang satpam cuma roasting ala stand up angkringan 🚬😤)

Investor ritel Indonesia itu unik.
IHSG baru naik setengah persen, udah upload story “We are back, baby!”
Padahal bursa Asia lain lagi pesta pora, mereka masih tepuk tangan.
Kayak katak yang gembira ngeliat genangan air,
sementara di luar sana ada lautan luas bernama global market cap.

🧠 1️⃣ “Yang Penting IHSG Hijau, Bos!”

Setiap hari mereka nyari validasi lewat warna.
Merah = panik, Hijau = jenius.
Padahal ekonomi domestik lagi ngos-ngosan:

Konsumsi rumah tangga seret,

Pajak belum pulih,

Ekspor turun,

BI sibuk jadi bodyguard rupiah.

Tapi ritel bilang,

“Gak apa-apa, yang penting indeks naik.”

Bro, itu bukan fundamental naik. Itu cuma rotasi dana asing nyari parkir musiman.

⚙️ 2️⃣ Bursa Asia Gacor, Kita Masih Ngitung Dividen Receh

Liat Korea, Jepang, India, Taiwan — semua bursa lari karena inovasi, produktivitas, dan kapitalisasi global.
Sementara IHSG masih debat: “Dividen BBRI cair kapan ya?”
Saham yang mendunia?
Gak ada.
Saham yang mendunia karena gosip?
Banyak banget.

💸 3️⃣ Investor Ritel Lokal Terlalu Bangga Sama Sakitnya Sendiri

IHSG turun → “ini kesempatan akumulasi.”
IHSG naik → “ini bukti fundamental kita kuat.”
Apapun yang terjadi, interpretasinya selalu menenangkan diri.
Kayak pasien IGD yang bilang: “Sakit sih, tapi yang penting masih hidup.”

Padahal yang bikin IHSG stagnan bukan cuma ekonomi,
tapi struktur emiten yang gak kompetitif secara global.
Dunia udah bicara AI dan chip,
kita masih bangga sama kredit motor dan mie instan.

📉 4️⃣ Katak Dalam Tempurung, Tapi Tempurungnya Bocor

Ritel IHSG sering ngetweet “kita undervalued, asing pasti masuk.”
Padahal asing masuk bukan karena cinta, tapi karena lagi iseng.
Begitu yield US Treasury naik, mereka cabut kayak mantan yang gak pernah beneran niat serius.

Dan ritel masih teriak:

“Kenapa keluar, padahal IHSG bagus?”
Karena di luar sana, return to risk ratio lebih waras, bos.
Kita cuma indah di PowerPoint, bukan di portofolio.

🧠 5️⃣ Kesimpulan Ala Warung Kaki Lima 

“Investor Indonesia itu optimis — tapi optimis tanpa spreadsheet.”
“Mereka bilang ekonomi kuat, tapi gak bisa jelasin kenapa rupiah lemah.”
“Mereka bangga IHSG stabil, tapi lupa bahwa stabil juga bisa berarti stagnan.”

🐸💬 Penutup

Katak dalam tempurung gak pernah tahu laut itu asin,
karena dia pikir dunia berhenti di sawah belakang rumah.
Begitu juga investor yang pikir IHSG adalah satu-satunya panggung.
Padahal dunia udah ganti babak, dan kita masih latihan tepuk tangan.

“IHSG itu bukan surga bagi investor, cuma tempat pelarian bagi yang takut ketinggalan kereta global.” 🚬😤

tag rating bbb angkringan $BBCA $BBRI $BREN",investor ritel ihsg katak tempurung disaat bursa asia gacor jangan serius bang satpam roasting ala stand up angkringan investor ritel indonesia unik ihsg persen upload story we are back baby bursa asia pesta pora tepuk tangan kayak katak gembira ngeliat genangan air lautan luas bernama global market cap ihsg bos nyari validasi warna turun panik jenius ekonomi domestik ngos ngosan konsumsi rumah tangga seret pajak belum pulih ekspor turun bi sibuk bodyguard rupiah ritel bilang tidak indeks bro bukan fundamental rotasi dana asing nyari parkir musiman bursa asia gacor ngitung dividen untung receh liat korea jepang india taiwan bursa lari inovasi produktivitas kapitalisasi global ihsg debat dividen untung bbri cair ya saham mendunia tidak saham mendunia gosip banget rugi turun investor ritel lokal bangga sakitnya ihsg turun kesempatan akumulasi ihsg bukti fundamental kuat apapun interpretasinya menenangkan kayak pasien igd bilang sakit sih hidup bikin ihsg stagnan bukan ekonomi struktur emiten tidak kompetitif global dunia bicara ai chip bangga kredit motor mie instan rugi turun katak tempurung tempurungnya bocor ritel ihsg ngetweet undervalued asing masuk asing masuk bukan cinta iseng yield us treasury cabut kayak mantan tidak beneran niat serius ritel teriak ihsg bagus return to risk ratio waras bos indah powerpoint bukan portofolio kesimpulan ala warung kaki investor indonesia optimis optimis tanpa spreadsheet bilang ekonomi kuat tidak jelasin rupiah lemah bangga ihsg stabil lupa stabil stagnan penutup katak tempurung tidak laut asin pikir dunia berhenti sawah rumah investor pikir ihsg satunya panggung dunia ganti babak latihan tepuk tangan ihsg bukan surga investor pelarian takut ketinggalan kereta global tag rating angkringan,Positif (+1),13.5,Negatif (-1),0.4259,BEDA ⚠️,
334,32540127,2026-06-08 21:33:27,"$IHSG $BBCA $BBRI

sudah terlanjur allin
asmara hancur
saham pun hancur
. terendah hidup

ku tampung semua derita 😭😂 .....

masih kurang sakitnya, tambahin lagi 😁😂",terlanjur allin asmara jelek saham jelek terendah hidup ku tampung derita rugi turun kurang sakitnya tambahin,Negatif (-1),-9.0,Negatif (-1),0.4306,SAMA ✅,
335,6180589,2021-04-13 10:52:14,"$IHSG $bbca kalo balik ke harga avg atas dapet 20%. gw ga paham lagi kalo masih mikir beli $bbca diskon begini padahal, ga kelirik yang lain ",kalo harga avg dapet gw tidak paham kalo mikir beli diskon tidak kelirik,Positif (+1),8.0,Negatif (-1),0.4946,BEDA ⚠️,
336,31813003,2026-05-19 07:50:35,"Bank Indonesia All Out Intervensi, Tapi Apa yang Diintervensi Sebenarnya? 🤔

Makin di intervensi BI, kok makin meroket dollar? Tiap hari cetak all time high. 🗿

Cadangan devisa kita katanya 2014 Triliun rupiah. Hanya setara dengan 6 tahun MBG yang setahun 335 Triliun.

Sebenarnya masih kurang ini cadangan devisa kita. Kalau mau aman maka harusnya cadangan devisa kita minimal 3.350 Triliun rupiah agar setara dengan anggaran 10 tahun MBG.
Kalau perlu minimal 33.500 Triliun agar setara dengan 100 tahun MBG.
Dengan demikian rupiah kita bisa makin strong.

Meskipun rupiah terus melemah, sebaiknya investor jangan panik karena orang desa tidak punya dollar. Jadi kenapa takut sama dollar yang meroket? 🗿

Yang takut sama dollar meroket itu pasti antek aseng. Eh tapi kalau antek aseng dibayar pakai dollar, makin meroket dollar, makin cuan dong mereka. 🗿

It's not your financial advisor. Ini bukan rekomendasi penasihat investasi untuk jual dan beli saham. Keputusan ada di tangan masing-masing investor. 

Untuk diskusi lebih lanjut bisa lewat External Community Pintar Nyangkut di Telegram dengan mendaftarkan diri ke External Community menggunakan kode: A38138
Link Panduan https://stockbit.com/post/13223345

Kunjungi Insight Pintar Nyangkut di sini https://cutt.ly/ne0pqmLm

Disclaimer: http://bit.ly/3RznNpU
$BBCA $ADRO $BUMI",bank indonesia all out intervensi diintervensi intervensi bi meroket dollar cetak all time high cadangan devisa triliun rupiah setara mbg setahun triliun kurang cadangan devisa aman cadangan devisa minimal triliun rupiah setara anggaran mbg minimal triliun setara mbg rupiah strong rupiah melemah investor jangan panik orang desa tidak dollar takut dollar meroket takut dollar meroket antek aseng eh antek aseng dibayar pakai dollar meroket dollar untung it not your financial advisor bukan rekomendasi penasihat investasi jual beli saham keputusan tangan investor diskusi external community pintar rugi telegram mendaftarkan external community kode link panduan kunjungi insight pintar rugi disclaimer,Positif (+1),3.5,Negatif (-1),0.4493,BEDA ⚠️,
337,18579786,2025-05-19 19:35:11,"emng seberapa banyak yang mau cabut setelah ex date nya $ASII ,mohon bimbingan nya yah semua dan kalo ada saran apa aja yang harus dibeli untuk jangka panjang seperti $BBCA boleh di reply yah 🙏",emng cabut ex date nya mohon bimbingan nya yah kalo saran aja dibeli jangka reply yah,Positif (+1),1.0,Negatif (-1),0.4125,BEDA ⚠️,
338,29262410,2026-03-04 18:54:35,"$IHSG akhirnya warga XL pada tobat pindah ke $BBCA🤣🤣🤣
udah muak sama gorengan kayak nya🤣🤣",warga xl tobat pindah muak gorengan kayak nya,Negatif (-1),-9.0,Negatif (-1),0.4045,SAMA ✅,
339,31565228,2026-05-11 14:26:59,Tim Mana besok gan $IHSG gan ? $BMRI $BBCA,tim besok gan gan,Negatif (-1),-4.0,Negatif (-1),0.4496,SAMA ✅,
340,17089393,2025-01-15 14:48:44,"$BBRI sudah waktunya big bank bersinar🌟

$BBCA $BMRI",big bank bersinar,Positif (+1),4.0,Negatif (-1),0.4755,BEDA ⚠️,
341,18420957,2025-05-06 03:19:50,"💡 *Ringkasan Arus Transaksi $BBCA* [8.975]
Datamologi Primbon Saham 05 Mei 2025
❌Posisi saat ini 23,37% dari terendah 52 week (Rp7.275,-), ada potensi yang melakukan take profit atau stop loss.

TRADING PLAN HARIAN:
🗒Best price jika bertahan di atas harga 8.950
🗒Target profit terdekat : 9.340 - 9.460
🗒Rentang harga beli : 8.950 - 9.040
🗒Stop Loss jika penutupan tembus : 8.500

💡 Range Harga Terdekat:
Jika harga saham turun 🔻, berpotensi bergerak pada rentang harga 8.835 - 8.950. Sementara, kalau harga saham mengalami kenaikan 🔼, berpotensi bergerak pada rentang harga 9.205 - 9.344.

💡 Skenario Avg Down Jika Breakdown dan Floating Loss tanpa Cutloss:
🗒AVG Down di Support: -18,94%, yaitu disekitar harga 7.275-7.421.
🗒AVG Down jika ada potensi demand sebelum support: -9,47%, yaitu disekitar harga 8.125-8.288.

💡 Sentimen:
🔖 Net FBuy : ✅Pembelian asing lebih banyak 1,47X dari penjualan.
️🔖 Growth FBuy : ❌Pembelian Asing melemah.
️🔖 Bid/Off Volume : ✅Volume Bid lebih besar 8,78X dari Volume offer.
️🔖 Growth Bid : ❌Pembelian menurun dari hari sebelumnya.
️🔖 Explode : ❌Tidak ada ledakan volume
️🔖 Frekuensi : ✅Ada peningkatan frekuensi transaksi 1,25X dari hari sebelumnya.

*Disclaimer On:*
⚠️ Bukan ajakan beli-jual saham.
⚠️ Pertimbangkan lagi setiap keputusanmu, sebelum memutuskan membeli atau menjual saham.
⚠️ Informasi menarik lain saya share di Channel: https://linktr.ee/PrimbonSaham

Jangan lupa Save, Like, Comment, dan Follow/Subscribe ya.",ringkasan arus transaksi datamologi primbon saham mei posisi terendah week rp potensi take untung stop rugi trading plan harian best price bertahan harga target untung terdekat rentang harga beli stop rugi penutupan tembus range harga terdekat harga saham turun berpotensi bergerak rentang harga harga saham mengalami kenaikan berpotensi bergerak rentang harga skenario avg down breakdown floating rugi tanpa rugi avg down support disekitar harga avg down potensi demand support disekitar harga sentimen net fbuy pembelian asing penjualan growth fbuy pembelian asing melemah bid off volume volume bid volume offer growth bid pembelian menurun explode tidak ledakan volume frekuensi peningkatan frekuensi transaksi disclaimer on bukan ajakan beli jual saham pertimbangkan keputusanmu memutuskan membeli menjual saham informasi menarik share channel jangan lupa save like comment follow subscribe ya,Positif (+1),17.0,Negatif (-1),0.5095,BEDA ⚠️,
342,30828727,2026-04-24 11:01:00,Ada kawan nya disini? $BBRI $BMRI $BBCA,kawan nya,Netral (0),0.0,Negatif (-1),0.4733,BEDA ⚠️,
343,33214620,2026-06-30 12:37:01,"Setelah melakukan efisiensi besar2 di BUMN, merampingkan struktur entitas 1000 jadi 300 ,serta mencopot ribuan direksi dan komisaris yg tidak diperlukan sebagai bagian dari upaya memperkuat tata kelola dan memberantas pemborosan apbn. 

Indonesia juga terus memberantas praktik korupsi dan mafia, serta berhasil mengembalikan uang negara sebesar Rp379 triliun. 🕺🇮🇩. 


Rt $IHSG $BBCA $BBRI",efisiensi bumn merampingkan struktur entitas mencopot ribuan direksi komisaris yg tidak upaya memperkuat tata kelola memberantas pemborosan apbn indonesia memberantas praktik korupsi mafia berhasil mengembalikan uang negara rp triliun rt,Negatif (-1),-13.0,Negatif (-1),0.5117,SAMA ✅,
344,26227712,2026-01-10 12:13:57,"$BBCA Did I say 8750? Maybe more, but it'll do for now.",did say maybe more but it ll do for now,Positif (+1),1.0,Negatif (-1),0.4809,BEDA ⚠️,
345,23483498,2025-11-13 17:50:33,"$BMRI Gokil BK akumulasi terus njay, Pasti ada sesuatu nih kalo dia akumulasi terus tiap hari🤫




$BBRI $BBCA",gokil bk akumulasi njay nih kalo akumulasi,Netral (0),0.0,Negatif (-1),0.4613,BEDA ⚠️,
346,16341631,2024-11-13 13:52:07,$BBCA mengkhayal,mengkhayal,Netral (0),0.0,Negatif (-1),0.4823,BEDA ⚠️,
347,32932345,2026-06-19 16:14:17,$BBCA penggendong IHSG,penggendong ihsg,Netral (0),0.0,Negatif (-1),0.4521,BEDA ⚠️,
348,12583618,2023-10-14 06:51:10,"@skydrugz27 kalau melihat history harga $RALS 5 tahun terakhir, direktur itu cut loss kek nya ya.. kecuali mereka beli pas di bottom covid19 apr-2020.. 😁

Kemungkinannya,
1. BU mungkin mau renov rumah kek direktur $BBCA waktu itu
2. Fundamental, kek nya kecil ya kemungkinannya.. karna yg dijual juga sebagian 'kecil'
3. Sengaja turunin harga buat masuk di harga lebih rendah.. hmm apakah gitu?",history harga direktur rugi rugi kek nya ya kecuali beli pas bottom covid apr bu renov rumah kek direktur fundamental kek nya ya karna yg dijual sengaja turunin harga masuk harga rendah hmm gitu,Positif (+1),4.5,Negatif (-1),0.5173,BEDA ⚠️,
349,32839447,2026-06-17 12:44:54,Yang Serok $BBCA di 4800 udah nyari rumah di PIK,beli nyari rumah pik,Positif (+1),3.0,Negatif (-1),0.4405,BEDA ⚠️,
350,22919337,2025-10-30 17:32:26,"*REPORT TRANSAKSI ARUS DANA EMITEN BANK, 30 Okt 2025*

1. Arus Transaksi $BBCA
Perdagangan hari terakhir, keinginan Asing membeli lebih besar dari penjualan 🔼. Volume bid mencapai 71,31%, sementara volume offer mencapai 61,59% dari total volume yang diperdagangkan. Pembelian asing pada hari terakhir bursa melemah dengan penurunan volume 🔽 8,29 juta dari hari sebelumnya, atau banyak dilepas asing 🔽 jika dibanding hari sebelumnya dengan aksi jual 61,59% dari volume transaksi. Saham ini cukup diminati Asing 🔼 dengan transaksi 71,31% dari volume transaksi.

2. Arus Transaksi $BMRI
Perdagangan hari terakhir, keinginan Asing membeli lebih besar dari penjualan 🔼. Volume bid mencapai 64,77%, sementara volume offer mencapai 29,90% dari total volume yang diperdagangkan. Pembelian asing pada hari terakhir bursa menguat dengan peningkatan volume 🔼 158,50 juta dari hari sebelumnya, atau mengalami peningkatan 🔼 168,14% dari volume transaksi. Saham ini cukup diminati Asing 🔼 dengan transaksi 64,77% dari volume transaksi.

3. Arus Transaksi $BTPS
Perdagangan hari terakhir, keinginan Asing membeli lebih besar dari penjualan 🔼. Volume bid mencapai 62,73%, sementara volume offer mencapai 53,32% dari total volume yang diperdagangkan. Pembelian asing pada hari terakhir bursa menguat dengan peningkatan volume 🔼 3,47 juta dari hari sebelumnya, atau mengalami peningkatan 🔼 80,37% dari volume transaksi. Saham ini cukup diminati Asing 🔼 dengan transaksi 62,73% dari volume transaksi.

4. Arus Transaksi BBRI
Perdagangan hari terakhir, keinginan Asing membeli lebih besar dari penjualan 🔼. Volume bid mencapai 30,12%, sementara volume offer mencapai 27,50% dari total volume yang diperdagangkan. Pembelian asing pada hari terakhir bursa menguat dengan peningkatan volume 🔼 20,65 juta dari hari sebelumnya, atau mengalami peningkatan 🔼 31,27% dari volume transaksi. Saham ini cukup diminati Asing 🔼 dengan transaksi 30,12% dari volume transaksi.

5. Arus Transaksi ARTO
Perdagangan hari terakhir, keinginan Asing membeli lebih besar dari penjualan 🔼. Volume bid mencapai 26,66%, sementara volume offer mencapai 21,91% dari total volume yang diperdagangkan. Pembelian asing pada hari terakhir bursa melemah dengan penurunan volume 🔽 4,50 juta dari hari sebelumnya, atau banyak dilepas asing 🔽 jika dibanding hari sebelumnya dengan aksi jual 21,91% dari volume transaksi. Porsi pembelian asing hanya 26,66% dari total volume transaksi.

6. Arus Transaksi BBNI
Perdagangan hari terakhir, keinginan Asing untuk menjual saham lebih besar dari pembelian 🔽. Volume bid mencapai 25,03%, sementara volume offer mencapai 40,17% dari total volume yang diperdagangkan. Pembelian asing pada hari terakhir bursa menguat dengan peningkatan volume 🔼 1,04 juta dari hari sebelumnya, atau mengalami peningkatan 🔼 4,80% dari volume transaksi. Porsi pembelian asing hanya 25,03% dari total volume transaksi.

_Disclaimer:_*)
#> Catatan ini hanya informasi, bukan ajakan jual beli.
#> Catatan ini disusun dengan algoritma analisis data yang dikembangkan oleh @PasukanCutloss Primbon Saham
#> Analisis data lengkap di: https://cutt.ly/xr7521qd
#> Pelajari analisis data saham lebih mendalam, silakan japri: https://cutt.ly/er752MRT",report transaksi arus dana emiten bank okt arus transaksi perdagangan asing membeli penjualan volume bid mencapai volume offer mencapai total volume diperdagangkan pembelian asing bursa melemah penurunan volume juta dilepas asing dibanding aksi jual volume transaksi saham diminati asing transaksi volume transaksi arus transaksi perdagangan asing membeli penjualan volume bid mencapai volume offer mencapai total volume diperdagangkan pembelian asing bursa menguat peningkatan volume juta mengalami peningkatan volume transaksi saham diminati asing transaksi volume transaksi arus transaksi perdagangan asing membeli penjualan volume bid mencapai volume offer mencapai total volume diperdagangkan pembelian asing bursa menguat peningkatan volume juta mengalami peningkatan volume transaksi saham diminati asing transaksi volume transaksi arus transaksi bbri perdagangan asing membeli penjualan volume bid mencapai volume offer mencapai total volume diperdagangkan pembelian asing bursa menguat peningkatan volume juta mengalami peningkatan volume transaksi saham diminati asing transaksi volume transaksi arus transaksi arto perdagangan asing membeli penjualan volume bid mencapai volume offer mencapai total volume diperdagangkan pembelian asing bursa melemah penurunan volume juta dilepas asing dibanding aksi jual volume transaksi porsi pembelian asing total volume transaksi arus transaksi bbni perdagangan asing menjual saham pembelian volume bid mencapai volume offer mencapai total volume diperdagangkan pembelian asing bursa menguat peningkatan volume juta mengalami peningkatan volume transaksi porsi pembelian asing total volume transaksi disclaimer catatan informasi bukan ajakan jual beli catatan disusun algoritma analisis data dikembangkan primbon saham analisis data lengkap pelajari analisis data saham mendalam silakan japri,Positif (+1),34.0,Negatif (-1),0.5221,BEDA ⚠️,
351,11012112,2023-03-28 15:24:18,bang ajarin gimana cara pakainsaham $BBCA dong,bang ajarin gimana pakainsaham,Netral (0),0.0,Negatif (-1),0.4195,BEDA ⚠️,
352,15036762,2024-06-15 14:35:53,"coba masuk $AMMN blm pernah jatuh, qlo $BBCA kmrn sdh dari 10k ke 9100an",coba masuk belum jatuh qlo kmrn an,Positif (+1),7.0,Negatif (-1),0.4591,BEDA ⚠️,
353,29676619,2026-03-17 13:35:52,@APTA54 penjaga $IHSG maksudnya $BBCA ya bang,penjaga maksudnya ya bang,Positif (+1),3.0,Negatif (-1),0.3928,BEDA ⚠️,
354,20098480,2025-08-14 05:59:13,"new feature: downloadable broker summary data.

$BBCA $BREN $BBRI",new feature downloadable broker summary data,Negatif (-1),-6.0,Negatif (-1),0.4934,SAMA ✅,
355,31065354,2026-04-30 08:12:15,"Pemain Bursa, gak boleh males baca berita. 
Update informasi itu WAJIB
$BBCA $AADI $UNVR",pemain bursa tidak males baca berita update informasi wajib,Negatif (-1),-6.0,Negatif (-1),0.4594,SAMA ✅,
356,27809238,2026-02-03 07:52:22,$BBCA  buy the dip to dip again buy again,buy the dip to dip again buy again,Positif (+1),4.0,Negatif (-1),0.486,BEDA ⚠️,
357,31780573,2026-05-18 11:04:01,"$IHSG Ya elah kenapa pada panik sih, kan orang desa ngga main saham apalagi pegang dollar

RT: $BBCA $ANTM",ya elah panik sih orang desa ngga main saham pegang dollar rt,Negatif (-1),-1.5,Negatif (-1),0.4616,SAMA ✅,
358,18106729,2025-04-08 09:13:31,"Mumpung masih trading halt, SS dulu buat bukti kenang kenangan di masa depan kalo ane pernah ngelewatin market crash 😂

$ADRO $BBCA $BBRI",mumpung trading halt ss bukti kenang kenangan kalo ane ngelewatin market crash,Positif (+1),1.0,Negatif (-1),0.4282,BEDA ⚠️,
359,33876863,2026-07-17 15:55:39,"Dollar Tiba tiba Nyungsep Under 18k Rupiah 

Intervensi BI? 
Harta korupsi dalam dollar diubah jadi rupiah? 
Rupiah langsung strong.
Apa tandanya ini bang Messi?
Itu artinya aseng mulai masuk lagi ke Indonesia, dengan buang dollar, gas rupiah?

Apakah orang kaya semua udah buang dollar?
Orang desa ndak main dollar lagi?
Petani Indonesia ndak keluar negeri lagi? 🤔

Semoga ini tanda rupiah strong to the moon✊
IHSG 90000🚀🚀🚀
Karena kenapa?
Karena orang desa cinta rupiah, punya saham dan punya mimpi kaya raya 🚀🚀🚀

This is not financial advice. Ini bukan rekomendasi penasihat investasi untuk jual dan beli saham. Keputusan ada di tangan masing-masing investor. 

Untuk diskusi lebih lanjut bisa lewat External Community Pintar Nyangkut di Telegram dengan mendaftarkan diri ke External Community menggunakan kode: A38138
Link Panduan https://stockbit.com/post/13223345

Kunjungi Insight Pintar Nyangkut di sini https://cutt.ly/ne0pqmLm

Disclaimer: http://bit.ly/3RznNpU
$BBRI $BMRI $BBCA",dollar turun rugi under rupiah intervensi bi harta korupsi dollar diubah rupiah rupiah langsung strong tandanya bang messi aseng masuk indonesia buang dollar gas rupiah orang kaya buang dollar orang desa ndak main dollar petani indonesia ndak negeri semoga tanda rupiah strong to the ihsg untung untung untung orang desa cinta rupiah saham mimpi kaya raya untung untung untung this is not financial advice bukan rekomendasi penasihat investasi jual beli saham keputusan tangan investor diskusi external community pintar rugi telegram mendaftarkan external community kode link panduan kunjungi insight pintar rugi disclaimer,Positif (+1),15.0,Negatif (-1),0.472,BEDA ⚠️,
360,7338071,2021-10-13 09:09:54,$BBCA take profit ya skrang tmn2 traders.. klo investor santai gpp,take untung ya skrang tmn traders investor santai gpp,Positif (+1),10.0,Negatif (-1),0.4713,BEDA ⚠️,
361,7897533,2022-01-25 10:49:18,$BBRI pemerintah lg guyur atas via INA terus tampung bawah via buyback (?) $BBCA $BBNI $BMRI,pemerintah lg jual turun via ina tampung via beli,Netral (0),0.0,Negatif (-1),0.4972,BEDA ⚠️,
362,6153954,2021-04-08 15:54:53,"Jakarta, CNBC Indonesia- CNBC Indonesia melalui VIP Forum Digital Bank yang bertajuk ""Membongkar Ekspansi Bank Digital dan Neo Bank di Indonesia"" akan mengupas tuntas arah pengembangan layanan Bank Digital dan Neo Bank di Indonesia.Fokus Layanan perbankan digital disebut Presiden Direktur BCA, Jahja...",jakarta cnbc indonesia cnbc indonesia vip forum digital bank bertajuk membongkar ekspansi bank digital neo bank indonesia mengupas tuntas pengembangan layanan bank digital neo bank indonesia fokus layanan perbankan digital presiden direktur bca jahja,Positif (+1),18.0,Negatif (-1),0.4663,BEDA ⚠️,
363,22524483,2025-10-21 15:30:33,$BBCA biasakan merasa cukup 💰💵 💼,biasakan untung,Positif (+1),4.0,Negatif (-1),0.4137,BEDA ⚠️,
364,26945612,2026-01-21 14:22:29,$BBCA macam excavator nginjek jembatan triplek. ( ambles ) wkwkwk,excavator nginjek jembatan triplek turun wkwkwk,Negatif (-1),-4.0,Negatif (-1),0.4587,SAMA ✅,
365,33699391,2026-07-14 09:47:04,$BBCA jangan sebar barang murah mulu woiii naekkkk,jangan sebar barang murah mulu woi naek,Positif (+1),5.0,Negatif (-1),0.4116,BEDA ⚠️,
366,13794244,2024-01-30 14:50:21,Lumayan yang udah cuan dikit2 $WIFI $BBCA $IHSG,lumayan untung dikit,Positif (+1),1.0,Negatif (-1),0.4392,BEDA ⚠️,
367,20725131,2025-09-08 22:42:38,"$IHSG tetap sabar dalam menjalani hari hari yang indah ini, ibarat kata AH "" taukan, malam ini kita makan apa? "".

$EMAS $BBCA",sabar menjalani indah ah taukan malam makan,Positif (+1),11.0,Negatif (-1),0.4093,BEDA ⚠️,
368,32929059,2026-06-19 15:36:03,$BBCA fix back 9k lgi nih,fix back lgi nih,Netral (0),0.0,Negatif (-1),0.4345,BEDA ⚠️,
369,8133913,2022-03-04 19:02:04,"Ipotnews -  IHSG  mengakhiri sesi I perdagangan hari ini, Jumat (4/3), dengan mencatatkan kenaikan0,54 persen atau 37 poin menjadi 6.905. Indeks sempat menyentuh level tertinggi 6.936 dan terendah di level 6.895, konsisten bermanuverdi zona hijau.Sebanyak 193 menguat, 327 emiten melemah dan 145 emit...",ipotnews ihsg sesi perdagangan jumat mencatatkan kenaikan persen poin indeks menyentuh level tertinggi terendah level konsisten bermanuverdi zona menguat emiten melemah emit,Positif (+1),6.0,Negatif (-1),0.5052,BEDA ⚠️,
370,15592824,2024-08-26 14:27:08,"$BBRI
Blackrock dkk said : perusahaan terbesar di negara kalian, kalian sia²in? yaudah gw serok aja 

$BMRI $BBCA $BBNI",blackrock dkk said perusahaan terbesar negara sia in yaudah gw beli aja,Negatif (-1),-1.0,Negatif (-1),0.4823,SAMA ✅,
371,27669406,2026-01-30 14:12:29,"Tapi secara potensi capital gain dan dividen yield,agak lebih menarik $BBNI daripada $BBCA",potensi capital gain dividen untung yield menarik,Positif (+1),14.0,Negatif (-1),0.4756,BEDA ⚠️,
372,30481157,2026-04-17 14:32:11,"@LeLes 
sampean berani jamin?
Kamu tahu gak, kalo $BBCA juga bekas pasien BPPN?🤔",sampean berani jamin tidak kalo bekas pasien bppn,Negatif (-1),-13.0,Negatif (-1),0.4087,SAMA ✅,
373,21000365,2025-09-17 10:07:14,withdraw $BBCA udah bisa real-time lagi.. awokwok,withdraw real time awokwok,Positif (+1),2.0,Negatif (-1),0.4504,BEDA ⚠️,
374,13751169,2024-01-26 11:45:42,$BBCA info pagi tadi,info pagi,Negatif (-1),-2.0,Negatif (-1),0.4455,SAMA ✅,
375,32443887,2026-06-05 11:33:42,$BBCA Gak bisa berkata-kata lagi liat bca kelelep sampe sedalem ini🫠😭,tidak liat bca kelelep sampe sedalem rugi turun,Negatif (-1),-9.0,Negatif (-1),0.3992,SAMA ✅,
376,7923415,2022-01-28 15:41:57,"Jakarta, CNBC Indonesia- Axiata Group Berhad, Axiata, dan PT XL Axiata Tbk atau Ex- Cl resmi mengakuisisi 66,03% saham PT Link Net Tbk atau Link dari grup Lippo. PT Bank Mandiri Tbk menargetkan pertumbuhan kredit lebih agresif di tahun ini yakni di atas 8%.Emiten perkebunan PT Sinar Mas Agro Resourc...",jakarta cnbc indonesia axiata group berhad axiata pt xl axiata tbk ex rugi resmi mengakuisisi saham pt link net tbk link grup lippo pt bank mandiri tbk menargetkan pertumbuhan kredit agresif emiten perkebunan pt sinar mas agro resourc,Negatif (-1),-10.0,Negatif (-1),0.5014,SAMA ✅,
377,21921380,2025-10-08 16:15:23,$BBCA tiap di beli dia turun. Avg down ampe kapan ini 🙃🙃🙃,beli turun avg down ampe,Negatif (-1),-4.0,Negatif (-1),0.4266,SAMA ✅,
378,32369236,2026-06-04 09:26:31,"📉 IHSG Alert

IHSG saat ini telah membentuk lower low, yang menunjukkan bahwa tekanan jual masih mendominasi pergerakan pasar. Jika pelemahan berlanjut, area 5.800 menjadi support penting yang perlu diperhatikan. Bahkan dalam skenario yang lebih bearish, IHSG berpotensi menguji area 5.566 yang berdekatan dengan MA200 Monthly, level yang secara historis sering menjadi area support jangka panjang.

Dalam kondisi seperti ini, fokus utama sebaiknya bukan mengejar keuntungan agresif, melainkan menjaga aset, menjaga cash flow, dan mengelola risiko dengan disiplin. Kurangi overtrade, hindari keputusan yang didorong oleh emosi, dan tetap berpegang pada trading plan yang telah dibuat.
Market akan selalu memberikan peluang baru. Selama modal dan mental tetap terjaga, kesempatan untuk kembali mengambil posisi pada harga yang lebih menarik akan selalu ada. 💪

⚠️ Ini bukan prediksi bahwa IHSG pasti menuju 5.566, melainkan level antisipasi yang patut diperhatikan apabila tekanan jual masih berlanjut.

$IHSG $BBCA $WBSA",rugi turun ihsg alert ihsg membentuk lower low tekanan jual mendominasi pergerakan pasar pelemahan berlanjut area support diperhatikan skenario turun ihsg berpotensi menguji area berdekatan ma monthly level historis area support jangka kondisi fokus utama bukan mengejar keuntungan agresif menjaga aset menjaga cash flow mengelola risiko disiplin kurangi overtrade hindari keputusan didorong emosi berpegang trading plan market peluang modal mental terjaga kesempatan mengambil posisi harga menarik bukan prediksi ihsg level antisipasi patut diperhatikan tekanan jual berlanjut,Positif (+1),8.0,Negatif (-1),0.4668,BEDA ⚠️,
379,32229001,2026-05-29 16:34:37,"Di Karenakan ANTEK ANTEK ASING udah buang barang banyak bener hari ini, 
kita tunggu saja Market nanti Selasa harusnya sudah cukup tenaga untuk Hijau $IHSG

$BBRI $BBCA",karenakan antek antek asing buang barang bener tunggu market selasa tenaga,Negatif (-1),-2.0,Negatif (-1),0.4724,SAMA ✅,
380,13821223,2024-02-01 05:12:16,"Isi dari laporan tahunan 2023 Saham BBCA ( Bank Central Asia ) BCA $BBCA $BMTR $BBRI

https://youtu.be/tDOmVvHWFK4",isi laporan tahunan saham bbca bank central asia bca,Positif (+1),2.0,Negatif (-1),0.4831,BEDA ⚠️,
381,33317771,2026-07-03 09:55:21,"$CSMI   otw 85 - 90 semoga yu ndar 

rt $BBCA   $FUTR 

disclaimer.on

Please Follow For support us 🙂‍↕️🙏",otw semoga yu ndar rt disclaimer on please follow for support us,Positif (+1),1.0,Negatif (-1),0.4002,BEDA ⚠️,
382,28115024,2026-02-06 20:48:53,@StockbitNews aseng mau cari diskon doang di $BBCA,aseng cari diskon doang,Netral (0),0.0,Negatif (-1),0.4463,BEDA ⚠️,
383,18534961,2025-05-15 15:25:01,$BBCA yookkk bisa yokkk gasnya diinjek lagi pak supirrr,yook yok gasnya diinjek supir,Netral (0),0.0,Negatif (-1),0.4106,BEDA ⚠️,
384,32533567,2026-06-08 16:42:49,"K2 Asset Management? 

Kayak duitnya banyak aja. 

$BBCA $BBRI $BMRI",asset management kayak duitnya aja,Negatif (-1),-2.0,Negatif (-1),0.4874,SAMA ✅,
385,6844077,2021-08-02 14:33:48,$BBCA kalo dianggap pola inverted cup & handle (sebenernya kurang memenuhi syarat karena handel terlalu kecil) bisa ke 26700,kalo dianggap pola inverted cup handle sebenernya kurang memenuhi syarat handel,Positif (+1),7.0,Negatif (-1),0.4426,BEDA ⚠️,
386,34118315,2026-07-23 16:00:12,$BBCA apakah dx akan balik badan?,dx badan,Negatif (-1),-3.0,Negatif (-1),0.4481,SAMA ✅,
387,6207441,2021-04-16 15:13:37,PTBA $ADRO HMSP $BBCA INDF,ptba hmsp indf,Netral (0),0.0,Negatif (-1),0.4717,BEDA ⚠️,
388,8468610,2022-04-20 10:12:54,thanks $BBCA atas dividend nya ,thanks dividend nya,Positif (+1),3.0,Negatif (-1),0.4539,BEDA ⚠️,
389,6244619,2021-04-23 10:52:53,"$BBCA hari ini kaya Komeng nih.....

*uhuy banget.....

:v:",kaya komeng nih uhuy banget,Positif (+1),3.0,Positif (+1),0.4152,SAMA ✅,
390,22660233,2025-10-24 09:55:45,"Meskipun ada beberapa analisis teknikal yang memprediksi potensi kenaikan harga saham $BBCA mencapai harga Rp15.000 per lembar di bulan Desember sepertinya cukup optimis.

Analisis teknikal menunjukkan beberapa target harga yang mungkin tercapai:
- Target harga tertinggi yang diprediksi adalah sekitar Rp8.000-Rp8.700 per lembar dalam jangka pendek.
- Beberapa analis juga memprediksi potensi kenaikan hingga Rp12.000 per lembar dalam jangka menengah.

Faktor-faktor yang mempengaruhi harga saham BBCA antara lain:
- Kinerja keuangan perusahaan yang solid dan stabil.
- Kondisi pasar dan sentimen investor.
- Faktor-faktor makroekonomi dan geopolitik.

Dalam beberapa bulan terakhir, saham BBCA menunjukkan kinerja yang positif, tetapi perlu diingat bahwa pasar saham selalu berfluktuasi dan dipengaruhi oleh berbagai faktor. Jika Anda mempertimbangkan untuk membeli BBCA pastikan dengan harga terendah saat ini dari pada terlambat😁

$IHSG $BBNI",analisis teknikal memprediksi potensi kenaikan harga saham mencapai harga rp lembar desember optimis analisis teknikal target harga tercapai target harga tertinggi diprediksi rp rp lembar jangka pendek analis memprediksi potensi kenaikan rp lembar jangka menengah faktor faktor mempengaruhi harga saham bbca kinerja keuangan perusahaan solid stabil kondisi pasar sentimen investor faktor faktor makroekonomi geopolitik saham bbca kinerja positif pasar saham berfluktuasi dipengaruhi faktor mempertimbangkan membeli bbca pastikan harga terendah terlambat,Positif (+1),11.0,Negatif (-1),0.5234,BEDA ⚠️,
391,23009233,2025-11-03 12:08:02,"@DwityaNata dalam jangka pendek iya.. Dalam jangka panjang tetap aja harga pasti akan ikut fundamental perusahan

$BBRI $BBCA $BMRI",jangka pendek iya jangka aja harga fundamental perusahan,Positif (+1),4.0,Negatif (-1),0.4521,BEDA ⚠️,
392,30941915,2026-04-28 08:36:49,$BBRI $BBCA $BBNI daripada stress mikirin big bank mending beli ini dulu buat ngeradain stress. yang minat boleh ke instagram langsung,stress mikirin big bank mending beli ngeradain stress minat instagram langsung,Negatif (-1),-2.0,Negatif (-1),0.4694,SAMA ✅,
393,30882510,2026-04-26 18:46:09,"jelas ambrol
$DSSA $BREN masih lanjut kena hantam keluar index setelah kena msci HSC dll.
$BBCA juga netsell terus everyday.

mereka bertiga penopang ihsg dan mereka juga besok yg bakalan terbantai.",ambrol kena hantam index kena msci hsc dll netsell everyday bertiga penopang ihsg besok yg terbantai,Negatif (-1),-11.0,Negatif (-1),0.4804,SAMA ✅,
394,21600820,2025-10-01 11:53:33,"$BBCA udah muak avg Down mulu, hapus aplikasi buka lagi taun depan aja",muak avg down mulu hapus aplikasi buka taun aja,Negatif (-1),-14.0,Negatif (-1),0.4325,SAMA ✅,
395,24989765,2025-12-16 15:30:53,$BBCA udah ihhh maluuu ihhh….,ih malu ih,Positif (+1),2.0,Negatif (-1),0.3793,BEDA ⚠️,
396,14225568,2024-03-15 15:31:09,"baru sebulan nyemplung pusing-pusing analisa, ambil $BBRI $BBCA $BBNI tinggal tidur udah 🤝🏻",sebulan nyemplung pusing pusing analisa ambil tinggal tidur,Negatif (-1),-9.0,Negatif (-1),0.4071,SAMA ✅,
397,11912282,2023-08-02 18:47:27,$BBCA gue uda pusing mau beli apa lagi. Hajar saham ini aja. Ditinggal tidur juga ga kenapa napa.,gue uda pusing beli hajar saham aja ditinggal tidur tidak napa,Negatif (-1),-5.0,Negatif (-1),0.4638,SAMA ✅,
398,6085761,2021-03-29 16:21:52,"$BBCA dikasih angpau Rp.432/saham 
tapi yg punya saham / lembar sdh di turunan dl sampai ada yg 10.han ribu 
marketingnya ok ... jurusnya seperti di mall 
discount 40% atau buy 1 get 2 :joy::joy::joy::thumbsup:",dikasih angpau rp saham yg saham lembar turunan dl yg han ribu marketingnya ok jurusnya mall discount buy get joy joy joy thumbsup,Positif (+1),13.0,Negatif (-1),0.4901,BEDA ⚠️,
399,22863882,2025-10-29 17:24:08,$BBCA ngikut aja gimana 🤣🤣,ngikut aja gimana,Positif (+1),1.0,Negatif (-1),0.3961,BEDA ⚠️,
400,21924050,2025-10-08 17:05:06,"$BBCA 

Ritel cuma punya kesabaran

1 hari 1 lot kita lihat sampai mana",ritel kesabaran lot lihat,Positif (+1),8.0,Negatif (-1),0.4608,BEDA ⚠️,
401,17035655,2025-01-13 12:00:17,"$BBRI $AADI $BBCA YOK SALING FOLLOW BIAR GA SEPI"" AMATT WKWK",yok follow biar tidak sepi amatt wkwk,Positif (+1),4.0,Negatif (-1),0.4339,BEDA ⚠️,
402,8267150,2022-03-24 14:31:55,$BBCA donk..,donk,Netral (0),0.0,Negatif (-1),0.4713,BEDA ⚠️,
403,18703665,2025-05-28 14:08:10,"Cara sederhana invest di $BBCA versi saya. Dilihat histori harga sahamnya BBCA ni selalu tumbuh positif. Jadi kalo beli di awal tahun dan jual di ahir tahun akan selalu memberikan keuntungan, tanpa mempedulikan naik turunnya harga ataupun gonjang ganjing ekonomi. Setidaknya itu yg tercermin dari ringkasan harga saham 15 tahun ke belakang. Rata2 cuannya juga lumayan lho, 15%.

Walopun dividen yield kecil tapi kalo potensi kapital gain 15% ini menarik buat saya yg gak terlalu faham dengan analisa keuangan/fundamental.

BBCA ini tipikal pergerakan sahamnya mirip2 perusahaan besar di US spt Apel, Google, American Express, bershire hataway. Saham2 tsb juga memberikan dividen kecil, tapi pertumbuhan sahamnya sangat menarik.",sederhana invest versi histori harga sahamnya bbca ni tumbuh positif kalo beli jual ahir keuntungan tanpa mempedulikan turunnya harga gonjang ganjing ekonomi yg tercermin ringkasan harga saham cuannya lumayan lho walopun dividen untung yield kalo potensi kapital gain menarik yg tidak faham analisa keuangan fundamental bbca tipikal pergerakan sahamnya perusahaan us spt apel google american express bershire hataway saham tsb dividen untung pertumbuhan sahamnya menarik,Positif (+1),39.0,Negatif (-1),0.5537,BEDA ⚠️,
404,23520189,2025-11-14 14:18:57,"$BBCA biasanya mendekati akhir sesi 🚀

$IHSG $ANTM",mendekati sesi untung,Positif (+1),4.0,Negatif (-1),0.4657,BEDA ⚠️,
405,17283763,2025-01-29 08:47:52,"Update saham konglo play

	1. Peran Konglomerat di Pembangunan Nasional:

	• Konglomerat Indonesia memainkan peran penting dalam pembangunan negara.
	• Analisis ini mencakup 13 konglomerat dengan kapitalisasi pasar gabungan lebih dari USD 10 miliar dan/atau memiliki lebih dari tiga perusahaan tercatat.

	2. Peningkatan Dominasi Konglomerat di IHSG:

	• Dalam dua dekade terakhir, dominasi konglomerat di IHSG semakin meningkat.
	• Perusahaan-perusahaan yang terdaftar di bawah konglomerat ini kini menyumbang 47% dari kapitalisasi pasar IHSG, dibandingkan dengan 23% 20 tahun lalu.

	3. Sektor Penyumbang Dominasi:
	• Sektor-sektor utama yang berkontribusi pada peningkatan kapitalisasi pasar ini adalah komoditas dan mineral kritis, seperti batu bara, tembaga, emas, dan energi terbarukan.

	4. Track Record Pertumbuhan yang Solid:
	• CAGRs pendapatan konglomerat mencapai +9% (2010-2023), dan CAGR laba +10%, melebihi CAGR PDB nominal Indonesia yang hanya +8.9%.
	• Konglomerat dengan laba tertinggi selama periode ini termasuk Djarum (pemegang saham BBCA dan TOWR), Sinarmas (BSDE, INKP, TKIM), Astra (UNTR), dan Salim Group (INDF, ICBP).

	5. Fokus Sektor Investasi di Masa Depan:
	• Investasi konglomerat fokus pada sektor-sektor berikut:
	1. Rantai nilai mineral kritis, terutama dalam penurunan produk (nickel, tembaga, bauksit, dll).
	2. Energi terbarukan.
	3. Kesehatan.
	4. Infrastruktur (kawasan industri, jalan tol, dll).
       5. Property

	6. Kolaborasi Antar Konglomerat:
	• Beberapa konglomerat saling berkolaborasi, misalnya Salim memiliki saham di BUMI dan BRMS milik Bakrie.

	7. Rekomendasi Saham:

Saham yang direkomendasikan adalah $BBCA, ICBP, SRTG, $ADRO, DRMA, dan ASSA

jangan lupakan $PANI

	• Perhatian khusus juga diberikan pada aktivitas merger dan akuisisi konglomerat untuk pertumbuhan anorganik",update saham konglo play peran konglomerat pembangunan nasional konglomerat indonesia memainkan peran pembangunan negara analisis mencakup konglomerat kapitalisasi pasar gabungan usd miliar memiliki perusahaan tercatat peningkatan dominasi konglomerat ihsg dekade dominasi konglomerat ihsg meningkat perusahaan perusahaan terdaftar konglomerat menyumbang kapitalisasi pasar ihsg dibandingkan sektor penyumbang dominasi sektor sektor utama berkontribusi peningkatan kapitalisasi pasar komoditas mineral kritis batu bara tembaga emas energi terbarukan track record pertumbuhan solid cagrs pendapatan konglomerat mencapai cagr laba melebihi cagr pdb nominal indonesia konglomerat laba tertinggi periode djarum pemegang saham bbca towr sinarmas bsde inkp tkim astra untr salim group indf icbp fokus sektor investasi investasi konglomerat fokus sektor sektor rantai nilai mineral kritis penurunan produk nickel tembaga bauksit dll energi terbarukan kesehatan infrastruktur kawasan industri jalan tol dll property kolaborasi konglomerat konglomerat berkolaborasi salim memiliki saham bumi brms milik bakrie rekomendasi saham saham direkomendasikan icbp srtg drma assa jangan lupakan perhatian khusus aktivitas merger akuisisi konglomerat pertumbuhan anorganik,Positif (+1),36.0,Negatif (-1),0.5051,BEDA ⚠️,
406,26864007,2026-01-20 16:02:50,$BBCA ga usah diharapkan gak usah halu. saran saya cutloss tinggalkan saham ini aja.  cari cuan ditempat lain dulu. ga kemana mana ini saham. nanti setelah mulai ada tanda rebound baru  masuk lagi.,tidak diharapkan tidak halu saran rugi tinggalkan saham aja cari untung ditempat tidak kemana saham tanda untung masuk,Negatif (-1),-3.5,Negatif (-1),0.4694,SAMA ✅,
407,15104423,2024-06-26 11:26:00,"JAKARTA, Aplikasi mobile banking PT Bank Central Asia Tbk atau BCA, yakni BCA Mobile, mengalami gangguan pada Rabu (26/6/2024) pagi hari.
Kondisi BCA mobile error ini pun dikeluhkan oleh sejumlah pengguna di kanal media sosial, X yang dulunya bernama Twitter. 
Berdasarkan pantauan Kompas.com, sejum...",jakarta aplikasi mobile banking pt bank central asia tbk bca bca mobile mengalami gangguan rabu pagi kondisi bca mobile error dikeluhkan pengguna kanal media sosial dulunya bernama twitter berdasarkan pantauan kompas com sejum,Negatif (-1),-3.0,Negatif (-1),0.4687,SAMA ✅,
408,30477891,2026-04-17 14:12:28,$BBCA gak dikasih naik sama bandar. mungkin ada dendam dgn owner BBCA. Padahal bandar pegang barang di 7000an,tidak dikasih bandar dendam owner bbca bandar pegang barang an,Negatif (-1),-9.0,Negatif (-1),0.4888,SAMA ✅,
409,32609290,2026-06-10 09:48:36,@muhalif33 #SellSingapore #BuyIndonesia. Jangan jual Negara kalian untuk kepentingan sesaat. Perkuat barisan dan Kita bisa Kuat $IHSG $BBCA $ZATA,sellsingapore buyindonesia jangan jual negara kepentingan perkuat barisan kuat,Positif (+1),6.0,Negatif (-1),0.4855,BEDA ⚠️,
410,17904040,2025-03-15 16:15:40,"Surplus dagang Indonesia di Februari 2025 diperkirakan bakal turun tajam karena anjloknya harga komoditas dan lesunya ekonomi China, meski beberapa ekonom masih punya pandangan optimis soal angka akhirnya. Berikut hasil ringkasannya:

Surplus dagang Indonesia di Februari 2025 diperkirakan bakal turun gara-gara harga komoditas lesu dan ekonomi China yang lagi melambat. Josua Pardede dari Bank Permata nyebut surplus bulan ini mungkin cuma US$ 1,69 miliar, jauh turun dari Januari yang masih US$ 3,45 miliar. Ekspor diprediksi turun 4,42% dibanding bulan sebelumnya, tapi masih tumbuh 6,39% dibanding tahun lalu, sementara impor justru naik 4,51% karena banyak belanja buat persiapan Ramadan.  Bank Mandiri ( $BMRI )punya prediksi surplus sedikit lebih tinggi di US$ 1,85 miliar, ekspor diperkirakan turun 3,2% akibat anjloknya ekspor batubara sampai 9%, sedangkan impor naik 5,1% karena industri manufaktur lagi aktif-aktifnya. 
Ada juga yang lebih optimis, seperti BCA ( $BBCA ) dengan angka US$ 3,25 miliar. Hosianna dari Bank Danamon ( $BDMN ), yang prediksi surplus Februari bisa sampai US$ 3,16 miliar. Ekspor diperkirakan naik 9,1%, sementara impor turun 3,2% karena pemerintah lagi ngirit, proyek infrastruktur dikurangin, dan harga minyak dunia lagi turun.",surplus dagang indonesia februari turun tajam anjloknya harga komoditas lesunya ekonomi china ekonom pandangan optimis angka hasil ringkasannya surplus dagang indonesia februari turun gara gara harga komoditas lesu ekonomi china melambat josua pardede bank permata nyebut surplus us miliar turun januari us miliar ekspor diprediksi turun dibanding tumbuh dibanding impor belanja persiapan ramadan bank mandiri prediksi surplus us miliar ekspor turun akibat anjloknya ekspor batubara impor industri manufaktur aktif aktifnya optimis bca angka us miliar hosianna bank danamon prediksi surplus februari us miliar ekspor impor turun pemerintah ngirit proyek infrastruktur dikurangin harga minyak dunia turun,Negatif (-1),-15.0,Negatif (-1),0.5545,SAMA ✅,
411,29815428,2026-03-30 11:08:55,$BBCA ada yang lebih parah ? 🤔,jelek,Negatif (-1),-3.0,Negatif (-1),0.4158,SAMA ✅,
412,32376562,2026-06-04 09:55:08,"$MEDC $BBCA $BMRI

porto bole merah. suasana hati tetap cerah.

semangat para warga XL.  badai akan berlalu.",porto bole turun suasana hati cerah semangat warga xl badai,Positif (+1),3.0,Negatif (-1),0.5073,BEDA ⚠️,
413,7978027,2022-02-08 22:18:40,"Ipotnews - Koreksi  IHSG  berlanjut sampai penutupan perdagangan hari Selasa (8/2/2022).  IHSG  tergelincir sebesar 0,23 persen (16 poin) ke level 6.789.Indeks LQ45 -0,27% ke 962.Indeks IDX30 -0,27% ke 512.Indeks IDX80 -0,34% ke 134.Jakarta Islamic Indeks (JII) -1,05% ke 562.Indeks Kompas100 -0,32% ...",ipotnews koreksi ihsg berlanjut penutupan perdagangan selasa ihsg tergelincir persen poin level indeks lq indeks idx indeks idx jakarta islamic indeks jii indeks kompas,Positif (+1),2.0,Negatif (-1),0.4945,BEDA ⚠️,
414,17435490,2025-02-09 17:05:37,"🏦 BTN Luncurkan Super App ""Bale by BTN"", Targetkan 5 Juta Pengguna di 2025!
PT Bank Tabungan Negara (BTN) terus berinovasi dengan meluncurkan Bale by BTN, sebuah super app yang mempermudah transaksi perbankan digital. Peluncuran ini merupakan langkah strategis BTN dalam bertransformasi menjadi bank transaksional yang lebih kompetitif. Dengan target 4-5 juta pengguna hingga akhir 2025, aplikasi ini diharapkan dapat menarik lebih banyak dana murah ritel.
Simak selengkapnya di:
🔗 https://bursa.nusantaraofficial.com/btn-luncurkan-bale-by-btn-di-hut-ke-75-targetkan-5-juta-pengguna-di-2025/
 $BBTN $BBCA $BMRI",btn luncurkan super app bale by btn targetkan juta pengguna pt bank tabungan negara btn berinovasi meluncurkan bale by btn super app mempermudah transaksi perbankan digital peluncuran langkah strategis btn bertransformasi bank transaksional kompetitif target juta pengguna aplikasi diharapkan menarik dana murah ritel simak selengkapnya,Positif (+1),27.0,Negatif (-1),0.4633,BEDA ⚠️,
415,34008116,2026-07-22 09:14:17,"wkwkw lu punya penyakit hati atau gimana blokkkk, itu berita lama tahun tahun yang lalu, sumber juga ga lu cantumi, wkwkwk lawak tukang fear $BBCA $TPIA $IHSG, tandai aja manusia fear ini yhahaha penyakit hati makanya lu miskin",wkwkw lu penyakit hati gimana blok berita sumber tidak lu cantumi wkwkwk lawak tukang fear tandai aja manusia fear yhahaha penyakit hati lu miskin,Negatif (-1),-8.0,Negatif (-1),0.4883,SAMA ✅,
416,8603911,2022-05-12 06:39:04,"
crypto sedang crash hebat, koin Luna jadi yang terparah, dari Rp 1,7 juta sempat turun sampai Rp 10 ribu dalam beberapa hari.
ada yg minat nyicil?

tag: $UNVR $BBCA $BBRI $IHSG",crypto crash hebat koin luna terparah rp juta turun rp ribu yg minat nyicil tag,Negatif (-1),-1.0,Negatif (-1),0.5,SAMA ✅,
417,8178939,2022-03-11 08:52:09,"Morning CuanTraders! 

Jumat, 11 Maret 2022 

Secara teknikal IHSG masih ada ruang untuk melanjutkan kenaikan ke area resistance. Tetapi tidak perlu terlalu agresif mengingat hari ini merupakan hari terakhir perdagangan pada minggu ini

Happy Trading:sunglasses:
$BBCA $BBNI",morning cuantraders jumat maret teknikal ihsg ruang melanjutkan kenaikan area resistance tidak agresif perdagangan minggu happy trading sunglasses,Positif (+1),4.0,Negatif (-1),0.4995,BEDA ⚠️,
418,32471064,2026-06-05 18:45:48,"$BBCA mksh ya bbca udah nyiapin uang duka buat kita, ya walaupun kecil tp itu sangat berharga. Tetep percaya bbca bakalan rebound walaupun floating loss dah ga ngotak, tolong 😰",mksh ya bbca nyiapin uang duka ya untung berharga tetep percaya bbca untung floating rugi tidak ngotak tolong,Positif (+1),20.0,Negatif (-1),0.4368,BEDA ⚠️,
419,32590991,2026-06-09 17:12:34,"mari kita uji thesis ini kedepan 📈
$IHSG $BMRI $BBCA",mari uji thesis kedepan untung,Positif (+1),9.0,Negatif (-1),0.4778,BEDA ⚠️,
420,13928794,2024-02-13 13:48:34,"$BBRI besok pemilu, apa sdh saatnya asing TP?
$BMRI $BBNI $BBCA",besok pemilu asing untung,Positif (+1),4.0,Negatif (-1),0.495,BEDA ⚠️,
421,8675754,2022-05-22 04:10:44,"Jakarta - Presiden Direktur PT Bank Central Asia Tbk. atau BCA, Jahja Setiaatmadja, membeberkan strategi pihaknya dalam menyalurkan kredit yang berkualitas.Menurut Jahja, ada seni dalam menyalurkan kredit perbankan. Bila tak tepat, bukannya untung, menggelontorkan kredit secara tidak hati-hati j...",jakarta presiden direktur pt bank central asia tbk bca jahja setiaatmadja membeberkan strategi menyalurkan kredit berkualitas jahja seni menyalurkan kredit perbankan untung menggelontorkan kredit tidak hati hati,Positif (+1),11.0,Negatif (-1),0.4808,BEDA ⚠️,
422,7769923,2021-12-31 05:22:31,@Stockbit User woiiii $bbca gak masuk??? kapitalisasi terbesar no.1. bbca naik 1% aja ngaruh banget dengan ihsg dengan beta tertinggi.,user woi tidak masuk kapitalisasi terbesar no bbca aja ngaruh banget ihsg beta tertinggi,Positif (+1),0.5,Negatif (-1),0.454,BEDA ⚠️,
423,17471104,2025-02-11 16:34:54,boro-boro mau jadi the next $BBCA  🤣,boro boro the next,Negatif (-1),-6.0,Negatif (-1),0.4207,SAMA ✅,
424,16194345,2024-10-30 18:41:14,"Silakan asing jual $BBCA sebanyak banyaknya, ditunggu di bawah 9000, pengalaman Covid dan beberapa bulan yang lalu, $BBCA naik kembali seiring dengan kinerja baik",silakan asing jual banyaknya ditunggu pengalaman covid seiring kinerja,Positif (+1),9.0,Negatif (-1),0.5184,BEDA ⚠️,
425,14668773,2024-05-08 09:58:09,"$BBRI semakin ku kejar, semakin kau jauh🤣🤣🤣🤣
$BMRI $BBCA $BBNI",ku kejar kau,Negatif (-1),-3.0,Negatif (-1),0.5327,SAMA ✅,
426,18707444,2025-05-28 16:03:50,"$IHSG ada apaan nih, pas closing kok tiba2 volumenya mendadak naik 100% dari volume seharian ini?!?!??
$BBRI $BBCA",nih pas closing volumenya mendadak volume seharian,Positif (+1),3.0,Negatif (-1),0.4531,BEDA ⚠️,
427,5302229,2021-01-11 19:55:10,"Ipotnews - Di penutupan awal pekan ini, Senin (11/1), sebagian besar ETF di mal reksadana Ipotfund kembali membukukan catatan gemilang dengan melesat antara +0.6% ( IPIM  Indonesia State-Owned Companies Aktif /XISC) hingga +2.16% (Pinnacle Enhanced Sharia Aktif /XPES). Sayang, 3 ETF tertinggal di zo...",ipotnews penutupan pekan senin etf mal reksadana ipotfund membukukan catatan gemilang melesat ipim indonesia state owned companies aktif xisc pinnacle enhanced sharia aktif xpes sayang etf tertinggal zo,Negatif (-1),-1.0,Negatif (-1),0.4438,SAMA ✅,
428,20179139,2025-08-18 16:58:05,"@rz18 buat saya pribadi bagus…. Yang namanya “Jika” ada kotoran dan dibersikan itu semakin bagus, dan sesuatu yang jadi Perhatiaan Berarti Barang Bagus, Contoh: 2 saham saat ini $BBCA dan $ADRO 
Apalagi kalau efeknya nanti ADRO diambil alih Danantara 😂😂😂😂",pribadi bagus namanya kotoran dibersikan bagus perhatiaan barang bagus contoh saham efeknya adro diambil alih danantara,Positif (+1),4.0,Negatif (-1),0.4335,BEDA ⚠️,
429,33314220,2026-07-03 09:24:39,"$BRMSZPCN6A induknya naik

$BRMS $BBCA",induknya,Netral (0),0.0,Negatif (-1),0.5323,BEDA ⚠️,
430,5851128,2021-03-02 10:46:08,@militan berarti $$BBCA gorengan ??? kmarin sekali naik 4.99%???,gorengan kmarin,Netral (0),0.0,Negatif (-1),0.4342,BEDA ⚠️,
431,17688151,2025-02-27 16:24:12,$BBCA badai udah mau abis.. 👌,badai abis,Negatif (-1),-3.0,Negatif (-1),0.4132,SAMA ✅,
432,32216784,2026-05-29 14:24:28,"$BBCA

Halo kak, Minta tolong bantuannya.. Aku lagi ngerjain riset tentang cara belajar investasi di kalangan anak muda, dan butuh insight dari kalian! 📈

🙏 Boleh luangin 3–5 menit buat isi survei ini?
👉 https://forms.gle/uD12ayrcUeyjMaEYA

Kriteria:
✅ Usia 17–30 tahun
✅ Familiar sama dunia investasi

Semua jawaban anonim & rahasia kok, jadi bebas jujur! Bantuannya kakak sangat berarti  buat aku",halo kak tolong bantuannya ngerjain riset belajar investasi kalangan anak muda butuh insight untung luangin menit isi survei kriteria usia familiar dunia investasi anonim rahasia bebas jujur bantuannya kakak,Positif (+1),7.0,Negatif (-1),0.4145,BEDA ⚠️,
433,29472138,2026-03-10 15:00:14,"Jakarta, CNBC Indonesia - Indeks Harga Saham Gabungan (IHSG) berhasil memangkas koreksi dan bertengger di zona hijau pada penutupan perdagangan sesi I Selasa (10/3/2026). Sejumlah saham pun diketahui dijual oleh asing.
IHSG tercatat sempat 2,2% dan nyaris menyentuh level 7.500 pada awal perdagangan,...",jakarta cnbc indonesia indeks harga saham gabungan ihsg berhasil memangkas koreksi bertengger zona penutupan perdagangan sesi selasa saham dijual asing ihsg tercatat menyentuh level perdagangan,Positif (+1),3.0,Negatif (-1),0.4956,BEDA ⚠️,
434,32276854,2026-06-02 13:52:55,$BBCA yg lain pada minus brp yak?,yg minus brp yak,Negatif (-1),-3.0,Negatif (-1),0.4353,SAMA ✅,
435,32751952,2026-06-14 14:47:27,"@YugoSyamab kere bgt kamu ya, hidupmu pasti menderita dyor
$BBRI $BBCA $TPIA",kere banget ya hidupmu menderita dyor,Netral (0),0.0,Negatif (-1),0.457,BEDA ⚠️,
436,7282666,2021-10-03 20:08:45,"Haduh duit mu engga seberapa sampai mencemooh Bluechip. Seminggu terakhir BBRI Transaksi sampai 3 Triliun dibilang sistem Piramida, sampai bilang engga ada manusia terakhir yang mau beli.  Geli  saya liat tulisan mu. 

$BBRI $BBCA $IHSG",haduh duit mu engga mencemooh bluechip seminggu bbri transaksi triliun dibilang sistem piramida bilang engga manusia beli geli liat tulisan mu,Negatif (-1),-4.0,Negatif (-1),0.4462,SAMA ✅,
437,29163705,2026-03-03 11:59:54,"$BBCA pamer ah
.siapa tahu naik yee kan",pamer ah yee,Negatif (-1),-3.0,Negatif (-1),0.4325,SAMA ✅,
438,30925825,2026-04-27 15:40:03,"""Analogi Jejak Perjalanan Berbentuk Spiral""

(Setelah lama masuk kedalam dan menyempit) Kini kita berada di sekitaran titik pusat spiral dan siap berbalik (menuju keluar dan melega)

(Maaf jika terkesan opini yang kontrarian)


Saat kondisi pasar sedang tidak menguntungkan seperti belakangan ini, yang tema narasi beritanya tidak jauh-jauh dari :
Seperti misalnya, Kondisi balancing fiskal Indonesia terancam tidak karuan karena program program yang dianggap  tidak jelas seperti MBG, KMP dll.
Atau Rating Outlook perekonomian Indonesia terancam turun grade,
Atau outlook bank2 besar Indonesia seperti HIMBARA diturunkan jadi negatif,
Atau pasar saham Indonesia terancam turun level ke frontier market,
Atau flow  investor asing yang keluar konsisten dari pasar equity Indonesia .
Atau faktor eksternal seperti perang Iran-US/Israel 

Pokoknya akan selalu ada saja narasi yang bisa terus mengisi dan dipakai untuk memenuhi ruang ruang pasar yang sedang tidak membahagiakan bagi investor di dalam nya.

Ini seperti perjalanan mengikuti jalur berbentuk spiral. Dalam kondisi seperti sekarang, analoginya seperti menempuh jalur spiral kedalam membentuk lengkungan yang semakin kecil dan memusat kedalam. Membuat segalanya terasa semakin menyempit dan terbatas.

Ya gain atau modal yang semakin terkikis. 
Ya mentalitas dan dada yang terasa menyempit. 
Ya keyakinan / conviction yang mungkin memudar. 

Tapi akan ada waktunya bagi pasar berkata bahwa perjalanan masuk ke dalam spiral telah selesai. Dan kita sudah sampai pada titik pusat spiral.

Titik dimana perjalanan arah turun tidak mungkin berketerusan turun. Sesuai prinsip ""what comes down must comes up"".

Pada saat itu,
Perjalanan spiral arah sebaliknya akan dimulai. Analoginya seperti menempuh jalur dari pusat spiral ke luar membentuk lengkungan semakin membesar terbebas keluar.

Padahal saat itu,
Bisa saja kondisi MBG KMP masih jalan tak ada yang berubah.
Implikasi kondisi balance fiskal ya ga jauh beda signifikan. 
Outlook Perekonomian indo juga posisinya sesuai dan tidak berubah dengan masterplan awal yang dipaparkan Menkeu Purbaya.
Flow investor asing juga bisa saja masih keluar masuk kalaupun masuk ya steady steady saja.
Bank bank HIMBARA + BCA juga beroperasi seperti mana mesti nya dan masih terus mencetak laba sesuai sesuai saja dengan konsensus awal dimana-mana.
Perang Iran vs US / Israel juga masih terus berjalan bahkan bisa jadi tabiat plin plan nya Donald Trump tidak bertambah baik. 

Namun entah apa yang membedakan bahwa vibes atau atmosfer ketika itu segalanya bertambah baik 
Mulai dari,
Chart yang mulai berbalik arah secara confident.
Lost yang semakin mengecil atau bahkan berbalik menjadi gain yang semakin besar.
Kondisi mental psikologis dan dada yang semakin melega.
Inflow pasar yang entah bagaimana berdatangan membuat pasar semarak kembali.
Hingga keoptimisan menghinggapi pelaku pasar.
Sehingga keyakinan/conviction kembali terbangun secara mantap

Pada saat itu biasa nya ada saja narasi atau headline or berita yang entah bagaimana bisa terus bersahut sahutan dan berhasil membangun psikologi pasar yang dipenuhi keyakinan untuk membeli dan mendorong harga naik.  Entah berita per emiten, entah berita yang benar-benar baru, atau berita yang sebenarnya sudah ada di pasar tapi entah bagaimana vibes pasar ketika itu berhasil memoles psikologi pasar ke arah sebaliknya yakni menganggap itu hal yang justru menjadi peluang dan hal positif. 

Tidak usah terlalu bingung pusing memikirkan  kapan, dimana, darimana, dan bagaimana kondisi itu bisa terjadi. 

Karena siklus di market entah bagaimana cerita nya akan mengantarkan kamu ke kondisi siklus berulang seperti itu.

Jadi pesan saya adalah Jangan lepaskan barangmu (jika sudah terlanjur), atau manfaatkan momen ini sebaik-baiknya (jika masih punya opportunity).

$BBCA $BUMI $BBRI",analogi jejak perjalanan berbentuk spiral masuk kedalam menyempit sekitaran titik pusat spiral berbalik melega maaf terkesan opini kontrarian kondisi pasar tidak menguntungkan tema narasi beritanya tidak kondisi balancing fiskal indonesia terancam tidak karuan program program dianggap tidak mbg kmp dll rating outlook perekonomian indonesia terancam turun grade outlook bank indonesia himbara diturunkan negatif pasar saham indonesia terancam turun level frontier market flow investor asing konsisten pasar equity indonesia faktor eksternal perang iran us israel pokoknya narasi mengisi dipakai memenuhi ruang ruang pasar tidak membahagiakan investor nya perjalanan mengikuti jalur berbentuk spiral kondisi analoginya menempuh jalur spiral kedalam membentuk lengkungan memusat kedalam menyempit terbatas ya gain modal terkikis ya mentalitas dada menyempit ya keyakinan conviction memudar pasar perjalanan masuk spiral selesai titik pusat spiral titik dimana perjalanan turun tidak berketerusan turun sesuai prinsip what comes down must comes up perjalanan spiral analoginya menempuh jalur pusat spiral membentuk lengkungan membesar terbebas kondisi mbg kmp jalan berubah implikasi kondisi balance fiskal ya tidak beda signifikan outlook perekonomian indo posisinya sesuai tidak berubah masterplan dipaparkan menkeu purbaya flow investor asing masuk masuk ya steady steady bank bank himbara bca beroperasi mesti nya mencetak laba sesuai sesuai konsensus dimana perang iran vs us israel berjalan tabiat plin plan nya donald trump tidak bertambah membedakan vibes atmosfer bertambah chart berbalik confident lost mengecil berbalik gain kondisi mental psikologis dada melega inflow pasar pasar semarak keoptimisan menghinggapi pelaku pasar keyakinan conviction terbangun mantap nya narasi headline or berita bersahut sahutan berhasil membangun psikologi pasar dipenuhi keyakinan membeli mendorong harga berita emiten berita berita pasar vibes pasar berhasil memoles psikologi pasar menganggap peluang positif tidak bingung pusing memikirkan dimana darimana kondisi siklus market cerita nya mengantarkan kondisi siklus berulang pesan jangan lepaskan barangmu terlanjur manfaatkan momen baiknya opportunity,Negatif (-1),-32.0,Negatif (-1),0.4949,SAMA ✅,
439,22503031,2025-10-21 10:41:57,"$BBCA King Of The King

We Are So Back

Laba naik..buy back pulak

Fix Full Margin

$BUMI $IHSG",king of the king we are so back laba buy back pulak fix full margin,Positif (+1),4.0,Negatif (-1),0.5138,BEDA ⚠️,
440,12957514,2023-11-16 19:55:46,"Pembelian investasi sukuk tabungan seri ST011 masih bisa dilakukan melalui mitra distribusi resmi, salah satunya Bank Central Asia (BCA).
Surat Berharga Negara (SBN) Ritel seri Sukuk Tabungan ST011 masih bisa dipesan sampai 6 Desember mendatang.
Tersedia dua tenor atau jangka waktu dari investasi ya...",pembelian investasi sukuk tabungan seri st mitra distribusi resmi salah satunya bank central asia bca surat berharga negara sbn ritel seri sukuk tabungan st dipesan desember tersedia tenor jangka investasi ya,Positif (+1),23.0,Negatif (-1),0.5148,BEDA ⚠️,
441,12941617,2023-11-15 15:55:22,"$BBCA bingung d, saya sell di 9050 kenapa ga kejemput ya, pdhl td sempet di titik itu. apa angka yg di chart gak real?",bingung sell tidak kejemput ya pdhl td sempet titik angka yg chart tidak real,Negatif (-1),-11.0,Negatif (-1),0.4676,SAMA ✅,
442,15372183,2024-07-29 12:29:31,$BBCA yok turun lagi yok🤪,yok turun yok,Negatif (-1),-3.0,Negatif (-1),0.3991,SAMA ✅,
443,21477649,2025-09-29 06:03:14,"$MBMA $BBCA $IHSG
🔔🔔🔔🔔🔔
29 september 2025
Pagi teman² IHSG Level saat ini: 8,099.33 (area resistance psychological 8,100)
Bias: SIDEWAYS TO NEGATIVE di area resistance

FAKTOR PENDUKUNG & PENEKAN:

✅ POSITIF:
Rupiah menguat (USD/IDR -0.07%)
Commodity exports (Copper +0.29%, Gold solid YTD)
Stabilitas regional (Singapore Futures +0.16%)

❌ NEGATIF:
Area resistance kuat 8,100-8,150
Tekanan regional (Hang Seng -0.28%, Nikkei -0.39%)
Profit-taking setelah mendekati level tinggi

⏰SKENARIO 1 : SIDEWAYS BIAS NEGATIF
Range: 8,040 - 8,120
Movement: Consolidation dengan kecenderungan profit-taking
Key Level: Resistance 8,120 - Support 8,040

🤑SKENARIO 2 : BREAKOUT
Jika tembus 8,120 → target 8,180
Jika break 8,040 → target 7,980",september pagi teman ihsg level area resistance psychological bias tahan to negative area resistance faktor pendukung penekan positif rupiah menguat usd idr commodity exports copper gold solid ytd stabilitas regional singapore futures negatif area resistance kuat tekanan regional hang seng nikkei untung taking mendekati level skenario tahan bias negatif range movement consolidation kecenderungan untung taking key level resistance support untung skenario untung tembus target break target,Positif (+1),29.0,Negatif (-1),0.4884,BEDA ⚠️,
444,33945549,2026-07-21 09:16:50,"$BBCA sudah waktunya balik dulu, ambil napas panjang 🔥",ambil napas untung,Negatif (-1),-1.0,Negatif (-1),0.3778,SAMA ✅,
445,28596563,2026-02-19 15:46:16,$BBCA sampai kapan ku disiniii.... huha,ku huha,Netral (0),0.0,Negatif (-1),0.4477,BEDA ⚠️,
446,33124983,2026-06-26 10:28:08,"$IHSG ada ga sih disini yg berkomentar positif terkait PRESIDEN kita bahwa indonesia baik baik saja?
Kayanya cuma buzzer doang ya

Kayanya PRESIDEN cuma baca komentar buzzernya aja ya


$BBCA $TPIA",tidak sih yg berkomentar positif terkait presiden indonesia buzzer doang ya presiden baca komentar buzzernya aja ya,Positif (+1),20.0,Negatif (-1),0.4639,BEDA ⚠️,
447,32449646,2026-06-05 13:56:48,"sesi 2 siap"" loncat kodok $BUMI $BBCA $BIPI info A1 dari pak pur",sesi loncat kodok info pur,Negatif (-1),-5.0,Positif (+1),0.4102,BEDA ⚠️,
448,32429867,2026-06-05 09:48:16,"Yang pegang full cash: Memang terbaik lah pemerintahan pak Prabowo , tiap hari $IHSG di kasih diskon besar2an  😂 $BBRI $BBCA


Money management tetap paling penting",pegang full cash terbaik pemerintahan prabowo kasih diskon an money management,Positif (+1),9.0,Negatif (-1),0.4343,BEDA ⚠️,
449,7412426,2021-10-26 17:55:43,"Jakarta, CNBC Indonesia - Indeks Harga Saham Gabungan (IHSG) ditutup menguat 0,47% ke level 6.656,94 pada perdagangan Selasa (26/10/2021). Saat IHSG menguat, terpantau 252 saham menguat, 266 melemah dan 147 stagnan. Asing lanjut borong saham-saham domestik dengan net buy mencapai Rp 746,11 miliar di...",jakarta cnbc indonesia indeks harga saham gabungan ihsg ditutup menguat level perdagangan selasa ihsg menguat terpantau saham menguat melemah stagnan asing borong saham saham domestik net buy mencapai rp miliar,Positif (+1),2.0,Negatif (-1),0.5147,BEDA ⚠️,
450,32236065,2026-05-30 00:53:16,"“Di bursa konoha, orang mau beli saham bagus, asal harganya sudah mahal dan orang lain sudah cuan duluan.” - Harry JP

Untuk orang type ini, harga dibanting murah saat ini bukan kesempatan…tapi ajang festival memaki, lomba panik dan adu cengeng.

Taukah kamu kalau bursa bukan tempat orang marah2, panik dan cengeng ?

Karena market tidak peduli kamu panik, sedih, galau, marah, overthinking atau sedang merasa jadi korban semesta, untuk segera memindahkan uangmu ke kocek orang lain yang lebih siap.

Anggaplah ada type orang yang maunya beli murah, tapi pas murah malah panik dan cengeng juga.

Jadilah seumur hidup cuma jadi penonton harga.


Paham ya.... ? 🤣

$ITMG $BBCA $ICBP",bursa konoha orang beli saham bagus harganya mahal orang untung duluan harry jp orang type harga turun rugi murah bukan kesempatan ajang festival memaki lomba panik adu cengeng taukah bursa bukan orang marah panik cengeng market tidak peduli panik sedih galau marah overthinking korban semesta memindahkan uangmu kocek orang anggaplah type orang maunya beli murah pas murah panik cengeng seumur hidup penonton harga paham ya,Negatif (-1),-12.0,Negatif (-1),0.4249,SAMA ✅,
451,14158090,2024-03-07 10:07:10,"$GTSI prabowo dilantik dan rujuk sama ibu titik.gtsi masih di 50 ❤️

$BBCA $BBRI $ITMG",prabowo dilantik rujuk titik gtsi,Negatif (-1),-3.0,Negatif (-1),0.4615,SAMA ✅,
452,17520398,2025-02-14 23:22:39,"Analisis Saham BBCA [PT Bank Central Asia, Tbk.]

Analisis Teknikal Berdasarkan Grafik

📌 Candlestick & Trend

Harga saham BBCA saat ini berada di 8.600 dengan kenaikan +25 (+0,29%). BBCA dalam tren bearish setelah mencapai puncaknya di sekitar 11.200, dan saat ini bergerak mendekati area support utama. Jika harga tidak mampu bertahan di 8.600 - 8.800, ada kemungkinan penurunan lebih lanjut ke 8.000.

📌 Bollinger Bands (BB 20, 2)

Harga berada di dekat lower band (9.040), yang menunjukkan saham sudah memasuki area oversold dan berpotensi mengalami technical rebound. Resistance terdekat adalah BB Median (9.953), yang menjadi target kenaikan jika terjadi rebound.

📌 Moving Average (MA 50 Close)

Harga berada di bawah MA 50 (9.959), menunjukkan bahwa tren jangka menengah masih bearish. Selama harga tidak mampu kembali ke atas MA 50, tekanan jual masih kuat.

📌 Volume & Sentimen Pasar

Volume perdagangan sebesar 475,284M, masih cukup tinggi dibandingkan rata-rata 360,504M, menunjukkan masih adanya aksi jual yang cukup besar. Terjadi net foreign sell sebesar -892.414B, menunjukkan investor asing masih melakukan aksi jual besar-besaran.

📌 MACD (12, 26, 9)

MACD berada di -213.31, masih jauh di bawah garis sinyal -95.78, serta histogram merah -117.53, yang menandakan tren bearish masih sangat kuat. Belum ada tanda-tanda bullish reversal, sehingga risiko penurunan lebih lanjut masih ada.

📌 RSI (14)

RSI berada di 35.3, yang mendekati area oversold (<30). Ini bisa menjadi tanda bahwa saham mulai jenuh jual dan berpotensi mengalami rebound jika ada katalis positif.

Prediksi Perkembangan Saham BBCA

📉 Jangka Pendek (1-3 bulan): BEARISH to NEUTRAL

Jika harga bertahan di 8.600 - 8.800, maka ada peluang rebound ke 9.500 - 9.900. Namun, jika harga turun di bawah 8.600, potensi penurunan ke 8.000 sangat terbuka.

📈 Jangka Menengah (3-6 bulan): PELUANG REBOUND

Jika harga berhasil naik di atas 9.500 dan MACD menunjukkan golden cross, tren bisa mulai membaik. Target kenaikan berada di area 10.500 - 11.000, selama volume beli meningkat.

📊 Jangka Panjang (>6 bulan): BULLISH jika Rebound Terbentuk

Jika sentimen pasar membaik dan harga mampu kembali di atas 11.000, potensi menuju 11.500 - 12.000 cukup terbuka.

Rekomendasi untuk Trader & Investor

✅ Untuk Trader (Short-Term):

Entry di kisaran 8.600 - 8.800, dengan target 9.500 - 9.900. Stop-loss jika harga turun di bawah 8.500. Tunggu konfirmasi volume beli sebelum masuk.

✅ Untuk Investor (Long-Term):

Jika ingin akumulasi, bisa mulai di area 8.000 - 8.600. Target jangka panjang di atas 11.500 jika tren membaik. Perhatikan kinerja fundamental dan aksi investor asing.

Kesimpulan:

Saham BBCA masih dalam tekanan bearish dengan kemungkinan rebound di area 8.600. Jika berhasil bertahan, ada peluang naik ke 9.500 - 9.900 dalam jangka pendek. Namun, jika breakdown, potensi turun ke 8.000 perlu diwaspadai.

$BBCA",analisis saham bbca pt bank central asia tbk analisis teknikal berdasarkan grafik candlestick trend harga saham bbca kenaikan bbca tren turun mencapai puncaknya bergerak mendekati area support utama harga tidak bertahan penurunan bollinger bands bb harga lower band saham memasuki area oversold berpotensi mengalami technical untung resistance terdekat bb median target kenaikan untung moving average ma close harga ma tren jangka menengah turun harga tidak ma tekanan jual kuat volume sentimen pasar volume perdagangan dibandingkan aksi jual net foreign sell investor asing aksi jual besaran macd macd garis sinyal histogram turun menandakan tren turun kuat belum tanda tanda reversal risiko penurunan rsi rsi mendekati area oversold tanda saham jenuh jual berpotensi mengalami untung katalis positif prediksi perkembangan saham bbca rugi turun jangka pendek turun to neutral harga bertahan peluang untung harga turun potensi penurunan terbuka untung jangka menengah peluang untung harga berhasil macd golden cross tren membaik target kenaikan area volume beli meningkat jangka untung terbentuk sentimen pasar membaik harga potensi terbuka rekomendasi trader investor trader short term entry kisaran target stop rugi harga turun tunggu konfirmasi volume beli masuk investor long term akumulasi area target jangka tren membaik perhatikan kinerja fundamental aksi investor asing kesimpulan saham bbca tekanan turun untung area berhasil bertahan peluang jangka pendek breakdown potensi turun diwaspadai,Positif (+1),44.5,Negatif (-1),0.5331,BEDA ⚠️,
453,6472809,2021-06-07 21:13:45," @AmsarJun maaf pak , kalau anda blg berdasarkan jumlah kepemilikan saham $BABP “yg jaga gak sebanyak $ARTO , 

Bapak bs liat sendiri sama BBCA jumlah kepemilikan saham publik nya 45% , 

Lalu kenapa $BBCA bs rally dari tahun 2005 sampai skrng gak turun” masih uptrend dr harga 1750 ke harga 32650? Trs apakah brrti yg jaga BBCA dikit ? Knp saham nya bs uptrend terus?

Kalau menurut saya bkn masalah ada yg jaga atau tdk, tp tergantung dari minat masyarakat/ retail mengenai prospek dari perusahaan tersebut",maaf blg berdasarkan kepemilikan saham yg jaga tidak bs liat bbca kepemilikan saham publik nya bs rally skrng tidak turun harga harga trs brrti yg jaga bbca dikit knp saham nya bs bkn yg jaga tidak untung tergantung minat masyarakat retail prospek perusahaan,Positif (+1),1.0,Negatif (-1),0.4563,BEDA ⚠️,
454,10214263,2022-11-29 08:11:14,"JAKARTA, Pilarmas Investindo Sekuritas mengatakan, berdasarkan analisa teknikal, IHSG berpotensi melemah terbatas pada Selasa (29/11/2022). IHSG diperkirakan akan bergerak pada rentang 6.900 – 7.100. Saham BBCA hingga PTBA bakal untung besar.Pada perdagangan Senin (28/11/2022), IHSG ditutup melema...",jakarta pilarmas investindo sekuritas berdasarkan analisa teknikal ihsg berpotensi melemah terbatas selasa ihsg bergerak rentang saham bbca ptba untung perdagangan senin ihsg ditutup melema,Netral (0),0.0,Negatif (-1),0.4745,BEDA ⚠️,
455,13270801,2023-12-14 08:20:41,acuan positif untuk $BBCA $BBRI $BMRI dan $BBNI?...,acuan positif,Positif (+1),4.0,Negatif (-1),0.4836,BEDA ⚠️,
456,19183336,2025-07-09 10:19:22,"$BBCA

naik ngapa jan",ngapa jan,Netral (0),0.0,Negatif (-1),0.4632,BEDA ⚠️,
457,20149887,2025-08-15 11:31:10,"Arah pasar modal Indonesia diproyeksikan membaik menjelang Hari Kemerdekaan Republik Indonesia ke-80. Investor asing mulai aktif masuk ke pasar saham domestik, mencatatkan net buy total Rp 5,37 triliun selama periode 11–14 Agustus 2025.
Data perdagangan Bursa Efek Indonesia (BEI) menunjukkan, aksi...",pasar modal indonesia diproyeksikan membaik menjelang kemerdekaan republik indonesia investor asing aktif masuk pasar saham domestik mencatatkan net buy total rp triliun periode agustus data perdagangan bursa efek indonesia bei aksi,Positif (+1),9.5,Negatif (-1),0.5109,BEDA ⚠️,
458,21951070,2025-10-09 10:03:42,"$BBCA
Turunkan aja yg cepet biar cepet kelar, kan jadi lama klo gini trusss",turunkan aja yg cepet biar cepet kelar gini trus,Positif (+1),9.0,Negatif (-1),0.4296,BEDA ⚠️,
459,21873200,2025-10-08 07:31:30,"EmitenNews.com - Indointernet alias Indonet (EDGE) mendapat fasilitas kredit Rp5,5 triliun. Fasilitas kredit tersebut diperoleh secara kolektif bersama anak usaha perseroan yaitu Ekagrata Data Gemilang (EDG). Peroleh fasilitas dari Bank BCA (BBCA) itu, telah diteken pada 6 Oktober 2025.
Penyediaan ...",emitennews com indointernet alias indonet edge fasilitas kredit rp triliun fasilitas kredit diperoleh kolektif anak usaha perseroan ekagrata data gemilang edg peroleh fasilitas bank bca bbca diteken oktober penyediaan,Positif (+1),1.0,Negatif (-1),0.4899,BEDA ⚠️,
460,31626650,2026-05-12 13:01:32,"serok? atau bobrok?

$BBCA $BBNI $BBRI",beli bobrok,Negatif (-1),-3.0,Negatif (-1),0.499,SAMA ✅,
461,31804941,2026-05-18 16:55:43,$SRTG mau akuisisi $BBCA 10%,akuisisi,Netral (0),0.0,Negatif (-1),0.4492,BEDA ⚠️,
462,10898376,2023-03-08 08:44:49,"Market Info - 07 March 2023:

Top Akumulasi
- $PGEO - ZP, 867
- BIPI - II, 160
- BFIN - RX, 1.372
- BBYB - AZ, 645
- BNBR - IF, 64

Top Distribusi
- INDF - AK, 6.249
- $UNVR - RX, 4.102
- SMGR - AK, 7.056
- EMTK - AK, 883
- PNLF - YU, 406

Top Foreign Buy
- BBRI, 197 M, 4.820
- BMRI, 69 M, 10.203
- GOTO, 55 M, 129
- BUMI, 18 M, 127
- BTPS, 13 M, 2.284

Top Foreign Sell
- BBCA, -182 M, 8.409
- ASII, -84 M, 5.957
- ADRO, -55 M, 2.877
- ARTO, -44 M, 2.656
- TLKM, -35 M, 3.876

Top Retail Buy
- $BBCA , 8.413
- UNVR, 4.105
- ASII, 5.943
- TBIG, 2.127
- PGAS, 1.561

Top Retail Sell
- BBRI, 4.821
- $GOTO , 129
- BMRI, 10.218
- BRIS, 1.583
- PTBA, 3.867

Note: Angka disebelah kode saham merupakan harga rata-rata penjualan / pembelian pada akhir perdagangan kemarin. Silahkan LIKE agar kami tahu jika post ini bermanfaat dan dapat terus melakukan posting seperti ini, FOLLOW untuk mendapatkan update posting dan berikan COMMENT untuk request data lainnya.

Youtube Edukasi: bit.ly/QuantumResearch_YT
Instagram: bit.ly/QuantumResearch_IG
Rekomendasi Saham GRATIS: https://bit.ly/QuantumResearch_IDX",market info march top akumulasi zp bipi ii bfin rx bbyb az bnbr if top distribusi indf ak rx smgr ak emtk ak pnlf yu top foreign buy bbri bmri goto bumi btps top foreign sell bbca asii adro arto tlkm top retail buy unvr asii tbig pgas top retail sell bbri bmri bris ptba note angka disebelah kode saham harga penjualan pembelian perdagangan kemarin silahkan like post bermanfaat posting follow update posting comment request data youtube edukasi bit ly quantumresearch yt instagram bit ly quantumresearch ig rekomendasi saham gratis,Positif (+1),36.0,Negatif (-1),0.5019,BEDA ⚠️,
463,18613373,2025-05-21 15:15:23,$BBCA Hold sampe Agustust kira² sampe 11rb gk,tahan sampe agustust sampe rb gk,Positif (+1),1.0,Negatif (-1),0.4189,BEDA ⚠️,
464,13467104,2024-01-05 10:08:20,"Jadi kemaren TP big 4
$BBRI $BBCA $BBNI $BMRI trus liburan sebulan. 
Eh ternyata hari ini tu empat serangkai naik yang bisa buat naikin waktu liburan jadi 2 bulan.

Ya trus piye? Kesel ngga? Masak engga?
Ya kesel, tapi ya wis no, di jarno... 

Pengalaman di bursa, 
Akan selalu ada kereta berikutnya. 
Tenang aja... Kalau emang niatnya udah check out liburan. Ya fokus liburan awal tahun dulu.",kemaren untung big trus liburan sebulan eh tu serangkai naikin liburan ya trus piye kesel ngga masak engga ya kesel ya wis no jarno pengalaman bursa kereta tenang aja emang niatnya check out liburan ya fokus liburan,Positif (+1),27.0,Negatif (-1),0.4629,BEDA ⚠️,
465,27409046,2026-01-28 09:08:14,"booooom
🤣😅

jangan sampai mabok belanja ya..
atau panik sell ya...😅

tetap disiplin saja...

$IHSG
$BBRI
$BBCA",bom jangan mabok belanja ya panik sell ya disiplin,Positif (+1),8.5,Negatif (-1),0.3954,BEDA ⚠️,
466,19431339,2025-07-20 15:23:41,"$BBCA 

the nex bagger",the nex bagger,Positif (+1),4.5,Negatif (-1),0.4971,BEDA ⚠️,
467,19566588,2025-07-25 05:31:44,"*News Brief: Catatan Emiten [2]* 
25 Juli 2025
by Primbon Saham

$BBCA
Ada Transaksi Crossing Jumbo di Saham Bank BCA (BBCA) Rp1,28 Triliun
https://market.bisnis.com/read/20250724/7/1896209/ada-transaksi-crossing-jumbo-di-saham-bank-bca-bbca-rp128-triliun

PANS
Panin Sekuritas (PANS) Suntik Modal Anak Usaha Rp49,50 Miliar
https://market.bisnis.com/read/20250724/192/1896181/panin-sekuritas-pans-suntik-modal-anak-usaha-rp4950-miliar

NICL
PAM Mineral (NICL) Bagikan Dividen Interim Rp 159 Miliar
https://investor.id/market/404258/pam-mineral-nicl-bagikan-dividen-interim-rp-159-miliar

$BRMS
Emiten Nemu Harta Karun US$ 19 Miliar, Saham Diramal Melejit 58%
https://investor.id/market/404229/emiten-nemu-harta-karun-us-19-miliar-saham-diramal-melejit-58

ERAA
Erajaya (ERAA) Benahi Portofolio Bisnis
https://investor.id/market/404217/erajaya-eraa-benahi-portofolio-bisnis

JSMR
Jasa Marga (JSMR) Jadi Pengendali Tunggal Tol Solo-Yogyakarta-NYIA Kulonprogo
https://investor.id/market/404206/jasa-marga-jsmr-jadi-pengendali-tunggal-tol-soloyogyakartanyia-kulonprogo

SSMS
Alat Berat SSMS Usang, Ketersediaan Kas Anjlok
https://www.bloombergtechnoz.com/detail-news/78280/alat-berat-ssms-usang-ketersediaan-kas-anjlok

$BKSL
Isu Kerja Sama BKSL-Danantara Bangun Kota Kesehatan Terintegrasi
https://www.bloombergtechnoz.com/detail-news/78267/isu-kerja-sama-bksl-danantara-bangun-kota-kesehatan-terintegrasi",news brief catatan emiten juli by primbon saham transaksi crossing jumbo saham bank bca bbca rp triliun pans panin sekuritas pans suntik modal anak usaha rp miliar nicl pam mineral nicl bagikan dividen untung interim rp miliar emiten nemu harta karun us miliar saham diramal melejit eraa erajaya eraa benahi portofolio bisnis jsmr jasa marga jsmr pengendali tunggal tol solo yogyakarta nyia kulonprogo ssms alat berat ssms usang ketersediaan kas turun isu kerja bksl danantara bangun kota kesehatan terintegrasi,Positif (+1),12.0,Negatif (-1),0.4729,BEDA ⚠️,
468,29820098,2026-03-30 13:36:01,"Makin Anjlok Saham, Makin Banyak Saham Dividend Yield Gede Bertaburan

Kalau Skrining Saham pakai Stockbit cek saham dengan dividend yield di atas 5% dan laba di atas 1 Triliun setahun, makin banyak itu saham dividend yield gede yang bertebaran. BBCA aja udah Dividend Yield 5%, BBRI 10%, BMRI 9%🗿 

Pertanyaannya sekarang ada duit ndak untuk beli?
Kalau ada duit, dan mau beli, pertanyaan selanjutnya adalah apa siap nyangkut?

Kalau siap nyangkut, dan ikhlas nyangkut, gas beli. Kalau ndak siap, move on.

Perang Epstein Trump Israel memang ndak tahu kapan selesai. Dan kita juga ndak tahu apa dampak jangka panjang dari perang ini. Beberapa fasilitas migas dan produksi aluminium di Arab sudah kena serang. Banyak yang rusak. Mustahil bisa diperbaiki dalam waktu dekat. Supply chain udah pasti terganggu. 

Tinggal lihat aja perusahaan mana yang bisa bertahan dari perang ini. Perusahaan yang kas nya banyak utang mini mungkin selamat. Kalau harga oil naik ke 100 Dollar - 200 dollar, apakah ada duit buat beli oil? 

Pemerintah sudah sarankan semua ASN dan karyawan swasta ke kantor pakai sepeda atau jalan kaki.

Jadi kita ndak tahu sampai kapan kita akan nyangkut. Rasanya ini sama seperti waktu Covid-19. Kita juga tidak tahu sampai kapan pandemi akan berlangsung, tapi waktu itu bisnis ikutan slow down karena lockdown. Kalau perang kali ini, tidak ada lockdown, bisnis seperti biasa. Bedanya lagi adalah waktu itu ndak ada MBG, sekarang ada MBG. 😌

Ketakutan di mana - mana. Duit ada tapi banyak yang takut beli saham. 😌

Ini bukan rekomendasi jual dan beli saham. Keputusan ada di tangan masing-masing investor. 

Untuk diskusi lebih lanjut bisa lewat External Community Pintar Nyangkut di Telegram dengan mendaftarkan diri ke External Community menggunakan kode: A38138
Link Panduan https://stockbit.com/post/13223345

Kunjungi Insight Pintar Nyangkut di sini https://cutt.ly/ne0pqmLm

Disclaimer: http://bit.ly/3RznNpU
$BBRI $BBCA $BMRI",turun saham saham dividend yield gede bertaburan skrining saham pakai stockbit cek saham dividend yield laba triliun setahun saham dividend yield gede bertebaran bbca aja dividend yield bbri bmri pertanyaannya duit ndak beli duit beli rugi rugi ikhlas rugi gas beli ndak move on perang epstein trump israel ndak selesai ndak dampak jangka perang fasilitas migas produksi aluminium arab kena serang rusak mustahil diperbaiki supply chain terganggu tinggal lihat aja perusahaan bertahan perang perusahaan kas nya utang mini selamat harga oil dollar dollar duit beli oil pemerintah sarankan asn karyawan swasta kantor pakai sepeda jalan kaki ndak rugi covid tidak pandemi bisnis ikutan slow down lockdown perang kali tidak lockdown bisnis bedanya ndak mbg mbg ketakutan duit takut beli saham bukan rekomendasi jual beli saham keputusan tangan investor diskusi external community pintar rugi telegram mendaftarkan external community kode link panduan kunjungi insight pintar rugi disclaimer,Negatif (-1),-25.5,Negatif (-1),0.4553,SAMA ✅,
469,18367602,2025-04-30 12:28:44,$BBCA yokkk yokkk  🚀,yok yok untung,Positif (+1),4.0,Negatif (-1),0.4121,BEDA ⚠️,
470,17527591,2025-02-17 09:21:32,$BBRI $BBCA awas ketinggalan terbang. Mau meninggalkan titik support,awas ketinggalan meninggalkan titik support,Negatif (-1),-2.0,Negatif (-1),0.441,SAMA ✅,
471,9263773,2022-08-04 10:50:23,$BBCA tembus 8000 dikit lg,tembus dikit lg,Negatif (-1),-1.0,Negatif (-1),0.4803,SAMA ✅,
472,30871199,2026-04-25 06:25:10,"Merasa sudah tidak ada harapan untuk bangkit ini bursa $IHSG  semua indikator negatif, yang punya pandangan positif kedepannya untuk IHSG bisa sharelah utk menambah motivasi Apestornya
$ITMG $BBCA",tidak harapan bangkit bursa indikator negatif pandangan positif kedepannya ihsg sharelah menambah motivasi apestornya,Positif (+1),8.0,Negatif (-1),0.4687,BEDA ⚠️,
473,31633330,2026-05-12 14:09:14,"”🔥 Terbongkar! Ini 34 Saham Andalan BPJS Ketenagakerjaan, Ada Saham Peganganmu?”
by mancingsaham Academy

Halo Sobat Cuan! Siapa di sini yang tiap bulan gajinya dipotong untuk iuran BPJS Ketenagakerjaan (BPJamsostek)? Pernah penasaran ke mana perginya uang triliunan rupiah milik para pekerja Indonesia itu?

Nah, rahasia itu baru saja dibongkar oleh Kustodian Sentral Efek Indonesia (KSEI)! KSEI baru saja merilis data investor ""Paus"" (institusi raksasa) yang menggenggam porsi saham di atas 1% di bursa kita. Ternyata, DJS Ketenagakerjaan (JHT & Pensiun) memarkirkan dana jumbonya di 34 emiten pilihan!

Apa saja saham-saham pilihan sang ""Paus"" ini? Dan bagaimana kita sebagai ritel bisa menyontek strategi investasi mereka? Yuk, kita bedah tuntas datanya!

1️⃣ Fakta Kunci: Kekuatan 'Uang Tak Terbatas' BPJS
Sebelum melihat sahamnya, kita harus sadar seberapa besar kekuatan cashflow institusi ini:
· Mesin Uang Raksasa: Sepanjang 2025, BPJamsostek menerima iuran hingga Rp 113,5 Triliun (tumbuh 8% YoY).
· Beban Klaim Terkontrol: Pembayaran klaim di 2025 ""hanya"" Rp 68,24 Triliun. Artinya, ada selisih puluhan triliun uang nganggur yang harus diinvestasikan!
· Proyeksi 2026 Makin Gendut: Tahun ini, penerimaan iuran diproyeksi naik jadi Rp 118 Triliun. Uang baru yang terus mengalir inilah yang memosisikan BPJS sebagai salah satu penggerak pasar (Market Maker) institusional terbesar di IHSG.

2️⃣ Bedah Portofolio: 34 Saham 'Anak Emas' BPJS
Dari laporan KSEI (kepemilikan >1%), BPJS ternyata sangat menyukai saham-saham lapis satu (Blue Chips), BUMN, dan penguasa market share. Agar mudah dibaca, Kami sudah kelompokkan 34 saham tersebut berdasarkan sektornya:
🏦 Perbankan (Urat Nadi Ekonomi): BBNI, BBRI, BBTN, BMRI
⛏️ Tambang, Energi & Komoditas: HRUM, INCO, ITMG, MDKA, MEDC, PGAS, PTBA, TINS, UNTR
🛍️ Consumer Goods, Farmasi & Ritel: CPIN, ERAA, ICBP, INDF, KLBF, MAPI, UNVR
🏗️ Infrastruktur, Semen & Konstruksi: INTP, JSMR, PTPP, SMGR, WSKT, WTON
🏘️ Properti & Real Estate: BSDE, CTRA, SMRA
🌴 Agrikultur (Sawit): AALI, LSIP
📱 Telekomunikasi & Tower: TLKM, TOWR
🚗 Konglomerasi Astra: ASII

3️⃣ Makna 'Jejak Paus' Bagi Investor Ritel
Kenapa kita harus peduli dengan isi keranjang belanja BPJS?

Dampak Psikologis & Fundamental:
Ketika institusi dengan dana ratusan triliun membeli saham, mereka tidak asal pencet Buy. Ada tim analis raksasa yang melakukan Due Diligence ketat terhadap fundamental perusahaan, arus kas, hingga prospek pembagian dividennya. Saham yang masuk radar BPJS biasanya punya Likuiditas Tinggi dan Fundamental Kokoh. Jika terjadi Crash atau Panic Selling di IHSG, saham-saham di daftar ini biasanya akan lebih cepat pulih karena diam-diam ""ditadah"" oleh institusi.

4️⃣ Timeline & Strategi 'Perang' (Wajib Catat!)
Apakah artinya kita boleh tutup mata dan asal beli 34 saham di atas? Tunggu dulu! Terapkan strategi ini:

🗓️ Skenario Follow the Whale (Nabung Saham Dividen)
BPJS butuh Cashflow untuk membayar klaim pensiun para pekerja. Karena itu, mereka sangat menyukai perusahaan yang rajin membagikan dividen besar. Kamu bisa meniru strategi ini dengan mencicil (Buy on Weakness) saham-saham Blue Chip perbankan (BMRI, BBRI, BBNI) atau raksasa tambang/komoditas (PTBA, ITMG, UNTR, ASII) untuk investasi jangka panjang layaknya dana pensiun pribadimu.

🗓️ Skenario Seleksi Ketat (Awas Value Trap!)
Jangan telan mentah-mentah! Ingat, BPJS masuk dengan modal raksasa dan rentang waktu ( Time Horizon) puluhan tahun. Mereka kuat menahan Floating Loss. Di daftar tersebut, ada saham-saham konstruksi karya (seperti WSKT dan PTPP) yang saat ini sedang menghadapi restrukturisasi utang berat. Sebagai ritel dengan modal terbatas, hindari saham yang fundamentalnya sedang berdarah-darah, meskipun BPJS ada di dalamnya.

🗓️ Skenario Rotasi Sektor (Pantau Emiten Konsumsi)
Dengan konsumsi masyarakat yang terjaga, saham-saham ritel dan consumer goods pilihan BPJS (ICBP, KLBF, MAPI, ERAA) sangat menarik dipantau untuk Swing Trading jangka menengah, terutama menjelang rilis laporan keuangan kuartalan.

Kesimpulan
Melihat portofolio BPJS Ketenagakerjaan ibarat mendapat ""contekan"" langsung dari investor paling berkuasa di IHSG. Dominasi saham BUMN dan raksasa dividen membuktikan bahwa investasi terbaik adalah pada bisnis yang mesin pencetak uangnya sudah teruji oleh waktu.

Sudah siap mengecek portofoliomu, apakah saham andalanmu sejajar dengan pilihan sang Paus hari ini?

📌 Gabung di mancingsaham community untuk analisis market, stockpick pilihan, update berita saham, dan diskusi eksklusif dengan investor & trader lainnya. 
📩 Bergabung sekarang! Klik lynk.id/owennath atau chat 081251880459 (WhatsApp)

$BBRI $BBCA $BMRI",untung terbongkar saham andalan bpjs ketenagakerjaan saham peganganmu by mancingsaham academy halo sobat untung gajinya dipotong iuran bpjs ketenagakerjaan bpjamsostek penasaran perginya uang triliunan rupiah milik pekerja indonesia rahasia dibongkar kustodian sentral efek indonesia ksei ksei merilis data investor paus institusi raksasa menggenggam porsi saham bursa djs ketenagakerjaan jht pensiun memarkirkan dana jumbonya emiten pilihan saham saham pilihan sang paus ritel menyontek strategi investasi yuk bedah tuntas datanya fakta kunci kekuatan uang terbatas bpjs sahamnya sadar kekuatan cashflow institusi mesin uang raksasa bpjamsostek menerima iuran rp triliun tumbuh yoy beban klaim terkontrol pembayaran klaim rp triliun selisih puluhan triliun uang nganggur diinvestasikan proyeksi gendut penerimaan iuran diproyeksi rp triliun uang mengalir memosisikan bpjs salah penggerak pasar market maker institusional terbesar ihsg bedah portofolio saham anak emas bpjs laporan ksei kepemilikan bpjs menyukai saham saham lapis blue chips bumn penguasa market share mudah dibaca kelompokkan saham berdasarkan sektornya perbankan urat nadi ekonomi bbni bbri bbtn bmri tambang energi komoditas hrum inco itmg mdka medc pgas ptba tins untr consumer goods farmasi ritel cpin eraa icbp indf klbf mapi unvr infrastruktur semen konstruksi intp jsmr ptpp smgr wskt wton properti real estate bsde ctra smra agrikultur sawit aali lsip telekomunikasi tower tlkm towr konglomerasi astra asii makna jejak paus investor ritel peduli isi keranjang belanja bpjs dampak psikologis fundamental institusi dana ratusan triliun membeli saham tidak pencet buy tim analis raksasa due diligence ketat fundamental perusahaan arus kas prospek pembagian dividennya saham masuk radar bpjs likuiditas fundamental kokoh crash panic selling ihsg saham saham daftar cepat pulih diam diam ditadah institusi timeline strategi perang wajib catat tutup mata beli saham tunggu terapkan strategi skenario follow the whale nabung saham dividen untung bpjs butuh cashflow membayar klaim pensiun pekerja menyukai perusahaan rajin membagikan dividen untung meniru strategi mencicil buy on weakness saham saham blue chip perbankan bmri bbri bbni raksasa tambang komoditas ptba itmg untr asii investasi jangka layaknya dana pensiun pribadimu skenario seleksi ketat awas value trap jangan telan mentah mentah bpjs masuk modal raksasa rentang time horizon puluhan kuat menahan floating rugi daftar saham saham konstruksi karya wskt ptpp menghadapi restrukturisasi utang berat ritel modal terbatas hindari saham fundamentalnya turun darah bpjs dalamnya skenario rotasi sektor pantau emiten konsumsi konsumsi masyarakat terjaga saham saham ritel consumer goods pilihan bpjs icbp klbf mapi eraa menarik dipantau swing trading jangka menengah menjelang rilis laporan keuangan kuartalan kesimpulan portofolio bpjs ketenagakerjaan contekan langsung investor berkuasa ihsg dominasi saham bumn raksasa dividen untung membuktikan investasi terbaik bisnis mesin pencetak uangnya teruji mengecek portofoliomu saham andalanmu sejajar pilihan sang paus gabung mancingsaham community analisis market stockpick pilihan update berita saham diskusi eksklusif investor trader bergabung klik lynk id owennath chat whatsapp,Positif (+1),116.5,Negatif (-1),0.4211,BEDA ⚠️,
474,31070478,2026-04-30 09:15:24,$BBCA hold apa diemin aja?,tahan diemin aja,Positif (+1),2.0,Negatif (-1),0.4628,BEDA ⚠️,
475,33638502,2026-07-13 09:08:30,$BBCA KOPERASI KOPERASI KOPERASIIIII,koperasi koperasi koperasi,Netral (0),0.0,Negatif (-1),0.4713,BEDA ⚠️,
476,20890459,2025-09-13 15:15:08,"IDXChannel - Investor asing mencatat aksi jual bersih (net sell) jumbo pada pekan ini. Kendati demikian, Indeks Harga Saham Gabungan (IHSG) yang terkoreksi 0,17 persen, mencerminkan kuatnya investor domestik melakukan aksi beli.
Investor asing melakukan net sell Rp6,6 triliun di Bursa Efek Indonesia...",idxchannel investor asing mencatat aksi jual bersih net sell jumbo pekan kendati indeks harga saham gabungan ihsg terkoreksi persen mencerminkan kuatnya investor domestik aksi beli investor asing net sell rp triliun bursa efek indonesia,Positif (+1),5.0,Negatif (-1),0.5353,BEDA ⚠️,
477,16913861,2025-01-04 22:43:47,"Muncul di beranda youtube malam ini ,Thanks to indonesia people u are great ,hehehhe 

FYI 
https://www.youtube.com/watch?v=ZnouiDTzre4

RT : $BBRI $BBCA $ASII",muncul beranda youtube malam thanks to indonesia people are great hehehhe fyi rt,Positif (+1),7.0,Negatif (-1),0.473,BEDA ⚠️,
478,20607169,2025-09-03 11:46:09,$BBCA Iris tipis2 gak kerasa makin miris 🤣,iris tipis tidak kerasa miris,Netral (0),0.0,Negatif (-1),0.3947,BEDA ⚠️,
479,17007345,2025-01-10 14:28:28,$BBCA harus nya naik lagi,nya,Netral (0),0.0,Negatif (-1),0.4695,BEDA ⚠️,
480,28422273,2026-02-13 11:16:59,$BBCA mulessss ya bang 🤣🤣🤣,mules ya bang,Netral (0),0.0,Negatif (-1),0.388,BEDA ⚠️,
481,16600426,2024-12-05 13:19:37,"siang"" gini hayuk kita kulik lagi technical analysis dari saham"" bigbanks kita yang terlihat memang hari ini kembali terkoreksi.

$BBRI hari ini terlihat terkoreksi cukup signifikan hingga saat ini BBRI ini sudah berada diangka 4260, BBRI ini punya minor support terdekat dikisaran angka 4240-4250, jadi teman"" bisa perhatikan area support ini, selama kedepannya BBRI ini mampu untuk bisa terus bertahan diatas minor support ini, BBRI ini ada potensi besar kedepannya akan bisa kembali rebound dan kembali naik menuju kisaran area resistancenya yang ada diangka 4340-4400, Namun Jika BBRI ini kembali melanjutkan penurunannya dan malah breakdown kebawah minor supportnya ini, waspadai karena BBRI ini ada potensi juga bakalan bisa terus terkoreksi menuju support kuatnya yang ada diangka 3950-4100.

$BMRI terlihat hari ini juga sudah kembali terkoreksi dengan cukup signifikan hingga saat ini BMRI ini terlihat sudah berada diangka 6200, tepat dikisaran area support kuatnya yang ada diangka 6100-6200, BMRI ini selama kedepannya mampu untuk bisa terus bertahan diatas area supportnya in, BMRI ini berpotensi besar kedepannya bakalan bisa mengalami technical rebound kembali dan kembali naik menuju target terdekatnya yang ada dikisaran angka 6500-6575, namun Jika BMRI ini Kedepannya malah terus terkoreksi dan malah breakdown kebawah support kuatnya saat ini, maka waspadai karena BMRI ini akan berpotensi kedepannya bisa terkoreksi lebih dalam lagi, bahkan bisa hingga support berikutnya yang ada diangka 5675-5725, namun menurutku pribadi BMRI ini sangat"" menarik untuk bisa terus dicicil bertahap mengingat koreksinya belakangan ini sudah cukup besar dan secara fundamental BMRI ini masih sangat bagus kok.

$BBNI juga hari ini terlihat sudah terkoreksi signifikan hingga saat ini BBNI in sudah berada diangka 4820 setelah sebelumnya BBNI ini terlihat sempat naik hingga angka 4950, BBNI ini jika dilihat secara pergerakannya ada potensi besar dalam jangka pendeknya bakalan bisa terus terkoreksi menuju supportnya yang saat ini ada diangka 4710-4750, dan teman"" bisa terus pantau area support ini, intinya selama BBNI ini kedepannya mampu untuk bisa terus bertahan diatas supportnya ini, BBNI ini kedepannya akan bisa kembali mengalami technical rebound dan naik kembali menuju resistance terdekatnya yang ada diangka 4950-5025, namun Jika BBNI ini Kedepannya terus turun dan malah breakdown kebawah supportnya yang saat ini ada diangka 4710-4750, BBNI ini mesti diwaspadai karena BBNI berpotensi besar kedepannya bakalan bisa turun lebih dalam menuju support berikutnya yang ada diangka 4590-4650.

$BBCA yang anomali untuk pergerakannya hari ini seperti karakteristiknya yang sangat solid dan kuat, dikala bigbanks lainnya terlihat cenderung terkoreksi cukup signifikan hari ini, BBCA ini hingga saat ini terlihat masih kuat bertahan dan malah naik tipis hingga saat ini terlihat BBCA ini sudah berada diangka 10250, hal ini menunjukkan bahwa memang BBCA ini sangat strong secara price action dibandingkan bigbanks lainnya, dan BBCA ini menurutku pribadi possible sekali untuk kedepannya bakalan bisa terus naik menuju targetnya yang ada dikisaran angka 10400-10500, hal ini sangat possible untuk bisa dicapai oleh BBCA selama BBCA ini Kedepannya mampu untuk bisa terus bertahan diatas support kuatnya yang ada diangka 9900-10000, adapun jika teman"" mau lirik BBCA untuk entry bisa tunggu weakness pointnya saja yaitu ketika BBCA ini koreksi ke kisaran area supportnya, hal ini dilakukan untuk meminimalisir risiko teman"".

semoga bermanfaat ya, tetap tenang dan yakin saja dengan yang teman"" lakukan, jangan panik dikala market lg koreksi, hal ini sudah biasa sekali di market, ada masanya nanti bigbanks akan balik bullish reversal dan kita semua cuan rame""!",siang gini hayuk kulik technical analysis saham bigbanks terkoreksi terkoreksi signifikan bbri diangka bbri minor support terdekat dikisaran angka teman perhatikan area support kedepannya bbri bertahan diatas minor support bbri potensi kedepannya untung kisaran area resistancenya diangka bbri melanjutkan penurunannya breakdown kebawah minor supportnya waspadai bbri potensi terkoreksi support kuatnya diangka terkoreksi signifikan bmri diangka dikisaran area support kuatnya diangka bmri kedepannya bertahan diatas area supportnya in bmri berpotensi kedepannya mengalami technical untung target terdekatnya dikisaran angka bmri kedepannya terkoreksi breakdown kebawah support kuatnya waspadai bmri berpotensi kedepannya terkoreksi support diangka menurutku pribadi bmri menarik dicicil bertahap koreksinya fundamental bmri bagus terkoreksi signifikan bbni in diangka bbni angka bbni pergerakannya potensi jangka pendeknya terkoreksi supportnya diangka teman pantau area support intinya bbni kedepannya bertahan diatas supportnya bbni kedepannya mengalami technical untung resistance terdekatnya diangka bbni kedepannya turun breakdown kebawah supportnya diangka bbni mesti diwaspadai bbni berpotensi kedepannya turun support diangka anomali pergerakannya karakteristiknya solid kuat dikala bigbanks cenderung terkoreksi signifikan bbca kuat bertahan tipis bbca diangka bbca strong price action dibandingkan bigbanks bbca menurutku pribadi possible kedepannya targetnya dikisaran angka possible dicapai bbca bbca kedepannya bertahan diatas support kuatnya diangka teman lirik bbca entry tunggu weakness pointnya bbca koreksi kisaran area supportnya meminimalisir risiko teman semoga bermanfaat ya tenang teman lakukan jangan panik dikala market lg koreksi market masanya bigbanks reversal untung rame,Positif (+1),109.5,Negatif (-1),0.47,BEDA ⚠️,
482,5359619,2021-01-15 10:00:08,"ingat pesan ibu,, pakai masker warna ijo
$BBRI
$BRIS
$AGRO

$BBCA ",pesan pakai masker warna,Positif (+1),2.0,Negatif (-1),0.4646,BEDA ⚠️,
483,33565666,2026-07-09 17:26:15,"@elricbrother Kin miskin si @elricbrother buzzer GEMOY Gou blok naj ies Haram jada IQ kera, buo dohnya bukan main, mata butha katarak bentar metong dyor
$BBRI $BBCA $IHSG",kin miskin si buzzer gemoy gou blok naj ies haram jada iq kera buo dohnya bukan main mata butha katarak bentar metong dyor,Negatif (-1),-8.0,Negatif (-1),0.4567,SAMA ✅,
484,18074937,2025-03-27 21:43:45,"lumayan ☕️😘

$IHSG $BBCA $BBRI",lumayan,Positif (+1),1.0,Negatif (-1),0.4903,BEDA ⚠️,
485,17675436,2025-02-27 10:04:35,"$BBRI $BMRI $BBCA Terimakasih kepada 58% orang yang sudah menyeret ke palung mariana,,",terimakasih orang menyeret palung mariana,Positif (+1),5.0,Negatif (-1),0.5094,BEDA ⚠️,
486,30809860,2026-04-24 09:26:32,$BBCA wkw asing semua,wkw asing,Netral (0),0.0,Negatif (-1),0.5043,BEDA ⚠️,
487,7270510,2021-09-30 18:59:14,$BBCA ini baru king of DIGITAL BANK bukan abal2 kaya yang lain..:joy::joy::joy:,king of digital bank bukan abal kaya joy joy joy,Negatif (-1),-2.0,Negatif (-1),0.4804,SAMA ✅,
488,6100521,2021-03-31 10:42:00,"$BBCA bad news, kabarnya berubah dari uptrend menjadi downtrend hingga minimal 5 tahun ke depan",bad news kabarnya berubah turun minimal,Negatif (-1),-10.0,Negatif (-1),0.4702,SAMA ✅,
489,14841525,2024-05-28 09:53:37,$BEEF $BBCA saatnya nambah saham,nambah saham,Netral (0),0.0,Negatif (-1),0.4576,BEDA ⚠️,
490,31169895,2026-05-04 10:14:49,$BBCA huft,huft,Netral (0),0.0,Negatif (-1),0.4791,BEDA ⚠️,
491,27474135,2026-01-28 14:27:27,"$BBCA yak jebol 7000

menyala $IHSG 🔥🔥",yak jebol menyala untung untung,Positif (+1),10.0,Negatif (-1),0.4051,BEDA ⚠️,
492,15061131,2024-06-20 10:47:11,Closing turun gak ya $BBCA,closing turun tidak ya,Negatif (-1),-7.0,Negatif (-1),0.4498,SAMA ✅,
493,33290496,2026-07-02 11:40:48,$BBCA Udah pada berapa lama ngekost disinih? 🤣,ngekost disinih,Netral (0),0.0,Negatif (-1),0.3922,BEDA ⚠️,
494,32433845,2026-06-05 10:12:15,"$BBCA turun terus, ada sesuatu yg tidak beres di perbankan dan politik. sistemtik.",turun yg tidak beres perbankan politik sistemtik,Negatif (-1),-4.0,Negatif (-1),0.5067,SAMA ✅,
495,28455113,2026-02-13 19:49:32,$BBCA Gasss hit,gas hit,Positif (+1),2.5,Negatif (-1),0.4691,BEDA ⚠️,
496,6780399,2021-07-23 18:26:08,"Jakarta - Indeks Harga Saham Gabungan atau IHSG sedikit menguat dan berhasil menembus level 6.100an di sesi kedua hari ini. IHSG menutup sesi di level 6.101 atau 0,58 persen lebih rendah dari angka penutupan kemarin yang sebesar 6.137.  ""Di akhir sesi kedua hari ini tercatat beli bersih investor a...",jakarta indeks harga saham gabungan ihsg menguat berhasil menembus level an sesi ihsg menutup sesi level persen rendah angka penutupan kemarin sesi tercatat beli bersih investor,Negatif (-1),-1.0,Negatif (-1),0.4955,SAMA ✅,
497,31144199,2026-05-02 07:24:10,$BBCA saya prediksi kejatuhan nya akan sampa 4.350,prediksi kejatuhan nya sampa,Negatif (-1),-1.0,Negatif (-1),0.4531,SAMA ✅,
498,16754595,2024-12-17 11:01:18,$BBCA ayoo dibawah 10.000 dulu 🙌🏻,ayoo dibawah,Netral (0),0.0,Negatif (-1),0.3941,BEDA ⚠️,
499,20757145,2025-09-09 15:34:04,"$BBCA udh bottom inj, hold sampe maret 🤙🏻",bottom inj tahan sampe maret,Positif (+1),1.0,Negatif (-1),0.4084,BEDA ⚠️,
500,7035424,2021-08-26 11:05:41,"Antara $BNGA $BBCA $BBRI ,, kalau yang valuasi kecil ya BNGA... Ntahlah, nunggu 1 september saja.. :grin:",valuasi ya bnga ntahlah nunggu september grin,Positif (+1),5.0,Negatif (-1),0.441,BEDA ⚠️,
501,27537637,2026-01-29 09:56:06,tolongggggg $BBCA $ADRO $BBRI,tolong,Positif (+1),3.0,Negatif (-1),0.4844,BEDA ⚠️,
502,17997508,2025-03-21 16:25:28,"@Arjuna18 Saya rasa kalau $BBCA turun sampai 4000, om pasti beli juga",turun om beli,Negatif (-1),-1.0,Negatif (-1),0.4311,SAMA ✅,
503,33897638,2026-07-20 09:19:31,@indraravindra wkwk yok holder $BBCA pindah ke $MEDC atau $ENRG minyak naik mumpung emitenya belum naik banyak wkwk,wkwk yok holder pindah minyak mumpung emitenya belum wkwk,Positif (+1),3.0,Negatif (-1),0.4546,BEDA ⚠️,
504,30845102,2026-04-24 14:24:01,"$BBCA kata gw mah mending BBCA stock split aja ke 1 : 10 biar ritel2 banyak yg nadangin buangan foreign 

Kan enak perlot jd 60,000 ngga 600,000 lagi ...
Dijamin dengan metode seperti ini,, bantalannya akan lebih kuat lagi ...

$BMRI $BBNI",gw mah mending bbca stock split aja biar ritel yg nadangin buangan foreign enak perlot jd ngga dijamin metode bantalannya kuat,Netral (0),0.0,Negatif (-1),0.4781,BEDA ⚠️,
505,24547169,2025-12-09 12:01:02,$BBCA Devidennya kecil,devidennya,Netral (0),0.0,Negatif (-1),0.4973,BEDA ⚠️,
506,30155992,2026-04-10 13:00:14,"Jakarta, CNBC Indonesia - Indeks Harga Saham Gabungan (IHSG) melesat lebih dari 2% hari ini, Jumat (10/4/2026). Pada penutupan perdagangan sesi pertama indeks naik 2,02% ke level 7.455,46 atau menguat 148 poin.
Kenaikan ini melanjutkan rebound IHSG yang telah berlangsung dua hari terakhir dimulai...",jakarta cnbc indonesia indeks harga saham gabungan ihsg melesat jumat penutupan perdagangan sesi indeks level menguat poin kenaikan melanjutkan untung ihsg,Positif (+1),8.0,Negatif (-1),0.4924,BEDA ⚠️,
507,24499315,2025-12-08 15:27:27,"Apakah ada yang bisa kasi data kalau $BBCA sudah jadi atau belum buy-back 5 TRILIUN mengingat hanya tersisa 42 hari lagi sebagai batas akhir buy-back di 19 Januari?

kalau sudah ditanggal & harga berapa mereka buy-back (batas harga maksimal 9200 lebih dari ini tidak jadi buy-back) dan berapa banyak lot yang mereka serap? atau mungkin BCA cuma mau jadi gorengan mentah aja 

terlebih banyak saham disektor migas udah melambung tinggi tanpa program buy-back macam $PTRO $RATU RAJA",kasi data belum buy back triliun tersisa batas buy back januari ditanggal harga buy back batas harga maksimal tidak buy back lot serap bca gorengan mentah aja saham disektor migas melambung tanpa program buy back raja,Negatif (-1),-10.0,Negatif (-1),0.4908,SAMA ✅,
508,29407358,2026-03-09 10:18:46,"$BBSS gas ndar... uaja bosQ... top gainers... 
$BBCA
$HUMI",gas ndar uaja bosq top gainers,Positif (+1),7.5,Negatif (-1),0.5058,BEDA ⚠️,
509,17255670,2025-01-24 09:34:25,Ayo $BBCA jemput saya di 9500,ayo jemput,Positif (+1),4.0,Negatif (-1),0.482,BEDA ⚠️,
510,30029059,2026-04-08 07:05:36,"should be, green hari ini ~ ?

Oil turun, 
gold unikny ikut naik,
BTC ikut naik.

di klimaks in untuk then ditunda lagi by T.

$IHSG $BBCA $BUMI",should be green oil turun gold unikny btc klimaks in then ditunda by,Negatif (-1),-3.0,Negatif (-1),0.4814,SAMA ✅,
511,11205518,2023-05-02 09:02:40,"sell in may!!!! 


$IHSG $BBCA $ASII $BBRI",sell in may,Negatif (-1),-2.0,Negatif (-1),0.5147,SAMA ✅,
512,33036788,2026-06-24 10:20:33,"$BBCA $BBRI $BUMI indeks kospi turun 9% pada penutup selasa, infonya karna gajadi ke developed market. IHSG disini cukup mampu bertahan karena (Pemerintah serius & Retail optimis), hanya tinggal asenk aja wns emang tahun yg ga dikehendaki 2026 worst than covid.",indeks kospi turun penutup selasa infonya karna gajadi developed market ihsg bertahan pemerintah serius retail optimis tinggal asenk aja wns emang yg tidak dikehendaki worst than covid,Negatif (-1),-8.0,Negatif (-1),0.4732,SAMA ✅,
513,7852154,2022-01-16 21:08:17,"tinggal tunggu tech bubble di US meletus, trus dana disana pada ngalir ke EM, daaan $IHSG potensi bullish panjang.. $BBCA $LQ45 $IDXENERGY",tinggal tunggu tech bubble us meletus trus dana disana ngalir em potensi,Positif (+1),9.0,Negatif (-1),0.4892,BEDA ⚠️,
514,28538882,2026-02-18 19:09:37,"$BBCA

BCA (BBCA) Januari 2026: NIM Turun, Laba Tumbuh 5,76%


HUAT AHH !!!!@@

https://investor.id/market/428629/bca-bbca-januari-2026-nim-turun-laba-tumbuh-576?utm_source=dlvr.it&utm_medium=facebook&fbclid=Iwb21leAQCimJleHRuA2FlbQIxMQBzcnRjBmFwcF9pZAwzNTA2ODU1MzE3MjgAAR5TpSF6zQFEUoY3UvX3SqJIlZ1dgf5e-o6w4lATjCBxCCieP-s_DtGu-bGeBw_aem_wdhSculvWGWQ7CMmUjqjAA",bca bbca januari nim turun laba tumbuh huat ahh,Positif (+1),1.0,Negatif (-1),0.4478,BEDA ⚠️,
515,22502049,2025-10-21 10:33:13,"@renryr tau lah mau dibawa kemana ya $GPSO
$BBCA$CDIA",tau dibawa kemana ya,Netral (0),0.0,Negatif (-1),0.4444,BEDA ⚠️,
516,33114026,2026-06-26 08:30:22,"Well Well Well $IHSG $BBCA $TPIA

Lagi-lagi, Rupiah Mendekat ke Ambang Batas Rp 18.000
https://www.kompas.id/artikel/lagi-lagi-rupiah-kembali-ke-ambang-batas-rp-18000",well well well rupiah mendekat ambang batas rp,Negatif (-1),-3.0,Negatif (-1),0.4704,SAMA ✅,
517,33990396,2026-07-21 15:51:50,$BBCA besok bbca terbang dia uda bertahan,besok bbca uda bertahan,Positif (+1),4.0,Negatif (-1),0.462,BEDA ⚠️,
518,29711409,2026-03-25 08:58:15,"@Abiyyu28 bodoh bodoh bodoh ga Terima FAKTA, DENIAL MIRip Holder $BBRI yang sangkut di 6.000 dan holder $BBCA yang sangkut di $10.000
apa jangan jangan dirimu sangkuters $BBNI di 8.000 salam sangkuters",bodoh bodoh bodoh tidak terima fakta denial holder sangkut holder sangkut jangan jangan dirimu sangkuters salam sangkuters,Positif (+1),6.0,Negatif (-1),0.4199,BEDA ⚠️,
519,10928876,2023-03-13 12:10:51," Indeks Harga Saham Gabungan (IHSG) melemah pada sesi I perdagangan hari ini, Senin (13/3/2023). Namun, saham BBCA dan GOTO masih mampu menguat.IHSG berada di posisi 6.762,21 pada akhir sesi I, turun 0,05 persen atau 3,08 poin. Sepanjang sesi, indeks bergerak di rentang 6.727,44-6.775,39.Tercatat,...",indeks harga saham gabungan ihsg melemah sesi perdagangan senin saham bbca goto menguat ihsg posisi sesi turun persen poin sesi indeks bergerak rentang tercatat,Negatif (-1),-2.0,Negatif (-1),0.5298,SAMA ✅,
520,32928244,2026-06-19 15:29:46,tunjukan mahkotamu king $BBCA,tunjukan mahkotamu king,Netral (0),0.0,Negatif (-1),0.4814,BEDA ⚠️,
521,21980925,2025-10-09 15:25:19,"$BBRI kemarin sektor energi sudah pada ara. apakah kali ini ganti sektor perbankan yg akan ara 👀

$CUAN $BBCA",kemarin sektor energi kali ganti sektor perbankan yg,Positif (+1),6.0,Negatif (-1),0.4559,BEDA ⚠️,
522,8576496,2022-05-09 09:01:44,"Sell on may and go away!
$BMRI $BBCA $BBRI $BBNI",sell on may and go away,Negatif (-1),-2.0,Negatif (-1),0.5275,SAMA ✅,
523,20534577,2025-09-01 10:06:09,"$BBCA selagi bisa kabur.  kaburlah wahai para ritel. 

bakal makin kisruh ini",selagi kabur kaburlah ritel kisruh,Negatif (-1),-7.0,Negatif (-1),0.4281,SAMA ✅,
524,9893917,2022-10-20 08:11:59,"BNI Sekuritas merekomendasikan secara teknikal sejumlah saham yang layak untuk dikoleksi.

PT Bank Central Asia Tbk ($BBCA)
Resistance : Rp 8.375, Rp 8.500, Rp 8.625, Rp 8.750
Support: Rp 8.175, Rp 8.125, Rp 8.050, Rp 7.950
Rekomendasi: BUY if break Rp 8.300, target Rp 8.375, Rp 8.500. Stop loss di bawah Rp 8.125

PT Adaro Minerals Tbk ($ADMR)
Resistance : Rp 1.780, Rp 1.840, Rp 1.900, Rp 1.950
Support: Rp 1.700, Rp 1.670, Rp 1.635, Rp 1.570 
Rekomendasi: BUY IF BREAK Rp 1.735, target Rp 1.780, Rp 1.840. Stop loss di bawah 1.630

PT Kalbe Farma Tbk ($KLBF)
Resistance : Rp 1.955, Rp 1.990, Rp 2.030, Rp 2.080 
Support: Rp 1.900, Rp 1.860, Rp 1.815, Rp 1.760 
Rekomendasi: AKUMULASI BUY target Rp 1.990, Rp 2.010. Stop loss di bawah Rp 1.860

PT Harum Energy Tbk ($HRUM)
Resistance : Rp 1.670, Rp 1.695, Rp 1.740, Rp 1.820
Support: Rp 1.640, Rp 1.615, Rp 1.570, Rp 1.490
Rekomendasi: SPECULATIVE BUY target Rp 1.675, Rp 1.685. Stop loss di bawah Rp 1.550",bni sekuritas merekomendasikan teknikal saham layak dikoleksi pt bank central asia tbk resistance rp rp rp rp support rp rp rp rp rekomendasi buy if break rp target rp rp stop rugi rp pt adaro minerals tbk resistance rp rp rp rp support rp rp rp rp rekomendasi buy if break rp target rp rp stop rugi pt kalbe farma tbk resistance rp rp rp rp support rp rp rp rp rekomendasi akumulasi buy target rp rp stop rugi rp pt harum energy tbk resistance rp rp rp rp support rp rp rp rp rekomendasi speculative buy target rp rp stop rugi rp,Positif (+1),28.0,Negatif (-1),0.4925,BEDA ⚠️,
525,21826746,2025-10-07 10:22:15,$BBCA terima kasih ❤️‍🔥❤️‍🔥,terima kasih untung untung,Positif (+1),12.0,Negatif (-1),0.4211,BEDA ⚠️,
526,8311949,2022-03-31 14:10:48,"JAKARTA, Ditutup menguat 41 poin atau 0,59% menjadi 7.053, indeks harga saham gabungan (IHSG) dibuka menguat pada perdagangan sesi I, Kamis (31/3/2022). IHSG menguat 17,57 poin (+0,25%) di level 7.070,7. IHSG bergerak menghijau pada rentang 7.069-7.082.Tercatat sebanyak 216,33 juta saham telah dip...",jakarta ditutup menguat poin indeks harga saham gabungan ihsg dibuka menguat perdagangan sesi kamis ihsg menguat poin level ihsg bergerak menghijau rentang tercatat juta saham dip,Positif (+1),6.0,Negatif (-1),0.5023,BEDA ⚠️,
527,18384868,2025-05-02 07:58:29,"$PANI Klo melihat ini kalian gemetar, Mending cutloss aja beli $BBCA
Artinya kalian belum kuat mental beli saham konglo 😛😛😛..",gemetar mending rugi aja beli belum kuat mental beli saham konglo,Negatif (-1),-2.0,Negatif (-1),0.4523,SAMA ✅,
528,31202799,2026-05-04 18:07:44,"@EnEnni dulu suspend ketiga selama 1 bulan mas, tapi kalau sekarang gatau yaaa 👀

so far seingetku ga ada saham IPO yang kena suspend 3 sih 

$WBSA $BBCA $TINS",suspend ketiga mas gatau ya so far seingetku tidak saham ipo kena suspend sih,Negatif (-1),-6.0,Negatif (-1),0.4216,SAMA ✅,
529,27444433,2026-01-28 11:12:30,$BBCA udh kesini aja 6k,kesini aja,Positif (+1),1.0,Negatif (-1),0.4249,BEDA ⚠️,
530,32337347,2026-06-03 13:52:05,$BBCA 6.000 udah serok 5000an masih d banting jg pak purrrrrrrrrr tolonggg,beli an banting jg pur tolong,Positif (+1),1.0,Negatif (-1),0.4071,BEDA ⚠️,
531,29348199,2026-03-06 11:51:27,"$BBCA $BBRI $BBNI

*KENAPA YA PADA SEL KANKER BANYAK TERDAPAT PROTEIN2 BAKTERI PADA SITOPLASMA SEL KANKER* seperti N-formilmetionin (fMet), Selenosistein, Pirolisin, D-Amino Acids???? 

Bukankah itu protein bakteri, kok bisa terdapat juga pada protein sitoplasma sel kanker??? 

 *Dokter spesialis menjawab* : ya itu semua akibat mutasi genetik sehingga menghasilkan protein2 tersebut. 

 *Wah... Klo gitu sel kankernya berubah menjadi sel bakteri dong!!!!* 🤭🤭🤭 

 *Dokter spesialis menjawab* : bukan berubah menjadi sel bakteri, hanya mutasi saja dan hasil mutasinya menghasilkan protein2 yg sama dengan protein bakteri pada sitoplasma sel kanker. 

 *Ya begitulah... Kemampuan dokter spesialis...* 

Klo dokter umum menjawabnya ndak begitu... 

Protein2 bakteri banyak pada sitoplasma sel kanker karena memang protein tersebut masuk bersama albumin kedalam sel manusia akibat membentuk kompleks POTONGAN BAKTERI (LPS/ENDOTOKSIN/EKSOTOKSIN) + ALBUMIN MANUSIA.

Sel manusia mengendositosis albumin dan terikutlah protein2 bakteri tersebut, sehingga protein bakteri bisa terdapat dalam sitoplasma manusia. 

Gitu dong... Baru dokter namanya. 

Jadi sel kanker itu akibat infeksi dong??? Jawabannya IYA bisa akibat infeksi yg bertahun2 bila adaptasi selnya terlampaui, dan paling utama penyebab kanker adalah karena infeksi menahun. 

Itu teori fokal infeksi dokter umum yg dihilangkan oleh dokter spesialis.",ya sel kanker protein bakteri sitoplasma sel kanker formilmetionin fmet selenosistein pirolisin amino acids protein bakteri protein sitoplasma sel kanker dokter spesialis ya akibat mutasi genetik menghasilkan protein gitu sel kankernya berubah sel bakteri dokter spesialis bukan berubah sel bakteri mutasi hasil mutasinya menghasilkan protein yg protein bakteri sitoplasma sel kanker ya kemampuan dokter spesialis dokter menjawabnya ndak protein bakteri sitoplasma sel kanker protein masuk albumin kedalam sel manusia akibat membentuk kompleks potongan bakteri lps endotoksin eksotoksin albumin manusia sel manusia mengendositosis albumin terikutlah protein bakteri protein bakteri sitoplasma manusia gitu dokter namanya sel kanker akibat infeksi jawabannya iya akibat infeksi yg bertahun adaptasi selnya terlampaui utama penyebab kanker infeksi menahun teori fokal infeksi dokter yg dihilangkan dokter spesialis,Positif (+1),16.5,Negatif (-1),0.4977,BEDA ⚠️,
532,32493832,2026-06-08 09:03:02,$BBCA bjir ga ekspek beneran 4k,bjir tidak ekspek beneran,Negatif (-1),-3.0,Negatif (-1),0.4518,SAMA ✅,
533,6496492,2021-06-10 12:25:33,"NERACA
Jakarta - Kepala Ekonom Bank Central Asia (BCA), David Sumual menilai, rencana entitas gabungan Gojek dan Tokopedia, GoTo yang akan melakukan penawaran umum perdana saham atau IPO di Bursa Efek Indonesia (BEI) membuat pasar modal Indonesia kembali bergairah,”Saat ini kenaikan IHSG tidak sep...",neraca jakarta kepala ekonom bank central asia bca david sumual menilai rencana entitas gabungan gojek tokopedia goto penawaran perdana saham ipo bursa efek indonesia bei pasar modal indonesia bergairah kenaikan ihsg tidak sep,Positif (+1),7.0,Negatif (-1),0.4729,BEDA ⚠️,
534,14000748,2024-02-21 13:41:10,"@sihamhamda47 kita percayakan semua pda $BBCA . Klo liat Blu nih mkin brkembang walau apk nya belum sempurna, jd gasabar IPO 😍  😅  🤣",percayakan pda liat blu nih mkin brkembang apk nya belum sempurna jd gasabar ipo,Negatif (-1),-1.0,Negatif (-1),0.4158,SAMA ✅,
535,32692593,2026-06-11 20:07:53,"$BBCA Terlihat hari ini overall viewnya sudah sangat bagus n menarik karena selain BBCA ini masih mampu untuk bisa terus naik hingga saat ini BBCA sudah berada diangka 5825, sudah BreakOut dari Target MA-20nya yang ada dikisaran angka 5775-5800, terlihat kenaikannya hari ini juga terus disertai dengan adanya lonjakan volume transaksi yang jumbo yaitu sekitar 3.12 T dimana lebih menariknya lagi terlihat hari ini BBCA ternyata overall cenderung ada diakumulasikan yaitu oleh Pihak Foreign sekitar 387 Milyar Rupiah sehingga cukup clear viewnya saat ini masih sangat ontrack dengan skenario Bullish Reversalnya n BBCA masih berpotensi besar dalam jangka pendek kedepannya bakalan bisa lanjut naik.

BBCA ada kisaran Gap sbnrnya yg belum tertutup hingga saat ini dikisaran angka 5875-5950, ada kemungkinan sangat besar BBCA dalam jangka pendek kedepannya ini akan bisa naik menutup Gap tersebut dimana Jika BBCA kuat untuk bisa terus naik dari Target tersebut, BBCA punya Next Target kenaikan ada dikisaran angka 6100-6200an (disini juga terlihat ada MA-50nya).

$BBRI $BMRI",overall viewnya bagus menarik bbca bbca diangka untung target ma nya dikisaran angka kenaikannya disertai lonjakan volume transaksi jumbo dimana menariknya bbca overall cenderung diakumulasikan foreign milyar rupiah clear viewnya ontrack skenario reversalnya bbca berpotensi jangka pendek kedepannya bbca kisaran gap sbnrnya yg belum tertutup dikisaran angka bbca jangka pendek kedepannya menutup gap dimana bbca kuat target bbca next target kenaikan dikisaran angka an ma nya,Positif (+1),19.0,Negatif (-1),0.4684,BEDA ⚠️,
536,18299326,2025-04-24 15:43:24,"$BBCA

target akhir may 🚀",target may untung,Positif (+1),4.0,Negatif (-1),0.4377,BEDA ⚠️,
537,32327377,2026-06-03 11:52:39,"Mau dibawa kemana negara ini Bapak Presiden terhormat dan tercinta. PR pemerintah banyak banget lho sangat banyak bukan hanya sekedar jalan keluar negeri. katanya menarik investor tiap jalan keluar negeri tapi bukti nyata di lapangan dan real dari IHSG merah terus dan Rupiah makin melemah..  Jangan pernah meremehkan orang desa tidak pakai dollar, orang desa tidak main saham. saham itu judi. hello pak dari saham bisa lho utk membuka lapangan pekerjaan. Kabinet dengan segitu banyak dan gemuk belum ada gebrakan yang menonjol untuk negara ini. Pengusaha kecil menengah banyak yang bangkrut, karyawan banyak di phk anak2 banyak putus sekolah, kejahatan dimana. dari pengusaha pondasi ekonomi kita tumbuh ya. Banyaklah belajar menerima kritik dan masukan. memang pondasi ekonomi kita kuat tapi kalau kerangkanya gak kuat sama aja roboh.  saya katakan saya angkat bendera 🏳🏳🏳  semangat teman2 banyak berlindung dan berdoa sm Tuhan ya $IHSG  $BBRI $BBCA",dibawa kemana negara presiden terhormat tercinta pr pemerintah banget lho bukan sekedar jalan negeri menarik investor jalan negeri bukti nyata lapangan real ihsg turun rupiah melemah jangan meremehkan orang desa tidak pakai dollar orang desa tidak main saham saham judi hello saham lho membuka lapangan pekerjaan kabinet segitu gemuk belum gebrakan menonjol negara pengusaha menengah bangkrut karyawan phk anak putus sekolah kejahatan dimana pengusaha pondasi ekonomi tumbuh ya banyaklah belajar menerima kritik masukan pondasi ekonomi kuat kerangkanya tidak kuat aja roboh angkat bendera semangat teman berlindung berdoa sm tuhan ya,Positif (+1),20.0,Negatif (-1),0.4979,BEDA ⚠️,
538,29889594,2026-04-01 11:37:57,"@gayuh55 Masih aman. Kalau ga puas pindah aja gpp. Semua bank milik Alloh🙏

$BBNI $BBRI $BBCA",aman tidak puas pindah aja gpp bank milik alloh,Negatif (-1),-2.0,Negatif (-1),0.4356,SAMA ✅,
539,6286530,2021-04-30 16:21:27,"Buy $BBCA @ 32025
Disclaimer on
Kerugian / keuntungan menjadi tanggung jawab masing2",buy disclaimer on kerugian keuntungan tanggung,Negatif (-1),-1.0,Negatif (-1),0.4614,SAMA ✅,
540,14154381,2024-03-06 22:45:27,"apa yang akan terjadi?
banyak investor pemula kapok bermain saham dan terjebak disaham gorengan
dan membuat citra saham jadi buruk
$BBRI $BBCA$ALII$CGAS",investor pemula kapok bermain saham terjebak disaham gorengan citra saham buruk,Negatif (-1),-6.0,Negatif (-1),0.4895,SAMA ✅,
541,7874472,2022-01-20 13:15:28,Jakarta -  PT Bank Central Asia Tbk. atau BCA yang berdiri sejak 1957 membuka lowongan pekerjaan untuk posisi Relationship Officer. Situs resmi Bank BCA mengumumkan bahwa lowongan pekerjaan ini dibuka untuk pria dan wanita dengan pendidikan minimal S1 dari semua jurusan.Adapun kualifikasi yang dibu...,jakarta pt bank central asia tbk bca berdiri membuka lowongan pekerjaan posisi relationship officer situs resmi bank bca mengumumkan lowongan pekerjaan dibuka pria wanita pendidikan minimal jurusan kualifikasi dibu,Positif (+1),10.0,Negatif (-1),0.4861,BEDA ⚠️,
542,33068477,2026-06-24 17:43:22,@Ymla belajar ngetik dulu dek $BBCA $BMRI $BUVA,belajar ngetik dek,Positif (+1),3.0,Negatif (-1),0.4214,BEDA ⚠️,
543,23883010,2025-11-25 09:23:34,$BBCA mayan lah dapat deviden,mayan deviden,Netral (0),0.0,Negatif (-1),0.4539,BEDA ⚠️,
544,23982460,2025-11-26 17:13:14,"Ane mau klarifikasi. alasan kenapa ane ga pernah all in lagi.

Banyak yg bilang high risk high return.

Emang bener? Ini nih yg bikin rungkad. Karena mikirnya selalu high risk high return.

Kalian baca di IG @theturtleinvesting 
Nanti malam jam 20.00 ane live IG. Kita ngobrol2 dan diskusi disana.

Letsgo!


$BBCA $ADRO $BUMI",ane klarifikasi alasan ane tidak all in yg bilang high risk high return emang bener nih yg bikin rungkad mikirnya high risk high return baca ig malam jam ane live ig ngobrol diskusi disana letsgo,Positif (+1),9.0,Negatif (-1),0.4685,BEDA ⚠️,
545,33668047,2026-07-13 15:01:28,"$RANS dikarungin cipung dan rafathar 

$BBCA $BRPT",dikarungin cipung rafathar,Netral (0),0.0,Negatif (-1),0.4546,BEDA ⚠️,
546,11207601,2023-05-02 10:41:53,"$BBCA akan turun ke 8500 siap"" serok",turun beli,Negatif (-1),-1.0,Negatif (-1),0.4269,SAMA ✅,
547,32781260,2026-06-15 12:00:05,$BBCA omakk gasia-sia avg dari 7k ke 6k,omakk gasia sia avg,Negatif (-1),-5.0,Negatif (-1),0.4687,SAMA ✅,
548,19208720,2025-07-10 09:34:36,$BBCA $BBRI $BMRI apakah asing udah mulai masuk?,asing masuk,Positif (+1),1.5,Negatif (-1),0.4615,BEDA ⚠️,
549,20738275,2025-09-09 10:20:29,$IHSG $BBCA Semua saham akan dihujat sama sangkuters Dan CLers wkwkwk.,saham dihujat sangkuters clers wkwkwk,Positif (+1),3.0,Negatif (-1),0.4516,BEDA ⚠️,
550,9918320,2022-10-24 10:27:31,"$BBCA ditungguin turun dikiiiiiit aja malah makin naik, gak tanggung2 naiknya kaya kesetanan, ak kudu piye mau serok gak bisa2 😭",ditungguin turun dikit aja tidak tanggung naiknya kaya kesetanan ak kudu piye beli tidak rugi turun,Positif (+1),1.0,Negatif (-1),0.3966,BEDA ⚠️,
551,19563604,2025-07-24 19:34:35,$BBCA saatnya all in der haha,all in der haha,Netral (0),0.0,Negatif (-1),0.4677,BEDA ⚠️,
552,6155673,2021-04-08 20:53:43,"$BBCA Besok Semua Bahagia,Berita Besar Keluar :blush::airplane:",besok bahagia berita blush airplane,Netral (0),0.0,Negatif (-1),0.4822,BEDA ⚠️,
553,23198173,2025-11-07 07:42:31,"$BBCA Funnily enough, there is a negative correlation between the number of individual shareholders (ritel) vs. harga saham..

Bisa dilihat di menu Profil emiten @Stockbit, apestor BBCA jumlahnya naik selama 4 bulan (Juni-September), harga saham BBCA malah turun, and last month ketika jumlah apestor BBCA turun -26rb, harga sahamnya rebound..

Furthermore, ada divergence dengan persentase Reksadana asing, yg malah komposisinya naik..

Lucu memang kelakuan ritel.. 🗿
Tapi ya mau gimana lagi, sudah naturenya seperti itu.. Beli pas harga udah naik tinggi, berharap tambah naik lagi, jual pas harga turun eh malah rebound.. 🐸

$BBRI $DADA",funnily enough there is negative correlation between the number of individual shareholders ritel vs harga saham menu profil emiten apestor bbca juni september harga saham bbca turun and last month apestor bbca turun rb harga sahamnya untung furthermore divergence persentase reksadana asing yg komposisinya lucu kelakuan ritel ya gimana naturenya beli pas harga berharap jual pas harga turun eh untung,Positif (+1),23.0,Negatif (-1),0.5276,BEDA ⚠️,
554,17721256,2025-03-02 18:59:03,$BMRI $BBRI $BBCA  Balik ke zaman Covid  Oke Gas ?,zaman covid oke gas,Positif (+1),4.5,Negatif (-1),0.4873,BEDA ⚠️,
555,32359428,2026-06-03 22:15:54,"$BBCA ternyata hari ini masih lanjut terkoreksi cukup signifikan n membentuk lower low kembali yaitu hingga saat ini BBCA sudah berada diangka 5525 dimana kurang menariknya terlihat BBCA hari ini juga ternyata cukup besar ada didistribusikan yaitu oleh Pihak Foreign yaitu sekitar 686 Milyar Rupiah efek Rupiah yang memang hingga detik ini masih terus melemah, bahkan sudah tembus angka 18.000 sehingga membuat view dari saham"" perbankan n overall market kita jadi tidak bagus n tidak kondusif saat ini, adapun memang secara trend n momentum pergerakannya juga BBCA per saat ini terlihat masih terus berada didalam posisi yang Bearish.

BBCA ini ada potensi cukup besar dalam jangka pendek kedepannya masih akan lanjut turun yaitu menuju kisaran Strong Supportnya yang ada diangka 5400-5500, adapun Jika kedepannya BBCA ini masih turun n breakdown kembali dari area Strong Support ini, BBCA punya Next Support ada diangka 5000an-5200.

$BMRI $BBNI",terkoreksi signifikan membentuk lower low bbca diangka dimana kurang menariknya bbca didistribusikan foreign milyar rupiah efek rupiah detik melemah tembus angka view saham perbankan overall market tidak bagus tidak kondusif trend momentum pergerakannya bbca didalam posisi turun bbca potensi jangka pendek kedepannya turun kisaran strong supportnya diangka kedepannya bbca turun breakdown area strong support bbca next support diangka an,Positif (+1),7.0,Negatif (-1),0.4481,BEDA ⚠️,
556,5984504,2021-03-16 19:07:03,"bahahaha, tu tukang pompomers kere, ga berani maen saham 1.000 keatas apalgi kelas gede macam $BBCA, $UNTR, $ITMG, bisa2 di mangsa ama bandar paus di emiten itu",bahahaha tu tukang pompomers kere tidak berani maen saham keatas apalgi kelas gede mangsa ama bandar paus emiten,Negatif (-1),-6.0,Negatif (-1),0.4859,SAMA ✅,
557,19043713,2025-06-28 13:31:46,Ketika $BBCA dibandingkan dengan $NISP,dibandingkan,Netral (0),0.0,Negatif (-1),0.4758,BEDA ⚠️,
558,32430918,2026-06-05 09:54:49,"$BBRI $BMRI $BBCA

Bener bener gila ya melebihi Covid",bener bener gila ya melebihi covid,Positif (+1),13.0,Negatif (-1),0.4373,BEDA ⚠️,
559,6190027,2021-04-14 13:44:33,"Yang sempet CL $BBRI sama $BBCA kemarin2, pada nyesel gak??

Gw remind sekali lg....
Kl perusahaan sebesar BCA atau BRI, jgn pernah CL.....
Yg ada, setiap turun, usahakan avg down......

Semangat para investor semua......

Tanam di mindset; gak ada kata gagal.... yang ada sukses atau belajar.....

:v:

$IHSG",sempet rugi kemarin nyesel tidak gw remind lg perusahaan bca bri jgn rugi yg turun usahakan avg down semangat investor tanam mindset tidak jelek rugi sukses belajar,Negatif (-1),-2.0,Negatif (-1),0.4804,SAMA ✅,
560,6115740,2021-04-02 04:14:26,buktinya $DCII $BBCA $GGRM ADA juga yang beli OM. Tetap santai aja. PASAR MODAL TEMPATNYA UANG.,buktinya beli om santai aja pasar modal tempatnya uang,Positif (+1),7.0,Negatif (-1),0.4546,BEDA ⚠️,
561,14755017,2024-05-17 10:14:47,$BBCA Aweu aweu,aweu aweu,Netral (0),0.0,Negatif (-1),0.4757,BEDA ⚠️,
562,18101454,2025-04-07 16:51:42,$IHSG sudah diramal oleh tradingview -11%.. wkwk #serok $BBCA $BBRI,diramal tradingview wkwk beli,Positif (+1),2.0,Negatif (-1),0.4694,BEDA ⚠️,
563,16739612,2024-12-16 11:11:07,"buset gede juga intrimenya, di atas ekspektasi🤑🤑🤑
$BBRI $BBCA $BMRI",buset gede intrimenya ekspektasi untung untung untung,Positif (+1),14.0,Negatif (-1),0.4308,BEDA ⚠️,
564,11804259,2023-07-22 17:32:12,"@skydrugz27 silakan saja dinilai seperti itu, saya hanya share pemahaman yang semestinya soal CKPN dan Coverage ya. Gak mau ajak-ajak beli saham.

NPL gross dan net BBTN naik jelas bukan hal bagus.

CKPN ini soal estimasi, bisa ditambah bisa dipangkas, $BBTN kedepannya mau tambah estimasi CKPN ya bisa juga, atau bisa juga NPL riil nya turun jadi CKPN ditahan ya bisa juga, $BBCA $BMRI bisa pangkas dan bisa tambah CKPN juga, dinamis saja sesuai pembaruan estimasi yang dilakukan masing-masing perusahaan.",silakan dinilai share pemahaman semestinya ckpn coverage ya tidak ajak ajak beli saham npl gross net bbtn bukan bagus ckpn estimasi ditambah dipangkas kedepannya estimasi ckpn ya npl riil nya turun ckpn ditahan ya pangkas ckpn dinamis sesuai pembaruan estimasi perusahaan,Positif (+1),18.0,Negatif (-1),0.5043,BEDA ⚠️,
565,30964236,2026-04-28 11:34:27,$BBCA bau bau nya ke 4500 dan 4000 bottom ny. harga covid19 covid cuma penyakit  . kegilaan kerakusan manusia lebih parah dr penyakit apapun,bau bau nya bottom ny harga covid covid penyakit kegilaan kerakusan manusia jelek penyakit apapun,Negatif (-1),-13.0,Negatif (-1),0.4949,SAMA ✅,
566,30824502,2026-04-24 10:36:52,"$BBCA kalem aja bosku, ambil hikmahnya aja. Kebut kerja nyata aja kejar avg 💪🏿💪🏿💪🏿💪🏿💪🏿",kalem aja bosku ambil hikmahnya aja kebut kerja nyata aja kejar avg,Positif (+1),5.0,Negatif (-1),0.3947,BEDA ⚠️,
567,29510889,2026-03-11 13:50:43,"otw sini $BBCA

Tag random $BBRI $BMRI",otw tag random,Negatif (-1),-4.0,Negatif (-1),0.4868,SAMA ✅,
568,32599144,2026-06-10 06:42:04,"Budget BGN mulai dikurangi, pertamax naik, insentif nobil listrik mulai menghilang beritanya. Tanda2 keuangan negara mulai sempit .. 

$IHSG $USDIDR $BBCA",budget bgn dikurangi pertamax insentif nobil listrik menghilang beritanya tanda keuangan negara sempit,Negatif (-1),-6.0,Negatif (-1),0.5126,SAMA ✅,
569,32783033,2026-06-15 12:30:00,"$BBCA tolong saran TP di harga berapa? Avg gw di 6,7k",tolong saran untung harga avg gw,Positif (+1),9.0,Negatif (-1),0.4461,BEDA ⚠️,
570,24060128,2025-11-28 09:21:54,"$BMRI Cakep candlenya nya ini tinggal gaskeun aja mang BK dan mang YU🤣





$BBRI $BBCA",cakep candlenya nya tinggal gaskeun aja mang bk mang yu,Positif (+1),7.0,Negatif (-1),0.4324,BEDA ⚠️,
571,33226936,2026-06-30 16:14:36,"$BBCA Alhamdulillah, mantab. 
semakin junam semakin menarik, 
ditunggu di 4000",alhamdulillah mantab junam menarik ditunggu,Positif (+1),11.0,Negatif (-1),0.3882,BEDA ⚠️,
572,19497048,2025-07-22 17:24:51,"*RESUME PERDAGANGAN SAHAM HARIAN*
Hasil analisis data perkembangan harga saham pada 22 Jul 2025
Jumlah emiten saat ini ada sebanyak 956 emiten. Diantara emiten tersebut ada sebanyak 644 (67,36%) emiten yang memiliki earning per shared (eps) positif.

🔀Transaksi Non Reguler
Ada transaksi non reguler pada 131 (13,70%) emiten, tertinggi di saham $KIJA dengan volume perdagangan non-reguler sebesar 354.014.900.

🔀Transaksi Asing
Ada sebanyak 747 (78,14%) saham yang dikoleksi oleh asing. Terbanyak dibeli asing secara volume di saham $BBCA dengan harga penutupan terakhir 8.400 (-0,59%) dan volume foreign buy sebesar 52.811.700.

🔀Sentimen Positif dengan Peningkatan Pembelian
Ada sebanyak 528 (55,23%) saham yang mengalami peningkatan pembelian. Peningkatan pembelian dengan bid cukup besar $COCO dengan harga penutupan terakhir 236 (34,09%) dan volume bid sebesar 17.352.600 dengan kenaikan 21.690,75X.

🔀Saham Murah dengan Pembelian Asing > 10 Miliar
Ada sebanyak 30 (3,14%) saham yang harganya kurang dari 1000, memiliki pembelian asing di atas 10 Miliar. Pembelian Asing paling besar BRMS dengan harga penutupan terakhir 438 (-7,20%) dan volume bid sebesar 8.636.500 dengan kenaikan 21.690,75X.

🔀 Aktif diperdagangkan > 10.000 kali
Ada sebanyak 60030 (6.279,29%) saham yang harganya kurang dari 1000, memiliki frekuensi perdagangan lebih dari 10.000 kali. Frekuensi paling besar pada saham INET dengan frekuensi sebanyak 60.030 kali, sementara harga penutupan terakhir 294 (8,09%) dan volume bid sebesar 2.143.900 dengan kenaikan 21.690,75X.

Saham menarik saya share via Channel : https://linktr.ee/PrimbonSaham
Kontennya: #1 List saham dengan sentimen positif; #2 List saham dengan harga bottom; #3 List saham yang mendekati batas fraksi harga; #4 Tanya jawab lebih nyaman (di grup saja); #5 info lain sesuai kebutuhan.

Diolah dari data IDX-CO-ID © 2025, made with ☕️ for better data mining.
Pergerakan harga saham: https://stockbit.com/post/15454107
Cara beli harga murah: https://stockbit.com/post/15639981
Indikator gratis penghasil cuan 1: https://stockbit.com/post/17138254
Indikator gratis penghasil cuan 2: https://stockbit.com/post/17200072
Cara menentukan Target Harga Saham 1: https://stockbit.com/post/16301289
Cara menentukan Target Harga Saham 2: https://stockbit.com/post/16379770

Media Sosial:
Instagram: https://www.instagram.com/primbon.saham
Thread: https://www.threads.com/@primbon.saham
TikTok: www.tiktok.com/@primbonsaham

Berharap informasi ini rutin setiap hari? beri saya semangat dengan ""LIKE"" dan ""FOLLOW""",resume perdagangan saham harian hasil analisis data perkembangan harga saham jul emiten emiten emiten emiten memiliki earning shared eps positif transaksi non reguler transaksi non reguler emiten tertinggi saham volume perdagangan non reguler transaksi asing saham dikoleksi asing dibeli asing volume saham harga penutupan volume foreign buy sentimen positif peningkatan pembelian saham mengalami peningkatan pembelian peningkatan pembelian bid harga penutupan volume bid kenaikan saham murah pembelian asing miliar saham harganya kurang memiliki pembelian asing miliar pembelian asing brms harga penutupan volume bid kenaikan aktif diperdagangkan kali saham harganya kurang memiliki frekuensi perdagangan kali frekuensi saham inet frekuensi kali harga penutupan volume bid kenaikan saham menarik share via channel kontennya list saham sentimen positif list saham harga bottom list saham mendekati batas fraksi harga nyaman grup info sesuai kebutuhan diolah data idx co id made with for better data mining pergerakan harga saham beli harga murah indikator gratis penghasil untung indikator gratis penghasil untung menentukan target harga saham menentukan target harga saham media sosial instagram thread tiktok berharap informasi rutin semangat like follow,Positif (+1),57.0,Negatif (-1),0.5414,BEDA ⚠️,
573,29787175,2026-03-27 14:49:07,"serrok sekarang, sore lompat katak sejauh mata memandang $BBCA , senin apalagi terbang melesat jauh seperti rudal Iran 🚀🚀🚀",serrok sore lompat katak mata memandang senin melesat rudal iran untung untung untung,Positif (+1),10.0,Negatif (-1),0.4222,BEDA ⚠️,
574,22874013,2025-10-30 07:45:08,"IDXChannel - Saham emiten perbankan besar kompak menguat pada perdagangan Rabu (29/10/2025), menjaga momentum awal tren pemulihan jangka pendek.
Data Bursa Efek Indonesia (BEI) menunjukkan, saham PT Bank Central Asia Tbk (BBCA) memimpin penguatan dengan lonjakan 3,93 persen ke level Rp8.600 per saha...",idxchannel saham emiten perbankan kompak menguat perdagangan rabu menjaga momentum tren pemulihan jangka pendek data bursa efek indonesia bei saham pt bank central asia tbk bbca memimpin penguatan lonjakan persen level rp saha,Positif (+1),4.0,Negatif (-1),0.5235,BEDA ⚠️,
575,14931021,2024-06-05 11:13:54,"$ATLA Thanks nder izin Tp 8% 🍷
$IHSG $BBCA $BBNI",thanks nder izin untung,Positif (+1),3.0,Negatif (-1),0.5042,BEDA ⚠️,
576,27668209,2026-01-30 14:05:35,$BBCA tau kan sekarang siapa bos nya ihsg,tau bos nya ihsg,Negatif (-1),-1.0,Positif (+1),0.4503,BEDA ⚠️,
577,7388839,2021-10-21 20:11:16,"JAKARTA, Direktur Utama PT Bank Central Asia Tbk (BCA) Jahja Setiaatmadja mengatakan nilai transaksi menjadi faktor penting bagi bank digital.""Buat apa akun banyak tapi enggak ada transaksi. Akun banyak juga karena tarik-tarik teman. Tapi udah buka akun 'sleeping beauty', enggak ada gunanya,"" kata d...",jakarta direktur utama pt bank central asia tbk bca jahja setiaatmadja nilai transaksi faktor bank digital akun transaksi akun tarik tarik teman buka akun sleeping beauty gunanya,Positif (+1),11.0,Negatif (-1),0.4718,BEDA ⚠️,
578,27099204,2026-01-23 01:08:58,"KALO NGOMONGIN $BBCA
BENER YA PREDIKSI GUE BAKAL TURUN, DARI 8800-7650, KALO GUE BISA NGASIH SARAN SI YANG MAU BUY BISA DI BULAN BULAN AKHIR, KARNA $BBCA BAKAL TURUN SAMPE AKHIR BULAN DAN TERBANG BULAN DEPAN TGL 3-6, SO YANG MAU BUY SABARIN AJA, INGET INI PREDIKSI GUE, SEMOGA BULAN DEPAN TO THE MOON, BIAR LEBARAN BISA WD😆😊",kalo ngomongin bener ya prediksi gue turun kalo gue ngasih saran si buy karna turun sampe tgl so buy sabarin aja inget prediksi gue semoga to the biar lebaran wd,Positif (+1),15.0,Negatif (-1),0.4692,BEDA ⚠️,
579,32813227,2026-06-16 15:39:50,"#BUYINDONESIA 🚀
#SELLDOLLAR


RT :$IHSG $BBCA $BUMI",buyindonesia untung selldollar rt,Positif (+1),4.0,Negatif (-1),0.5274,BEDA ⚠️,
580,8546665,2022-04-28 10:23:14,"$BJBR Tungu laporan keuangan Q1 keluar, Eps bagus auto smpai target 👇🏽 $BBCA $BMRI aja ud kasih laporan Q1 lngsng naik masa ini tdk. $BJTM",tungu laporan keuangan eps bagus auto smpai target aja ud kasih laporan lngsng tidak,Positif (+1),7.0,Negatif (-1),0.4562,BEDA ⚠️,
581,5516706,2021-01-26 21:23:54,"$BBCA harusnya si..bsok pagi2 bbca akan Ada kenaikan dikit pas opening market, tp ga lama kmudian akan rada turun mengikuti ihsg yg msh bearish downtrend..",si bsok pagi bbca kenaikan dikit pas opening market untung tidak kmudian rada turun mengikuti ihsg yg msh turun turun,Negatif (-1),-2.0,Negatif (-1),0.4884,SAMA ✅,
582,9630847,2022-09-16 15:15:31,$BBCA yuk turun dl yg byk,yuk turun dl yg byk,Positif (+1),1.0,Negatif (-1),0.453,BEDA ⚠️,
583,32013421,2026-05-21 17:06:39,"Raja IHSG Mei 2026 Kembali ke Formasi Lama

$BBCA peringkat 1 dengan market cap 733 Triliun
$BBRI langsung peringkat 2 market cap 457 Triliun
Dan $BREN yang biasanya rebutan peringkat 1-2 malah anjlok ke peringkat 6 dengan market cap 343 Triliun

Melihat peringkat ini, berasa balik ke zaman old bursa. Peringkat 1-3 itu dulu isinya BBCA BBRI BMRI. Tapi kemudian masuk era Konglo kejar tayang masuk MSCI FTSE, peringkat raja IHSG langsung berubah. DSSA pun udah ndak masuk 9 besar raja IHSG. Upgrade skill https://cutt.ly/Ve3nZHZf

Gila sih. Peta IHSG berubah total hanya karena peringkat antek aseng MSCI FTSE. Tapi itu tidak masalah. Jangan panik dan jangan khawatir. Tetap semangat dan Keep selot selot saham dividen. Karena kenapa? Karena orang desa tidak punya dollar dan tidak punya saham dan tidak bermimpi untuk kaya tapi hidup yang layak. 🗿

It's not your financial advisor. Ini bukan rekomendasi penasihat investasi untuk jual dan beli saham. Keputusan ada di tangan masing-masing investor. 

Untuk diskusi lebih lanjut bisa lewat External Community Pintar Nyangkut di Telegram dengan mendaftarkan diri ke External Community menggunakan kode: A38138
Link Panduan https://stockbit.com/post/13223345

Kunjungi Insight Pintar Nyangkut di sini https://cutt.ly/ne0pqmLm

Disclaimer: http://bit.ly/3RznNpU",raja ihsg mei formasi peringkat market cap triliun langsung peringkat market cap triliun rebutan peringkat turun peringkat market cap triliun peringkat berasa zaman old bursa peringkat isinya bbca bbri bmri masuk era konglo kejar tayang masuk msci ftse peringkat raja ihsg langsung berubah dssa ndak masuk raja ihsg upgrade skill gila sih peta ihsg berubah total peringkat antek aseng msci ftse tidak jangan panik jangan khawatir semangat keep selot selot saham dividen untung orang desa tidak dollar tidak saham tidak bermimpi kaya hidup layak it not your financial advisor bukan rekomendasi penasihat investasi jual beli saham keputusan tangan investor diskusi external community pintar rugi telegram mendaftarkan external community kode link panduan kunjungi insight pintar rugi disclaimer,Positif (+1),14.0,Negatif (-1),0.4685,BEDA ⚠️,
584,17709023,2025-02-28 15:16:38,"$BBRI nggak ada covid, harga jatuh mendekati covid, apa itu fundamental, grafik, resistance, dll $BBCA aja juga ikut jatuh",nggak covid harga jatuh mendekati covid fundamental grafik resistance dll aja jatuh,Negatif (-1),-9.0,Negatif (-1),0.4857,SAMA ✅,
585,32302740,2026-06-03 09:17:43,"$IHSG memasuki setengah tahun full merah berturut-turut 🥲


$CUAN $BBCA",memasuki full turun,Negatif (-1),-1.0,Negatif (-1),0.4213,SAMA ✅,
586,10691854,2023-02-02 21:05:47,"ada yang tau posisi Loan At Risk (LAR) $BNGA ada di berapa persen sekarang?
$IHSG $BBCA $BBRI",tau posisi loan at risk lar persen,Negatif (-1),-2.0,Negatif (-1),0.4966,SAMA ✅,
587,27475984,2026-01-28 14:36:05,"$IHSG wow. ini sih. calon pembantaian sadis menuju -15%, maybe not today. outflow-nya masih deras.

 $BBCA our top constituent di MSCI aja perlu di jaga...

#povPribadi",wow sih calon pembantaian sadis maybe not today outflow nya deras our top constituent msci aja jaga povpribadi,Positif (+1),5.0,Negatif (-1),0.4559,BEDA ⚠️,
588,15122463,2024-06-28 09:20:05,$BBCA Bisa ceban kah bulan depan?,ceban kah,Netral (0),0.0,Negatif (-1),0.4468,BEDA ⚠️,
589,18339054,2025-04-28 19:21:31,"@bankertruk kalo ngefear disertain data lah kocak, jangan cuma rumor omon² sampah wkwk

$BBRI $BMRI $BBCA",kalo ngefear disertain data kocak jangan rumor omon sampah wkwk,Negatif (-1),-4.0,Negatif (-1),0.431,SAMA ✅,
590,33071565,2026-06-24 20:11:26,"Update Top list Chanel YouTube versi saya : 
1. Timothy Ronald
2. Hermanto Tanoko
3. Mahfud md Official
4. Ferry Irwandy
5. Ardy Setia (Sangat recomended walaupun masih chanel kecil) 
note : chanel Bennix di depak semenjak tetap ngotot dukung MBG,  IHSG $WIFI $SMDR $BBCA",update top list chanel youtube versi timothy ronald hermanto tanoko mahfud md official ferry irwandy ardy setia recomended chanel note chanel bennix depak semenjak ngotot dukung mbg ihsg,Negatif (-1),-2.0,Negatif (-1),0.4853,SAMA ✅,
591,24971378,2025-12-16 11:53:51,"$BMRI Foreign lagi mainin psikologis bandar lokal dan ritel🤣🤣


Percaya ga percaya bisa closingan ijo😁🤲🏻




$BBRI $BBCA",foreign mainin psikologis bandar lokal ritel percaya tidak percaya closingan,Negatif (-1),-2.0,Negatif (-1),0.4259,SAMA ✅,
592,16830287,2024-12-23 13:47:24,"$BBRI ingat cum date dan expired date.

$BREN $BBCA",cum date expired date,Netral (0),0.0,Negatif (-1),0.4831,BEDA ⚠️,
593,31502089,2026-05-08 21:15:08,"IDXChannel - Harga saham PT Bank Central Asia Tbk (BBCA) tercatat menguat 5,56 persen sepanjang pekan ini, melampaui kenaikan Indeks Harga Saham Gabungan (IHSG) yang hanya naik 0,18 persen pada periode yang sama.
Penguatan tersebut terjadi setelah BBCA sempat terkoreksi ke level terendahnya sepanjan...",idxchannel harga saham pt bank central asia tbk bbca tercatat menguat persen pekan melampaui kenaikan indeks harga saham gabungan ihsg persen periode penguatan bbca terkoreksi level terendahnya sepanjan,Positif (+1),4.0,Negatif (-1),0.5112,BEDA ⚠️,
594,32335052,2026-06-03 13:36:27,"$IHSG BUYER MASUK 
$BBCA  $BMRI",buyer masuk,Positif (+1),1.5,Negatif (-1),0.4977,BEDA ⚠️,
595,31094249,2026-04-30 11:34:26,$BBCA CL aja gw pindah ke $ERAA lebih menjanjikan,rugi aja gw pindah menjanjikan,Negatif (-1),-2.0,Negatif (-1),0.4451,SAMA ✅,
596,7268655,2021-09-30 15:05:12,$BBCA aku padamu......:heart_eyes::heart_eyes::heart_eyes:,padamu heart eyes heart eyes heart eyes,Netral (0),0.0,Negatif (-1),0.4942,BEDA ⚠️,
597,32751049,2026-06-14 11:11:13,"Buat gue pribadi sih engak masalah harga pertamax naek

Yang penting wowok jangan berdiri depan mic aje 🗣️📣🗣️📣🗣️📣


$IHSG $BBCA $BUMI

.",gue pribadi sih engak harga pertamax naek wowok jangan berdiri mic aje,Netral (0),0.0,Negatif (-1),0.4392,BEDA ⚠️,
598,15098152,2024-06-25 15:44:11,"detik-detik di gap down, berapa persen yah di jatuhkan kebawah? $BMRI $BBRI $BBNI $BBCA",detik detik gap down persen yah jatuhkan kebawah,Negatif (-1),-1.0,Negatif (-1),0.4797,SAMA ✅,
599,6709686,2021-07-12 16:40:38,"PT Bank Central Asia Tbk (BCA) berencana melakukan penawaran umum saham perdana atau Initial Public Offering (IPO) anak usahanya, PT Bank Digital BCA dalam kurun satu sampai dua tahun mendatang.""IPO masih satu sampai dua tahun lagi, belum direncanakan secara pasti karena baru lahir 2 Juli lalu,"" uja...",pt bank central asia tbk bca berencana penawaran saham perdana initial public offering ipo anak usahanya pt bank digital bca kurun ipo belum direncanakan lahir juli uja,Negatif (-1),-6.0,Negatif (-1),0.4544,SAMA ✅,
600,30569942,2026-04-20 20:40:22,"Di saat saham longsor wajib upgrade ilmu, btw aku lagi ada trial class 1 sesi bahasa Mandarin, dapet sertifikat kalau hadir sampe full 1 sesi itu, ada yang minat? komen ya,

 cocok untuk pemula yang ingin ngicip 1x sesi bahasa Mandarin, cocok juga yang udh kerja mau upgrade bahasa, trial class online ya, by zoom, komen ""mau"" nanti ku japri

$BBCA $ANTM $KRAS",saham turun wajib upgrade ilmu btw trial class sesi bahasa mandarin dapet sertifikat hadir sampe full sesi minat komen ya cocok pemula ngicip sesi bahasa mandarin cocok kerja upgrade bahasa trial class online ya by zoom komen ku japri,Positif (+1),13.0,Negatif (-1),0.4746,BEDA ⚠️,
601,14288023,2024-03-22 10:00:57,.....deviden $LPPF 200 perak...lbh cuan dari deviden $BBCA....berbanding harga saham.  .,deviden perak lbh untung deviden berbanding harga saham,Positif (+1),2.0,Negatif (-1),0.5064,BEDA ⚠️,
602,31925885,2026-05-20 14:39:12,"$BBRI $BMRI $BBCA

BI Resmi Menaikkan Suku Bunga sebesar 50bps jadi 5.25%.

Langkah ini bisa:

* menahan pelemahan rupiah,
* menjaga obligasi Indonesia tetap menarik,
* mengurangi panic selling asing.

Artinya:

jangka sangat pendek IHSG bisa jasi volatile dan merah, tetapi jangka medium term IHSG bisa lebih stabil bila rupiah mulai tenang.

Kalau menurut loe gaes?",bi resmi menaikkan suku bunga bps langkah menahan pelemahan rupiah menjaga obligasi indonesia menarik mengurangi panic selling asing jangka pendek ihsg jasi volatile turun jangka medium term ihsg stabil rupiah tenang loe gaes,Positif (+1),15.5,Negatif (-1),0.5298,BEDA ⚠️,
603,15694769,2024-09-05 10:41:02,"satu minggu ke depan Saham saham Bank lumayan turun,emang sekarang lagi hijau,lets see 1 minggu  ke depan karena float sahamnya sudah over
$BBCA $BBRI $BMRI $BBNI",minggu saham saham bank lumayan turun emang lets see minggu float sahamnya over,Negatif (-1),-2.0,Negatif (-1),0.502,SAMA ✅,
604,6109661,2021-04-01 10:19:33,$BBCA sama kayak $bbri di lowerband regression..tinggal comot ekor,kayak lowerband regression tinggal comot ekor,Negatif (-1),-9.0,Negatif (-1),0.4405,SAMA ✅,
605,19523681,2025-07-23 15:24:49,"barangkali $BBCA juga demikian...salah input jadinya terus-menerus nyisir di salon..
fundamental & teknikal kuat, harga masih jalan di tempat.. 
😆😆",barangkali salah input menerus nyisir salon fundamental teknikal kuat harga jalan,Negatif (-1),-6.0,Negatif (-1),0.429,SAMA ✅,
606,21596057,2025-10-01 11:02:08,"$BBCA banyak yg hujat bla bla bla. ya ini saham emang pasti bakal turun. bakal naik ke 8000 - 9000an tp butuh waktu, berapa lama? no one knows. yg minus masih dikit mending cl cari peluang lain. masak IHSG ath porto merah. 💪 Reandom tag $EMAS $TPIA",yg hujat bla bla bla ya saham emang turun an untung butuh no one knows yg minus dikit mending rugi cari peluang masak ihsg ath porto turun reandom tag,Negatif (-1),-18.0,Negatif (-1),0.4661,SAMA ✅,
607,32291652,2026-06-02 17:30:03,Izin share $BBRI $BMRI $BBCA,izin share,Negatif (-1),-4.0,Negatif (-1),0.4678,SAMA ✅,
608,33230956,2026-06-30 19:22:25,"$IHSG Terpantau hari ini kembali jebol support pentingnya lagi, dan kembali memasuki zona merah di area 5300 - 5800. Akankah di awal bulan juli nanti kembali mengalami penurunan sampai ke support berikutnya di 5300?

Di lain sisi rekor 10 tahun terakhir bulan juli IHSG selalu mengalami kenaikan. Apakah kali ini akan pecah telor atau rekor bulan juli masih tetap bertahan?

Tapi yang pasti untuk 2 bulan berikutnya yaitu bulan juli & agustus bisa dilihat banyak mengalami kenaikan yang pasti menjadi suatu harapan untuk para investor berharap mengalami rebound.
$BBCA $BBRI",terpantau jebol support memasuki zona turun area juli mengalami penurunan support sisi rekor juli ihsg mengalami kenaikan kali pecah telor rekor juli bertahan juli agustus mengalami kenaikan harapan investor berharap mengalami untung,Positif (+1),26.0,Negatif (-1),0.4666,BEDA ⚠️,
609,22531481,2025-10-21 17:36:20,Return portofolio saya $BBCA $BBRI $SMDR,return portofolio,Positif (+1),2.0,Negatif (-1),0.4642,BEDA ⚠️,
610,29245918,2026-03-04 14:26:31,$BBCA bahkan main di blue chip pun gaada harapan di ihsg ini,main blue chip gaada harapan ihsg,Negatif (-1),-1.0,Negatif (-1),0.4534,SAMA ✅,
611,32473635,2026-06-05 20:54:15,"Sudah seharusnya Minggu depan hingga akhir Juni ini $IHSG rebound !!! sudah terlalu oversold, akan banyak orang-orang kaya baru dari saham 2-3 tahun kedepan. 
Sayangnya saat ini biaya hidup meningkat alias nilai rupiah sedang lemah. keburu nyangkut dan kehabisan cash, berujung hanya bs jadi zombie pelototi tuh saham, bukan cuma angka di porto merah, mata pun ikut merah ngeliatnya. 
$BBCA $BBRI",minggu juni untung oversold orang orang kaya saham kedepan sayangnya biaya hidup meningkat alias nilai rupiah lemah keburu rugi kehabisan cash berujung bs zombie pelototi tuh saham bukan angka porto turun mata turun ngeliatnya,Positif (+1),6.0,Negatif (-1),0.4776,BEDA ⚠️,
612,33003175,2026-06-23 13:34:35,$BBCA mau  turun sampe mana nih,turun sampe nih,Negatif (-1),-3.0,Negatif (-1),0.4491,SAMA ✅,
613,13939310,2024-02-15 09:09:59,$BBCA to the moon 🚀🚀❤️‍🔥,to the untung untung untung,Positif (+1),12.0,Negatif (-1),0.4855,BEDA ⚠️,
614,22366529,2025-10-17 10:25:15,$BBCA kasian deh lu... naik dicurigain... turun dihujat... side away dibilang gk gerak2,kasian deh lu dicurigain turun dihujat side away dibilang gk gerak,Negatif (-1),-6.0,Negatif (-1),0.4341,SAMA ✅,
615,17956884,2025-03-19 11:12:30,"$DOOH hari ini close diberapa yaa??? 

 $IHSG $BBCA",close diberapa yaa,Negatif (-1),-2.0,Negatif (-1),0.4189,SAMA ✅,
616,30832605,2026-04-24 11:29:09,$BBCA 5690 bisa yok 😂😂😂😂,yok,Netral (0),0.0,Negatif (-1),0.408,BEDA ⚠️,
617,22932241,2025-10-31 08:50:58,"Market Transaction - 30 October 2025:

Top Accumulation
- HMSP - NI, 876
- ULTJ - AK, 1.526
- GPSO - CP, 817

Top Distribution
- $BRMS - CC, 898
- JSMR - BK, 3.655
- ICBP - KZ, 8.792

Top Foreign Buy
- $BMRI , 649 M, 4.774
- BBCA, 216 M, 8.587
- GOTO, 98 M, 58

Top Foreign Sell
- ANTM, -91 M, 3.139
- BBNI, -61 M, 4.463
- BRMS, -53 M, 901

Top Retail Buy
- BRMS, 899
- BBNI, 4.464
- ANTM, 3.139

Top Retail Sell
- BMRI, 4.779
- $BBCA , 8.607
- BBRI, 3.938

Follow, Like, Komen, untuk mendapatkan update data Market Info dan Market Sesi 1 setiap hari.

Note: Angka disebelah kode saham merupakan harga rata-rata penjualan / pembelian pada akhir perdagangan kemarin.

Telegram Analisa Saham Gratis: https://bit.ly/NgobrolSahamTele",market transaction october top accumulation hmsp ni ultj ak gpso cp top distribution cc jsmr bk icbp kz top foreign buy bbca goto top foreign sell antm bbni brms top retail buy brms bbni antm top retail sell bmri bbri follow like komen update data market info market sesi note angka disebelah kode saham harga penjualan pembelian perdagangan kemarin telegram analisa saham gratis,Positif (+1),25.0,Negatif (-1),0.4911,BEDA ⚠️,
618,27809113,2026-02-03 07:45:12,"Jakarta, CNBC Indonesia - Indeks Harga Saham Gabungan (IHSG) kembali ditutup di zona merah di awal pekan dan sempat ambruk lebih dari 5%. Pada perdagangan Senin (2/2/2026), indeks ditutup turun 4,88% atau -406,88 poin ke posisi 7.922,73.
Nilai transaksi mencapai Rp 29,17 triliun, melibatkan 50,41 mi...",jakarta cnbc indonesia indeks harga saham gabungan ihsg ditutup zona turun pekan ambruk perdagangan senin indeks ditutup turun poin posisi nilai transaksi mencapai rp triliun melibatkan mi,Negatif (-1),-4.0,Negatif (-1),0.5066,SAMA ✅,
619,21592822,2025-10-01 10:32:14,"aku tenggelam dalam lautan luka dalam

$BBCA $BMRI",turun lautan luka,Negatif (-1),-8.0,Negatif (-1),0.4943,SAMA ✅,
620,32670543,2026-06-11 11:45:15,"Indeks Harga Saham Gabungan (IHSG) berhasil ditutup menguat signifikan pada perdagangan Rabu (10/6) kemarin. Akan tetapi, tekanan jual investor asing masih berlanjut di pasar saham domestik.
Berdasarkan data Bursa Efek Indonesia (BEI), IHSG menguat 155,73 poin atau 2,71% dan parkir di level 5.902,38...",indeks harga saham gabungan ihsg berhasil ditutup menguat signifikan perdagangan rabu kemarin tekanan jual investor asing berlanjut pasar saham domestik berdasarkan data bursa efek indonesia bei ihsg menguat poin parkir level,Netral (0),0.0,Negatif (-1),0.5085,BEDA ⚠️,
621,33456020,2026-07-08 09:12:40,"$BBCA naik lagi yukk, tipis tipis aja gapapa",yukk tipis tipis aja gapapa,Positif (+1),5.0,Negatif (-1),0.4147,BEDA ⚠️,
622,12976382,2023-11-19 08:58:00,"kagak peduli mau disalip, disalup, disalap. yang penting $BMRI $BBRI $BBCA dividend yield (lumayan) gede. kalau cuma 4 perak mana berasa 🗿🗿🗿🗿🗿🗿",kagak peduli disalip disalup disalap dividend yield lumayan gede perak berasa,Positif (+1),3.0,Negatif (-1),0.4158,BEDA ⚠️,
623,12121079,2023-08-28 09:26:43,$BBRI$HUMI$BBCA pasar sepi tanggal tua 😪,pasar sepi tanggal tua,Negatif (-1),-11.0,Negatif (-1),0.3999,SAMA ✅,
624,6407558,2021-05-27 08:25:41,"Jakarta, CNBC Indonesia - Sebanyak dua bank papan atas di negeri ini berada di urutan teratas saham paling banyak ditransaksikan dalam sebulan terakhir akumulatif (most active), selama Mei 2021, di tengah kejatuhan Indeks Harga Saham Gabungan (IHSG).Data perdagangan Bursa Efek Indonesia (BEI) mencat...",jakarta cnbc indonesia bank papan negeri urutan teratas saham ditransaksikan sebulan akumulatif most active mei kejatuhan indeks harga saham gabungan ihsg data perdagangan bursa efek indonesia bei mencat,Negatif (-1),-1.0,Negatif (-1),0.522,SAMA ✅,
625,25979262,2026-01-07 14:58:55,Lu Ber-3 tidak mau Iri apa $BBCA $BBNI $UNTR Saham Gorengan Gosong Valuasi Transaksi hampir 500 Milliar 😂🗿😂,lu ber tidak iri saham gorengan gosong valuasi transaksi milliar,Positif (+1),4.0,Negatif (-1),0.4249,BEDA ⚠️,
626,33024840,2026-06-24 06:43:47,"MSCI masih pelan pelan ngasih statement jelek, nanti setelah Bobot MSCI habis sekitar 0,5-0,8% lagi.

baru MSCI bakal ngeluarin Indonesia dan masuk Frontier market supaya bisa kumpulin barang lagi.

ketika institusi besar Cutlose karna takut.

$BBCA $BBRI $BMRI",msci pelan pelan ngasih statement jelek bobot msci habis msci ngeluarin indonesia masuk frontier market kumpulin barang institusi cutlose karna takut,Positif (+1),7.5,Negatif (-1),0.4978,BEDA ⚠️,
627,17595620,2025-02-21 10:11:08,$BBCA IHSG naik siap siap mantul,ihsg untung,Positif (+1),4.0,Negatif (-1),0.4545,BEDA ⚠️,
628,15104577,2024-06-26 11:36:43,$BBCA woi m banking bca gangguan lama amat..mau deposit ke rdn gbsa ini.,woi banking bca gangguan deposit rdn gbsa,Netral (0),0.0,Negatif (-1),0.4396,BEDA ⚠️,
629,17998359,2025-03-21 17:27:39,"$BBRI $BBCA $BBNI buset dah judulnya ga nanggung""",buset judulnya tidak nanggung,Netral (0),0.0,Positif (+1),0.4704,BEDA ⚠️,
630,12730301,2023-10-27 10:54:17,Lagi pada diskon ga sich ini? $TLKM $ANTM $BBCA $BBRI,diskon tidak sich,Positif (+1),2.0,Negatif (-1),0.4503,BEDA ⚠️,
631,22977202,2025-11-01 07:08:26,@sitinurhalimahh $BBCA kak,kak,Netral (0),0.0,Positif (+1),0.4167,BEDA ⚠️,
632,12657618,2023-10-20 10:25:39,@RoniListya Sama pasang 8700 di $BBCA?,pasang,Positif (+1),4.0,Negatif (-1),0.4359,BEDA ⚠️,
633,15562694,2024-08-22 08:35:36,@vincentiusarnold lanjutkan pak. Ilmu nya bagus sekali🙏🏻 $IHSG $BBCA,lanjutkan ilmu nya bagus,Positif (+1),8.0,Negatif (-1),0.4347,BEDA ⚠️,
634,32563988,2026-06-09 11:45:09,"🤟  🌽  🚀 SELL SINGAPORE
 🤟  🌽  🚀 BOIKOT SINGAPORE
 🤟  🌽  🚀 JADIKAN SINGAPORE THE NEXT ZIMBABWE
 🤟  🌽  🚀 
 🤟  🌽  🚀 https://www.youtube.com/watch?v=zc7vQz_MHxw
 🤟  🌽  🚀 $IHSG $BUMI $BBCA",untung sell singapore untung boikot singapore untung jadikan singapore the next zimbabwe untung untung untung,Positif (+1),20.0,Negatif (-1),0.4538,BEDA ⚠️,
635,28323069,2026-02-11 18:53:42,"AMOR: Dividen Dermawan, Harga Saham Sekarat

AMOR mungkin layak masuk museum rekor: dividen dibagikan lebih dari 100% setiap tahun, tapi harga sahamnya terus turun tanpa rasa bersalah. EPS ada, laba ada, dividen deras—namun grafik harga 5 tahun terakhir justru terlihat seperti papan seluncur ke bawah. Seolah pasar berkata: “terima kasih dividennya, tapi masa depanmu kami skip.”

Ironinya, dividen jumbo ini bukan tanda bisnis bertumbuh, melainkan lebih mirip strategi menghabiskan kas karena tidak tahu mau dipakai apa lagi. Tidak terlihat ekspansi agresif, tidak ada cerita pertumbuhan, tidak ada ambisi membangun bisnis ke level berikutnya. Yang ada hanyalah rutinitas tahunan: laba → dividen → harga turun lagi.

Pertanyaannya pun wajar muncul: apakah ini tanda AMOR sedang bersiap pamit secara elegan dari pasar Indonesia? Membagi dividen besar sambil membiarkan valuasi menyusut pelan-pelan sering kali bukan strategi menciptakan nilai, melainkan strategi mengakhiri cerita tanpa ribut. Investor dapat dividen, pengendali tetap nyaman, dan pasar dibiarkan menafsirkan sendiri akhir ceritanya.

Kesimpulannya, $AMOR bukan saham gagal, tapi juga bukan saham bertumbuh. Ia lebih cocok disebut “saham pensiun”: rajin memberi uang saku, tapi sudah berhenti bermimpi. Dan seperti pensiunan pada umumnya, pasar jarang memberi valuasi tinggi—meski jasanya di masa lalu tidak bisa dipungkiri.

$BBCA $BBRI",amor dividen untung dermawan harga saham sekarat amor layak masuk museum rekor dividen untung dibagikan harga sahamnya turun tanpa bersalah eps laba dividen untung deras grafik harga papan seluncur pasar terima kasih dividennya depanmu skip ironinya dividen untung jumbo bukan tanda bisnis bertumbuh strategi menghabiskan kas tidak dipakai tidak ekspansi agresif tidak cerita pertumbuhan tidak ambisi membangun bisnis level rutinitas tahunan laba dividen untung harga turun pertanyaannya wajar muncul tanda amor pamit elegan pasar indonesia membagi dividen untung membiarkan valuasi menyusut pelan pelan kali bukan strategi menciptakan nilai strategi cerita tanpa ribut investor dividen untung pengendali nyaman pasar dibiarkan menafsirkan ceritanya kesimpulannya bukan saham jelek rugi bukan saham bertumbuh cocok saham pensiun rajin uang saku berhenti bermimpi pensiunan pasar jarang valuasi jasanya tidak dipungkiri,Positif (+1),81.5,Negatif (-1),0.4598,BEDA ⚠️,
636,28122252,2026-02-07 14:18:39,"Kesalahan orang menganalisa Big Banks itu overcomplicated. Mikir susah susah sampe ke daya beli, pinjol, kurang daya saing.

Padahal yang utama di bank itu ya masalah uang dan perputaran uang. Yang bisa mereka atur juga itu. Emang bank bisa ngatur daya beli, pinjol, dan daya saing?

Kalau kita melihat uang berputar lebih cepat dari produksi uang, value dihasilkan.

Kalau kita melihat uang berputar lebih lambat dari produksi uang, inflasi naik.

Testamen ini bukan pendapat saya, pendapat bapak ini.

We are at early phase of another banking expansion, as I called as early as last year!

Gabung GoInvest:
https://lynk.id/goinvest

$BBRI $BBCA $BMRI",kesalahan orang menganalisa big banks overcomplicated mikir susah susah sampe daya beli pinjol kurang daya saing utama bank ya uang perputaran uang atur emang bank ngatur daya beli pinjol daya saing uang berputar cepat produksi uang value dihasilkan uang berputar lambat produksi uang inflasi testamen bukan pendapat pendapat we are at early phase of another banking expansion as called as early as last year gabung goinvest,Positif (+1),2.0,Negatif (-1),0.5238,BEDA ⚠️,
637,31787344,2026-05-18 12:17:52,"$PGEOYUCK6A gass in 🚀

$BRPT $BBCA",in untung,Positif (+1),4.0,Negatif (-1),0.5179,BEDA ⚠️,
638,6772156,2021-07-22 18:10:54,"JAKARTA, PT Bank Central Asia (Persero) Tbk atau BCA mencatatkan pertumbuhan positif pada semester I-2021.Hal ini terefleksikan dengan tumbuhnya laba bersih BCA sebesar 18,1 persen secara tahunan atau year on year (yoy) menjadi Rp 14,5 triliun.Presiden Direktur BCA Jahja Setiaatmadja mengatakan, tin...",jakarta pt bank central asia persero tbk bca mencatatkan pertumbuhan positif semester terefleksikan tumbuhnya laba bersih bca persen tahunan year on year yoy rp triliun presiden direktur bca jahja setiaatmadja tin,Positif (+1),16.0,Negatif (-1),0.5048,BEDA ⚠️,
639,7988160,2022-02-10 03:16:44,"JAKARTA, KOMPAS.com – Indeks Harga Saham Gabungan (IHSG) berakhir di zona hijau pada perdagangan di Bursa Efek Indonesia (BEI), Rabu (9/2/2022). Sepanjang hari ini, IHSG tak sekalipun menyentuh zona merah. IHSG ditutup naik 45,08 poin (0,66 persen) pada 6.6.834,6. Asing tercatat melakukan aksi bel...",jakarta kompas com indeks harga saham gabungan ihsg zona perdagangan bursa efek indonesia bei rabu ihsg menyentuh zona turun ihsg ditutup poin persen asing tercatat aksi bel,Positif (+1),3.0,Negatif (-1),0.4521,BEDA ⚠️,
640,26773566,2026-01-19 18:20:20,"Asing pada keluar + Rupiah melemah $BBCA
Saranku siapkan uang dingin jaga jaga turun lagi",asing rupiah melemah saranku siapkan uang dingin jaga jaga turun,Positif (+1),2.0,Negatif (-1),0.4792,BEDA ⚠️,
641,33137023,2026-06-26 14:17:33,"Semua minggir dulu 
King $BBCA mau bersinar 
yang lain lain tengkurap dulu ya $EMAS $IMPC",minggir king bersinar tengkurap ya,Positif (+1),10.0,Negatif (-1),0.4652,BEDA ⚠️,
642,27541589,2026-01-29 10:09:39,"$BRIS ayo balik ke habitatmu 



$BBRI $BBCA",ayo habitatmu,Positif (+1),4.0,Negatif (-1),0.4829,BEDA ⚠️,
643,31762526,2026-05-18 09:26:48,$BBCA haka,beli,Positif (+1),2.0,Negatif (-1),0.4868,BEDA ⚠️,
644,6327031,2021-05-07 20:40:27,"Ipotnews -  IHSG  bertahan di zona pelemahan pada ujung perdagangan hari Jumat (7/5). Indeks merosot -0,70 persen (-42 poin) ke level 5.928 setelah sempat menghijau saat awal-awal perdagangan.Indeks LQ45 -0,93% ke 880.Indeks IDX30 -0,98% ke 468.Indeks IDX80 -0,99% ke 126.Jakarta Islamic Indes (JII) ...",ipotnews ihsg bertahan zona pelemahan ujung perdagangan jumat indeks merosot persen poin level menghijau perdagangan indeks lq indeks idx indeks idx jakarta islamic indes jii,Positif (+1),2.0,Negatif (-1),0.4988,BEDA ⚠️,
645,32457962,2026-06-05 15:06:14,"Awal tahun...
targetnya financial freedom

pas pertangahan tahun...
yang penting mental freedom 🙂

DISCLAIMER
DYOR

$IHSG $BREN $BBCA",targetnya financial freedom pas pertangahan mental freedom disclaimer dyor,Positif (+1),3.0,Negatif (-1),0.4451,BEDA ⚠️,
646,18040256,2025-03-25 15:50:55,@Jihaanmrn big bank om masuk semua klo aku 😂 kecuali $BBCA krn terlalu overprice buat kantong saya 😂,big bank om masuk kecuali krn overprice kantong,Positif (+1),2.5,Negatif (-1),0.404,BEDA ⚠️,
647,22545681,2025-10-22 09:05:59,$BBCA kira kira sampai garis putus-putus itu bisa gak ya?,garis putus putus tidak ya,Negatif (-1),-1.0,Negatif (-1),0.4386,SAMA ✅,
648,8344324,2022-04-05 14:04:51,"@grendika ""Markets can stay irrational longer than you can stay solvent"". John Maynard. Terkadang harga naik itu bukan selalu karena harga nya sesuai. $BBCA setelah stocksplit naik lumayan. Apakah berarti tiba tiba Fundamentalnya berubah? $WIRG juga sama.",markets can stay irrational longer than you can stay solvent john maynard terkadang harga bukan harga nya sesuai stocksplit lumayan fundamentalnya berubah,Positif (+1),10.0,Positif (+1),0.4217,SAMA ✅,
649,31295845,2026-05-06 11:07:38,"Kalo $WBSA market cap diatas 100T gue beri hormat ke MG dan langsung auto daftar sekuritas nya😅


$BBCA $BBRI",kalo market cap diatas gue hormat mg langsung auto daftar sekuritas nya,Positif (+1),4.0,Negatif (-1),0.4264,BEDA ⚠️,
650,34017502,2026-07-22 10:03:54,"@irfaneffendiahmad Perang meluas, sentimen buruk berdatangan...
Untung dah amanin cash dan tp kemarin...
$IHSG akan mulai koreksi..

$BBRI $BBCA",perang meluas sentimen buruk untung amanin cash untung kemarin koreksi,Positif (+1),1.0,Negatif (-1),0.4415,BEDA ⚠️,
651,12208204,2023-09-05 16:23:52,$BBCA 100 lot hold,lot tahan,Positif (+1),1.0,Negatif (-1),0.4904,BEDA ⚠️,
652,7371982,2021-10-18 23:34:02,"$SMDR ( Samudera Indonesia TBK )

SMDR sedang bergerak uptrend dan membentuk symmetrical triangle pattern. Selain mantul dari support triangle-nya, SMDR juga terlihat mantul di MA 50-nya. Dan terakhir kali SMDR mantul di MA 50-nya, dia berhasil naik tinggi.

@happytradesaham

$BBCA $ANTM",samudera indonesia tbk smdr bergerak membentuk symmetrical triangle pattern untung support triangle nya smdr untung ma nya kali smdr untung ma nya berhasil,Positif (+1),19.0,Negatif (-1),0.4685,BEDA ⚠️,
653,5545571,2021-01-28 14:04:20,Cutloss semua emiten masukin ke $BBCA,rugi emiten masukin,Negatif (-1),-4.0,Negatif (-1),0.4836,SAMA ✅,
654,33893762,2026-07-19 23:51:59,"$JELI

ngeri kalii antrian hakany..
tandanya apaa ? 
nantikan esok pagi

$IHSG
$BBCA",ngeri kalii antrian hakany tandanya apaa nantikan esok pagi,Negatif (-1),-4.0,Negatif (-1),0.4258,SAMA ✅,
655,10030163,2022-11-07 12:06:59,"Siang hari ini kami akan mereview saham WINS . 
Sesi ini saham WINS di tutup menguat senilai +13,66% di harga 416 . 
Sebelum kami masuk ke topik pembahasan , mimin ucapkan happy cuan bagi yang mengikuti mimin di channel telegram priavate mimin dengan FP senilai +181% di saham WINS . 

Mari kita lanjutkan topik pembahsan kita , secara teknikal saham IWNS mengalami kenaikan yang cukup fantastis dalam 73 hari terakhir setelah berhasil breakout dari resistance 180nya rate 0,236 sebagai tanda lepasnya saham ini dari sideways. 

Kenaikan saham ini juga hari ini di picu oleh brekout nya saham WINS dari resistance 100% di area 338 , double bottom dengan target yang seharusnya sudah tercapai . 

Lantas apakah saham ini masih layak untuk di koleksi ? 
How To Trade 
Cara belinya sendiri sebenarnya adalah menunggu koreksi tajam dengan asumsi rate koreksi berada di area 294 - 304 dengan potensi untuk melanjutkan uptrendlinenna masih cukup besar namun akan sangat beresiko , targetnya sendiri akan berada di area 392-420 atau lebih . 

DISCON DYOR

NOTES : Lakukan riset secara mandiri terlebih dahulu sebelum melakukan tindakan aksi jual beli , catatan ini hanya sebagai alat / tolak ukur sebagai tindakan asisten yang membantu dalam mengambil keputusan tapi tidak dalam membuat keputusan .
Kepastian hanya berada di tangan masing masing dengan resiko dan ketetapan yang juga di atur oleh pribadi yang bersangkutan .

Terimakasih telah terus bersama mimin selama ini dengan total Followers dan verified badge baik untuk stockbit dan telegram , dan terimakasih sebesar besarnya untuk keluarga mimin yang tergabung dalam creepyvesment private maupun creepystocks .Untuk rekap trade selengkapnya bisa di lihat melalui link berikut
info selanjutnya silahkan bergabung di channel telegram kami di link berikut :

https://bit.ly/32yd4qk (100%) FREE

Di dalam di sertakan rekap trade yang sebenarnya baru di rekap walaupun sejauh ini creepy sudah berdiri kurang lebih 1 tahunan dengan posisi FLOATING TERTINGGI 70-90% akurat
Terimakasih sudah mendukung mimin selama ini dengan niat membantu kamu .

Rekap trade hari ini 07/11/2022 
1.MDKA : +10% 
2.BRMS :+30 / 10% 
3.INCO : +43% / 3% 
4.ADMR : +8% 
5.WINS : +181% 
6.SMDR : +13% 

Top Bagger Creepy
1.PNBN : +271%
2.PNLF : 111%
3,MEDC : +111%
4.CLEO :+50%
5.MBSS : +71%
6.HOMI : +54%
7.KRYA : +200% /34%
8.INCO : +43%
9.BUMI :+300% (CLOSE TRADE)
10.PGAS : +40-27%
11.AKRA : +111% / +20/7%/43%
12.BMRI : +43%
13.BBNI : +32%
14.BBCA : +25%
15.AKRA : +73%
16.INKP : +42%
17. FILM : +300%
18.KIOS : +94%
19.RMKE : +171%
20.ELSA : +31%
21.WINS : 181%

$PBRX $BUMI $ANTM $BBCA",siang mereview saham wins sesi saham wins tutup menguat senilai harga masuk topik pembahasan mimin ucapkan happy untung mengikuti mimin channel telegram priavate mimin fp senilai saham wins mari lanjutkan topik pembahsan teknikal saham iwns mengalami kenaikan fantastis berhasil untung resistance nya rate tanda lepasnya saham tahan kenaikan saham picu brekout nya saham wins resistance area double bottom target tercapai lantas saham layak koleksi how to trade belinya menunggu koreksi tajam asumsi rate koreksi area potensi melanjutkan uptrendlinenna beresiko targetnya area discon dyor notes lakukan riset mandiri tindakan aksi jual beli catatan alat tolak ukur tindakan asisten membantu mengambil keputusan tidak keputusan kepastian tangan resiko ketetapan atur pribadi bersangkutan terimakasih mimin total followers verified badge stockbit telegram terimakasih besarnya keluarga mimin tergabung creepyvesment private creepystocks rekap trade selengkapnya lihat link info silahkan bergabung channel telegram link free sertakan rekap trade rekap creepy berdiri kurang tahunan posisi floating tertinggi akurat terimakasih mendukung mimin niat membantu rekap trade mdka brms inco admr wins smdr top bagger creepy pnbn pnlf medc cleo mbss homi krya inco bumi close trade pgas akra bmri bbni bbca akra inkp film kios rmke elsa wins,Positif (+1),87.0,Negatif (-1),0.4833,BEDA ⚠️,
656,16815752,2024-12-20 15:41:29,$GOTO $NINE $BBCA sabar pasti bagger,sabar bagger,Positif (+1),9.5,Negatif (-1),0.4712,BEDA ⚠️,
657,7228338,2021-09-24 08:34:19,"proyeksi $IHSG 

$BBCA $TLKM $HMSP",proyeksi,Positif (+1),3.0,Negatif (-1),0.5011,BEDA ⚠️,
658,18188885,2025-04-14 18:55:01,"$BTPS ada yang bisa spil rups btps tahun lalu, suvenir nya apa aja 😅

$BBCA $BMRI",spil rups btps suvenir nya aja,Positif (+1),5.0,Negatif (-1),0.4323,BEDA ⚠️,
659,21043016,2025-09-17 23:16:27,"Edukasi Saham: Ritel Harus Paham Ini!

Buat teman-teman ritel, inget ya… saham itu bukan judi. Jangan cuma asal ikut pom-pom atau ikut rame di grup. Kalau kita masuk tanpa analisa, ujung-ujungnya sering nyangkut dan panik sendiri.

Ritel harus mulai belajar:
✅ Baca chart untuk tau support & resistance.
✅ Punya trading plan (target profit & cutloss).
✅ Kelola modal (jangan all-in, pakai uang dingin).

Dengan begitu, ritel nggak akan jadi korban di market, tapi bisa jadi pemain yang cerdas. Ingat, yang sabar dan disiplin biasanya yang menang. 😉

Dukung kami dengan like dan follow agar tidak ketinggalan informasi saham menarik lainnya! 🚀
$IHSG
$EMAS
$BBCA",edukasi saham ritel paham teman teman ritel inget ya saham bukan judi jangan pom pom rame grup masuk tanpa analisa ujung ujungnya rugi panik ritel belajar baca chart tau support resistance trading plan target untung rugi kelola modal jangan all in pakai uang dingin ritel nggak korban market pemain cerdas sabar disiplin menang dukung like follow tidak ketinggalan informasi saham menarik untung,Positif (+1),30.0,Negatif (-1),0.4436,BEDA ⚠️,
660,14310698,2024-03-25 20:55:22,"$IHSG $BBCA $BTPS 
Seperti apa fatwa MUI (Majelis Ulama Islam) tentang investasi saham? Supaya tidak ragu, mari kita bahas dalam artikel kali ini...

Baca artikel selengkapnya:
https://bit.ly/FatwaMUITentangInvestasiSaham 

#RivanKurniawanChannel #RKArticle",fatwa mui majelis ulama islam investasi saham tidak ragu mari bahas artikel kali baca artikel selengkapnya rivankurniawanchannel rkarticle,Positif (+1),4.0,Negatif (-1),0.459,BEDA ⚠️,
661,31149752,2026-05-03 07:48:19,"Common Stocks and Uncommon Profits by Philip Fisher.

Selamat pagi teman-teman di $IHSG.

Seperti biasa, hari Minggu saya gunakan untuk merangkum pelajaran dari buku-buku investasi, sebagai PENGINGAT untuk diri sendiri, dan semoga bisa memberi perspektif bagi kita semua. Kali ini, kita masuk ke salah satu TOKOH PENTING dalam dunia investasi: pemikiran dari Philip Fisher, seorang investor legendaris yang menjadi inspirasi awal bagi bahkan Warren Buffett dalam memahami KUALITAS BISNIS.

Philip Fisher mengajarkan kita bagaimana MEMAHAMI bisnis secara mendalam, hingga ke DNA-nya.

Fisher tidak melihat saham sebagai ANGKA di layar, tetapi sebagai REPRESENTASI dari sebuah perusahaan hidup yang memiliki visi, manajemen, budaya, dan kemampuan bertumbuh. Baginya, keuntungan besar di pasar modal TIDAK DATANG hanya dari membeli saham murah, tetapi dari memiliki perusahaan yang bisa melakukan VALUE CREATION. 

Inti dari ajaran Fisher bisa dirangkum dibawah, dimana ia merumuskan kerangka terkenal untuk mengidentifikasi perusahaan “uncommon”, perusahaan yang MAMPU memberikan PERTUMBUHAN luar biasa kepada investor.

⸻

1. Fisher menekankan pentingnya MARKET POTENSIAL. Perusahaan hebat harus berada di industri yang memiliki runway panjang, bukan sekadar besar hari ini, tetapi punya ruang EKSPANSI bertahun-tahun ke depan. Tanpa itu, bahkan manajemen terbaik pun akan terbatas.

2. Ia sangat fokus pada KUALITAS MANAJEMEN. Bukan hanya kompetensi operasional, tetapi integritas, visi jangka panjang, dan kemampuan beradaptasi. Fisher percaya bahwa manajemen yang hebat akan selalu menemukan cara untuk tumbuh, bahkan di KONDISI SULIT.

3. Research & Innovation. Perusahaan terbaik tidak hanya mempertahankan posisi, tetapi terus BERINOVASI untuk memperluas KOMPETITIF mereka. Mereka tidak reaktif, tetapi proaktif dalam menciptakan masa depan.

4. Profitabilitas yang Kuat. Bukan hanya margin tinggi hari ini, tetapi kemampuan menjaga dan MEMPERLUAS profit tersebut dalam jangka panjang. Ini yang membedakan bisnis biasa dengan bisnis yang hebat. 

5. Fisher sangat menekankan pada LONG TERM ORIENTATION. Ia terkenal dengan prinsipnya:
“If the job has been done correctly when a common stock is purchased, the time to sell it is almost never.”

Ini bukan berarti tidak pernah jual, tetapi MENEGASKAN bahwa keputusan terbesar bukan pada timing, melainkan pada kualitas aset yang kita miliki.

⸻

Menariknya, Fisher tidak terlalu TEROBSESI dengan valuasi murah seperti Benjamin Graham. Ia lebih memilih membeli GREAT COMPANY at a fair price, dibandingkan fair company at a great price. Karena dalam jangka panjang, kualitas akan mengalahkan segalanya. 

Namun di balik optimisme itu, Fisher juga SANGAT DISIPLIN. Ia menghindari perusahaan dengan manajemen tidak jelas, pertumbuhan yang dipaksakan, atau budaya internal yang buruk. Baginya, satu kesalahan dalam memilih manajemen bisa MENGHANCURKAN seluruh tesis investasi.

Semoga rangkuman ini bermanfaat.
Selamat hari Minggu teman-teman semua.

$ADRO $BBCA",common stocks and uncommon profits by philip fisher selamat pagi teman teman minggu merangkum pelajaran buku buku investasi pengingat semoga perspektif kali masuk salah tokoh dunia investasi pemikiran philip fisher investor legendaris inspirasi warren buffett memahami kualitas bisnis philip fisher mengajarkan memahami bisnis mendalam dna nya fisher tidak saham angka layar representasi perusahaan hidup memiliki visi manajemen budaya kemampuan bertumbuh baginya keuntungan pasar modal tidak membeli saham murah memiliki perusahaan value creation inti ajaran fisher dirangkum dibawah dimana merumuskan kerangka terkenal mengidentifikasi perusahaan uncommon perusahaan pertumbuhan investor fisher menekankan market potensial perusahaan hebat industri memiliki runway bukan ruang ekspansi bertahun tanpa manajemen terbaik terbatas fokus kualitas manajemen bukan kompetensi operasional integritas visi jangka kemampuan beradaptasi fisher percaya manajemen hebat menemukan tumbuh kondisi sulit research innovation perusahaan terbaik tidak mempertahankan posisi berinovasi memperluas kompetitif tidak reaktif proaktif menciptakan profitabilitas kuat bukan margin kemampuan menjaga memperluas untung jangka membedakan bisnis bisnis hebat fisher menekankan long term orientation terkenal prinsipnya if the job has been done correctly when common stock is purchased the time to sell it is almost never bukan tidak jual keputusan terbesar bukan timing kualitas aset miliki menariknya fisher tidak terobsesi valuasi murah benjamin graham memilih membeli great company at fair price dibandingkan fair company at great price jangka kualitas mengalahkan optimisme fisher disiplin menghindari perusahaan manajemen tidak pertumbuhan dipaksakan budaya internal buruk baginya kesalahan memilih manajemen menghancurkan tesis investasi semoga rangkuman bermanfaat selamat minggu teman teman,Positif (+1),75.5,Negatif (-1),0.5148,BEDA ⚠️,
662,29495492,2026-03-11 09:53:51,$BBCA dasar plenger $IHSG $BUMI 🗿🗿🗿,dasar plenger,Netral (0),0.0,Negatif (-1),0.4513,BEDA ⚠️,
663,20757369,2025-09-09 15:37:16,$BBCA siap2 lompat,lompat,Netral (0),0.0,Negatif (-1),0.4405,BEDA ⚠️,
664,22447805,2025-10-20 10:45:11,"Saham volatile sekali ya. Bandar maennya kasar banget belakangan. Pump & dump. Kurang likuiditas jadi gampang pump & dump kayaknya. 😬

Laporan LK Q3 akhir bulan ini mulai pada keluar. 10 harian lagi.

Sabar nunggu itu utk saham2 emasku (udah TP 50%-an sih) mungkin sisanya akan terus dihold aja krn story gold masih panjang ceritanya? Kita liat nanti. Nunggu LK Q3 $ARCI $HRTA PSAB yang seharusnya sih bagus banget. Q4-nya juga harusnya bagus banget juga.

Hari ini saham2 banking beterbangan, jarang2 liat $BBCA naek 5% lebih dalam sehari. Wow! Apakah ini saatnya banking play lagi? Semoga deh ya. Dah terlalu lama banking kita nyungsrep, banyak yang udah pada frustasi. Saya juga ada reksadana yang udah setaon kinerjanya memble bukannya naek malah turun mayan dalem. Hari ini naek minimal 3-4% sih itu reksadananya.

Hari ini saya juga mulai masuk ke banking lagi. Cicil2 aja. Kok cepet banget ini banking naeknya, jangan2 besok pump & dump juga. 🤭

Yuk funda play maen. Konglo play maen. IHSG 9000 dan ditutup di 10rb akhir taon.

🧴",saham volatile ya bandar maennya kasar banget pump dump kurang likuiditas gampang pump dump laporan lk harian sabar nunggu saham emasku untung an sih sisanya dihold aja krn story gold ceritanya liat nunggu lk psab sih bagus banget nya bagus banget saham banking beterbangan jarang liat naek sehari wow banking play semoga deh ya banking nyungsrep frustasi reksadana setaon kinerjanya memble naek turun mayan dalem naek minimal sih reksadananya masuk banking cicil aja cepet banget banking naeknya jangan besok pump dump yuk funda play maen konglo play maen ihsg ditutup rb taon,Positif (+1),34.5,Negatif (-1),0.4997,BEDA ⚠️,
665,28971274,2026-02-26 21:01:31,"Rilis data ekonomi US

➖ Initial Jobless Claims = 212K (vs previous 208K, vs consensus 215K)
❌ Continuing Jobless Claims = 1833K (vs previous 1864K, vs consensus 1860K)

Rendahnya jobless claims mengindikasikan pasar tenaga kerja US yang masih resilien.

Sampai saat ini belum ada sinyal yang kuat bagi Fed untuk melanjutkan cut rate.

$ANTM $BNGA $BBCA",rilis data ekonomi us initial jobless claims vs previous vs consensus continuing jobless claims vs previous vs consensus rendahnya jobless claims mengindikasikan pasar tenaga kerja us resilien belum sinyal kuat fed melanjutkan rugi rate,Negatif (-1),-1.0,Negatif (-1),0.5116,SAMA ✅,
666,18094181,2025-04-05 14:54:08,"lama bener liburnya, keburu dingin isu tarif Trump 

$BBRI $BBCA $USDIDR",bener liburnya keburu dingin isu tarif trump,Positif (+1),3.0,Negatif (-1),0.4682,BEDA ⚠️,
667,27505738,2026-01-28 22:06:11,"Brand emang sulit di lawan nama nya terlalu besar $BBCA, maka nya jadi market caps besar di indo",brand emang sulit lawan nama nya nya market caps indo,Negatif (-1),-2.0,Negatif (-1),0.4791,SAMA ✅,
668,15815297,2024-09-19 15:41:42,"makanya kita sorakin terus $NISP biar bandar $BBCA $BMRI $BRIS main kesini.

bandar asli nisp mah cekak wkwkwk 😅",sorakin biar bandar main kesini bandar asli nisp mah cekak wkwkwk,Positif (+1),5.0,Negatif (-1),0.4195,BEDA ⚠️,
669,32477521,2026-06-06 09:25:13,"""Hargai dividen se'kecil' apapun. 

Di era 'tolol' yang sibuk menjual mimpi, sesedikit apa pun dividen tetaplah itu adalah 'darah segar' yang benar-benar masuk ke portofolio anda."" - Harry JP

$BBCA $ESSA $ITMG",hargai dividen untung apapun era tolol sibuk menjual mimpi sesedikit dividen untung tetaplah darah segar masuk portofolio harry jp,Positif (+1),21.5,Negatif (-1),0.4718,BEDA ⚠️,
670,17326619,2025-02-01 19:17:36,"""IHSG 2025: Prediksi & Strategi! Yuk Join Instagram Live mancingsaham! 🚀📊""

Hey, sahabat trader & investor! 🎣
Kami balik lagi untuk ngupas prediksi IHSG 2025 dan strategi menghadapi pergerakan pasar yang seru banget ini! Siap-siap dapetin insight GRATIS dan interaktif bareng kita di sesi live spesial:

📅 Minggu, 02 Februari 2025 
🕖 Pukul 20.00 - 21.00 WIB
📍 Live di Instagram mancingsaham
Klik di sini buat join 👉 https://www.instagram.com/mancingsaham?igshid=MXNhY2xnNXBla3Q1cw==

Apa aja yang bakal dibahas?
✨ Prediksi arah IHSG ke depan.
✨ Tips dan strategi menghadapi tren pasar.
✨ Q&A interaktif, jawab pertanyaan & request analisis saham favorit Anda!

Ajak teman trading Anda, siapkan kopi, dan jangan lupa set reminder! ☕ Karena ini kesempatan emas buat tingkatin wawasan saham dan strategi investasi Anda.

Tag teman-teman Anda sekarang dan sampai jumpa di Live!

$BBRI $BMRI $BBCA",ihsg prediksi strategi yuk join instagram live mancingsaham untung hey sahabat trader investor ngupas prediksi ihsg strategi menghadapi pergerakan pasar seru banget dapetin insight gratis interaktif bareng sesi live spesial minggu februari wib live instagram mancingsaham klik join aja dibahas prediksi ihsg tips strategi menghadapi tren pasar interaktif request analisis saham favorit ajak teman trading siapkan kopi jangan lupa set reminder kesempatan emas tingkatin wawasan saham strategi investasi tag teman teman jumpa live,Positif (+1),55.0,Negatif (-1),0.4417,BEDA ⚠️,
671,32457149,2026-06-05 14:58:09,"Apa kabar yg udah resign ketika tulisan di Januari ini dibuat? Semoga mental masih aman 🫶


$TPIA $BBRI $BBCA",kabar yg resign tulisan januari semoga mental aman,Positif (+1),2.0,Negatif (-1),0.44,BEDA ⚠️,
672,17693881,2025-02-28 08:10:34,"Membuat ringkasan dengan AI     Indeks Harga Saham Gabungan atau IHSG merosot 1,83% atau 120,72 poin ke level 6.485 pada penutupan perdagangan saham sore ini, Kamis (27/2). Salah satu penyumbang adalah turunnya sejumlah saham perbankan raksasa hingga di atas 5%. Merujuk data perdagangan Bursa Efek ...",ringkasan ai indeks harga saham gabungan ihsg merosot poin level penutupan perdagangan saham sore kamis salah penyumbang turunnya saham perbankan raksasa merujuk data perdagangan bursa efek,Negatif (-1),-7.0,Negatif (-1),0.5027,SAMA ✅,
673,5229005,2021-01-05 10:09:14,"semua perhatian ke $ANTM mulu, coba tengok $BBCA tuh lagi ngamuk juga otw all-time high di 35000-35100, kalo bisa tembus itu BCA otw langit",perhatian mulu coba tengok tuh ngamuk otw all time high kalo tembus bca otw langit,Positif (+1),13.0,Negatif (-1),0.4474,BEDA ⚠️,
674,12214436,2023-09-06 10:22:21,$BBCA jln ditempat grak,jln ditempat grak,Netral (0),0.0,Negatif (-1),0.4825,BEDA ⚠️,
675,17760394,2025-03-05 10:47:28,"$BBCA
BBCA C nya sebenrnya Cielahh merokettt dong🤪🚀",bbca nya sebenrnya cielahh meroket untung,Positif (+1),4.0,Negatif (-1),0.4017,BEDA ⚠️,
676,11842645,2023-07-27 10:11:06,"$BBCA beli bbca ah, trus tidur",beli bbca ah trus tidur,Positif (+1),5.0,Negatif (-1),0.458,BEDA ⚠️,
677,28025441,2026-02-05 14:45:17,"kaum fundamentalis: nah kan 

$BBCA $BMRI $TLKM",kaum fundamentalis,Netral (0),0.0,Negatif (-1),0.508,BEDA ⚠️,
678,33026171,2026-06-24 08:16:34,"Penyedia indeks global Morgan Stanley Capital International (MSCI) mempertahankan status Indonesia sebagai pasar negara berkembang (emerging market).

Keputusan ini tertuang dalam MSCI 2026 Market Classification Review yang dirilis pada Selasa (23/6/2026) waktu setempat atau Rabu dini hari (24/6/2026).

“Kerangka Klasifikasi Pasar MSCI menentukan apakah suatu pasar termasuk pasar maju, berkembang, atau perbatasan berdasarkan tingkat aksesibilitas dan kelayakan investasi yang benar-benar dialami oleh investor institusional internasional,” kata Head of Market Classification and Taxonomies Raman Aylur Subramanian mengawali MSCI 2026 Market Classification Review, Rabu (24/6/2026).

$MSCI $IHSG $BBCA",penyedia indeks global morgan stanley capital international msci mempertahankan status indonesia pasar negara berkembang emerging market keputusan tertuang msci market classification review dirilis selasa rabu kerangka klasifikasi pasar msci menentukan pasar pasar maju berkembang perbatasan berdasarkan tingkat aksesibilitas kelayakan investasi dialami investor institusional internasional head of market classification and taxonomies raman aylur subramanian mengawali msci market classification review rabu,Negatif (-1),-2.0,Negatif (-1),0.4917,SAMA ✅,
679,27472169,2026-01-28 14:18:11,"Sepertinya mayoritas emiten akan ARB hari ini.

Susah kalau sudah soal TRUST!

$IHSG $BBCA $BMRI",mayoritas emiten turun susah trust,Negatif (-1),-6.0,Negatif (-1),0.4947,SAMA ✅,
680,27103686,2026-01-23 08:39:28,"Selamat pagi yaa temen"" semua, semoga kabarnya sehat"" selalu,

Hari ini kalau kita melihat pergerakan market global yg pada hijau sih semestinya IHSG juga akan bisa rebound n hijau hari ini, apalagi saat ini IHSG kita juga masih dikisaran"" area Supportnya yg ada dikisaran angka 9000, Adapun Target rebound IHSG jika mmg benar hari ini bisa rebound ada dikisaran angka 9050, lalu Nextnya bisa ke 9120an-9150an. Namun mesti diingat yaa bahwa dalam beberapa hari perdagangannya yang terakhir ini Foreign sudah terus menerus ada Outflow dari IHSG kita, bahkan kmrn Foreign Outflow sekitar 964 Milyar Rupiah, sehingga memang secara flow cenderung kurang begitu bagus belakangan ini di IHSG kita, adapun secara stochastic aku melihat juga baru"" ini ada signal SELL yg muncul dimana hal ini menunjukkan momentum bearish yg kembali muncul di IHSG kita, jadi waspadai juga n hati"" juga jika memang IHSGnya akan bisa terkoreksi n bisa menutup Gap yg ada dibawah yaitu ada dikisaran angka 8956. Adapun area Support Kuat untuk IHSG kita ada dikisaran angka 8840-8890.

At the end semoga marketnya bersahabat kembali dengan kita hari ini, happy trading all!

$BBCA $BMRI $BBRI",selamat pagi yaa temen semoga kabarnya sehat pergerakan market global yg sih semestinya ihsg untung ihsg dikisaran area supportnya yg dikisaran angka target untung ihsg mmg untung dikisaran angka nextnya an an mesti yaa perdagangannya foreign menerus outflow ihsg kmrn foreign outflow milyar rupiah flow cenderung kurang bagus ihsg stochastic signal sell yg muncul dimana momentum turun yg muncul ihsg waspadai hati ihsgnya terkoreksi menutup gap yg dibawah dikisaran angka area support kuat ihsg dikisaran angka at the end semoga marketnya bersahabat happy trading all,Positif (+1),26.0,Negatif (-1),0.4853,BEDA ⚠️,
681,22036607,2025-10-10 14:43:00,"gorengan kemaren sore 🗿

udah kisut & dingin

$BBCA $BBNI $BBRI BMRI BBTN",gorengan kemaren sore kisut dingin bmri bbtn,Positif (+1),4.0,Negatif (-1),0.4403,BEDA ⚠️,
682,33872199,2026-07-17 15:15:25,$BBCA gaskeuun,gaskeuun,Netral (0),0.0,Negatif (-1),0.4717,BEDA ⚠️,
683,19162099,2025-07-08 13:35:22,"$BBCA busuk , hama , malah jebol",busuk hama jebol,Negatif (-1),-8.0,Negatif (-1),0.4558,SAMA ✅,
684,19120821,2025-07-04 22:46:56,permisi apakah ada yg pernah pindah saham dari aplikasi biru ke sb? kalo ada yg pernah caranya gimana ya terutama untuk bagian pengisian no sub rekening efek itu bisa liat dimana? $CDIA $BBRI $BBCA,permisi yg pindah saham aplikasi biru sb kalo yg gimana ya pengisian no sub rekening efek liat dimana,Positif (+1),6.0,Negatif (-1),0.4855,BEDA ⚠️,
685,29663382,2026-03-17 09:26:20,$BBCA pindah ke komoditas..selama ekonomi belum bagus jauhi perbankan,pindah komoditas ekonomi belum bagus jauhi perbankan,Negatif (-1),-2.0,Negatif (-1),0.5025,SAMA ✅,
686,11150778,2023-04-18 13:02:25,"@DaffaPong $BBCA terlalu big bang. Market capnnya saja 1000T, kalau 1 bagger aja berarti harus jadi 2000T?? bisa kah",big bang market capnnya bagger aja kah,Positif (+1),5.5,Negatif (-1),0.4668,BEDA ⚠️,
687,23048415,2025-11-04 11:14:20,yakali BEI berani nusuk dri belakang para konglo yang udah berani bantu $IHSG naik 🤣🤣🤣 $BBCA $BREN,yakali bei berani nusuk dri konglo berani bantu,Negatif (-1),-3.0,Negatif (-1),0.433,SAMA ✅,
688,22501721,2025-10-21 10:30:12,"Saham $BBCA melonjak lebih dari 10 persen dalam 4 hari berturut-turut. Kira-kira kemana arah harga saham BBCA selanjutnya?

Kenaikan saham BBCA disertai oleh dua momentum:

Pertama, momentum rencana buyback Rp5 triliun dengan maksimal harga beli di Rp9.200 per saham.

Kedua, laporan keuangan yang menunjukkan tren laba bersih masih tumbuh positif, meski melambat.

Lalu, jika merujuk aksi buyback di awal tahun, apakah harga saham BBCA bisa ke atas Rp9.200 per saham? kami ulas selengkapnya di sini: https://www.mikirduit.com/menakar-peluang-saham-bbca-melewati-batas-minimal-harga-buyback-di-rp9-200/

$BMRI $BBNI",saham melonjak persen kemana harga saham bbca kenaikan saham bbca disertai momentum momentum rencana beli rp triliun maksimal harga beli rp saham laporan keuangan tren laba bersih tumbuh positif melambat merujuk aksi beli harga saham bbca rp saham ulas selengkapnya,Positif (+1),28.0,Negatif (-1),0.5,BEDA ⚠️,
689,32348951,2026-06-03 15:48:26,Jemput 5550 ndar 😁 $BBCA,jemput ndar,Netral (0),0.0,Negatif (-1),0.4825,BEDA ⚠️,
690,14215326,2024-03-14 18:54:17,"@WahyuMelodi iya, misalnya aja mau bandingin lapkeu $BBRI sama $BBCA gitu. gk usah semuanya",iya aja bandingin lapkeu gitu gk,Positif (+1),1.0,Negatif (-1),0.4205,BEDA ⚠️,
691,31726031,2026-05-13 20:29:47,"@Wicaksono17 asing exit besar itu awalnya April 2024 Mas, $BBRI dulu yg pertama asing sell, karena Q1 2024 growth banking melambat. Asing sell BBRI sepanjang 2024 profit taking, karena sudah akumulasi lot sejak 2021. Lalu 2025 2026 menyusul $BBCA $BMRI asing juga net sell besar.",asing exit april mas yg asing sell growth banking melambat asing sell bbri untung taking akumulasi lot menyusul asing net sell,Negatif (-1),-2.0,Negatif (-1),0.479,SAMA ✅,
692,32683246,2026-06-11 15:15:10,"Tiga hari terakhir, blue chip memimpin pemulihan. $BBCA, $ASII, $TLKM, satu per satu merangkak kembali ke level sebelum koreksi. Ada lega yang wajar. Ada juga kecemasan yang wajar: apakah ini pemulihan nyata, atau sekadar pantulan sebelum tekanan berikutnya datang? Belum lagi eskalasi rudal antara Amerika dan Iran yang sewaktu-waktu bisa mengubah sentimen dalam hitungan jam.

Dan di sanalah hampir semua kapasitas berpikir kita terserap: menganalisis arah konflik geopolitik, mendebatkan momentum kebijakan BBM pemerintah, menafsirkan apakah BI akan kembali mengintervensi rupiah. Wajar untuk dibaca. Tapi ada pertanyaan yang jauh lebih penting, yang justru tidak pernah muncul di tengah semua kebisingan itu.

---

Apa yang Berubah untuk Kamu?

Jika besok eskalasi memanas dan pasar panik lagi, apa yang menyelamatkanmu bukan kemampuan membaca formasi teknikal, bukan prediksi akurat tentang kebijakan bank sentral. Yang menyelamatkanmu adalah apakah dana darurat cukup, apakah modal yang kamu pakai memang uang dingin, apakah ukuran posisi proporsional, dan apakah kamu masih bisa menghasilkan dari keahlian di luar pasar.

Inilah empat fondasi yang hampir tidak pernah dibahas di ruang analisis mana pun, bukan karena tidak penting, justru karena terlalu penting untuk dijadikan konten harian yang menarik atensi.

---

Siklus yang Terus Memakan Korban

Perhatikan polanya. Saat pasar bullish: kejar momentum, jangan sampai ketinggalan. Fondasi tidak disentuh. Saat pasar bearish: cut loss, pindah ke instrumen aman, tunggu dulu. Fondasi tetap tidak disentuh. Saat pasar mulai berbalik naik: ikuti lokomotif, cermati level support, perhatikan intervensi. Fondasi sekali lagi tidak menjadi topik.

Polanya konsisten, dan bukan kebetulan. Selama kapasitas berpikir seseorang terus habis untuk meraba arah konflik global dan melompat strategi setiap kali muncul perlawanan teknikal kecil, tidak ada ruang mental tersisa untuk membangun hal yang sesungguhnya menentukan.

Dan ada biaya tersembunyi yang jarang dihitung: waktu. Setiap jam yang terserap untuk memantau pergerakan harga adalah satu jam yang tidak dipakai untuk meningkatkan keahlian yang menghasilkan. Dalam jangka panjang, bukan fluktuasi harga yang paling merusak, melainkan pengikisan kemampuan menghasilkan di dunia nyata, yang berujung pada menurunnya saving rate, yang berarti proses akumulasi modal menjadi semakin lambat dan sulit diakselerasi dari titik mana pun.

---

Bagaimana Para Pembangun Kekayaan Nyata Beroperasi

Buffett, Munger, Peter Lynch, Joel Greenblatt, dan Lo Kheng Hong serta Surono Subekti, tidak terkenal karena kemampuan memprediksi arah perang atau menebak timing intervensi bank sentral. Mereka dikenal karena satu hal: ketahanan temperamen yang konsisten di tengah kebisingan yang terus berganti.

Mereka tidak melikuidasi kepemilikan bisnis produktif hanya karena siklus berita sedang buruk. Mereka tahu bahwa menumpuk kas di tengah kepanikan memang terasa aman secara psikologis, tapi kas tidak tumbuh, dan inflasi tidak berhenti menghitung. Akumulasi kepemilikan di bisnis dengan keunggulan kompetitif nyata, pada harga yang memberi ruang keamanan yang cukup, dan ditahan dengan disiplin, itulah mekanisme yang terbukti lintas generasi.

Ada satu hal lagi yang sering dilupakan: emiten tidak peduli berapa lot yang kamu beli. Pergerakan harga harian tidak berkorelasi dengan kualitas keputusan investasimu. Yang berkorelasi adalah seberapa matang kalkulasi risikomu sebelum masuk, dan seberapa kuat fondasimu untuk tetap berdiri di skenario terburuk sekalipun.

---

Pertanyaan yang Lebih Jujur

Saat kamu membaca analisis tentang kekuatan blue chip hari ini, tentang ancaman geopolitik, tentang momentum kebijakan yang tidak tepat, coba ajukan satu pertanyaan yang lebih berguna pada diri sendiri:

Jika lokomotif berhenti besok dan pasar panik lagi, apakah keempat fondasi saya sudah cukup kuat sehingga saya tidak perlu mengikuti saran untuk segera bertransaksi, dan bisa tetap tenang tanpa kehilangan tidur?

Jika jawabannya belum, maka analisis tentang pergerakan blue chip minggu ini, secemerlang apapun, belum relevan untukmu saat ini. Yang relevan adalah apa yang sedang kamu bangun hari ini, di dunia nyata, terlepas dari apakah IHSG hijau atau merah besok pagi. 💯",blue chip memimpin pemulihan merangkak level koreksi lega wajar kecemasan wajar pemulihan nyata pantulan tekanan belum eskalasi rudal amerika iran mengubah sentimen hitungan jam sanalah kapasitas berpikir terserap menganalisis konflik geopolitik mendebatkan momentum kebijakan bbm pemerintah menafsirkan bi mengintervensi rupiah wajar dibaca tidak muncul kebisingan berubah besok eskalasi memanas pasar panik menyelamatkanmu bukan kemampuan membaca formasi teknikal bukan prediksi akurat kebijakan bank sentral menyelamatkanmu dana darurat modal pakai uang dingin ukuran posisi proporsional menghasilkan keahlian pasar fondasi tidak dibahas ruang analisis bukan tidak dijadikan konten harian menarik atensi siklus memakan korban perhatikan polanya pasar kejar momentum jangan ketinggalan fondasi tidak disentuh pasar turun rugi rugi pindah instrumen aman tunggu fondasi tidak disentuh pasar berbalik ikuti lokomotif cermati level support perhatikan intervensi fondasi tidak topik polanya konsisten bukan kapasitas berpikir habis meraba konflik global melompat strategi kali muncul perlawanan teknikal tidak ruang mental tersisa membangun sesungguhnya menentukan biaya tersembunyi jarang dihitung jam terserap memantau pergerakan harga jam tidak dipakai meningkatkan keahlian menghasilkan jangka bukan fluktuasi harga merusak pengikisan kemampuan menghasilkan dunia nyata berujung menurunnya saving rate proses akumulasi modal lambat sulit diakselerasi titik pembangun kekayaan nyata beroperasi buffett munger peter lynch joel greenblatt lo kheng hong surono subekti tidak terkenal kemampuan memprediksi perang menebak timing intervensi bank sentral dikenal ketahanan temperamen konsisten kebisingan berganti tidak melikuidasi kepemilikan bisnis produktif siklus berita buruk menumpuk kas kepanikan aman psikologis kas tidak tumbuh inflasi tidak berhenti menghitung akumulasi kepemilikan bisnis keunggulan kompetitif nyata harga ruang keamanan ditahan disiplin mekanisme terbukti lintas generasi dilupakan emiten tidak peduli lot beli pergerakan harga harian tidak berkorelasi kualitas keputusan investasimu berkorelasi matang kalkulasi risikomu masuk kuat fondasimu berdiri skenario terburuk jujur membaca analisis kekuatan blue chip jelek rugi geopolitik momentum kebijakan tidak coba ajukan berguna lokomotif berhenti besok pasar panik keempat fondasi kuat tidak mengikuti saran bertransaksi tenang tanpa kehilangan tidur jawabannya belum analisis pergerakan blue chip minggu secemerlang apapun belum relevan untukmu relevan bangun dunia nyata terlepas ihsg turun besok pagi,Positif (+1),55.5,Negatif (-1),0.5269,BEDA ⚠️,
693,27515431,2026-01-29 08:54:48,$BBCA efek buy-back diteken lagi harganya,efek buy back diteken harganya,Positif (+1),5.0,Negatif (-1),0.4474,BEDA ⚠️,
694,17431234,2025-02-08 09:56:50,Di kota  besar di Indonesia juga ada minimarket yg baru di buka sprtinya usaha besar krna dia buka dimna mana tapi yg bikin geleng geleng kepala itu toko nya yg datang belanja baru 1 2 orng tapi tukang parkir nya sudah ada..ini tentu saja cukup mengganggu untuk pelaku usaha $BBRI $BBCA $BMRI,kota indonesia minimarket yg buka sprtinya usaha krna buka dimna yg bikin geleng geleng kepala toko nya yg belanja orng tukang parkir nya mengganggu pelaku usaha,Positif (+1),6.0,Negatif (-1),0.456,BEDA ⚠️,
695,28225798,2026-02-10 12:40:24,"$FASW LK Full Year 2025: Cetak Rugi Lagi

Baru 8 saham yang rilis LK Full Year 2025. Dari 8 saham, 6 saham cetak laba yaitu $BBCA BMRI BBNI NISP BRIS $ISAT 

Sedangkan yang cetak rugi adalah JGLE dan FASW.

Rugi nya 1,1 Triliun rupiah. Banyak juga ini rugi.

Rugi karena COGS lebih gede dari revenue. Jualan 8000, beban nya 9000. Tekor.

Tapi saya suka lihat perusahaan pede begini. Rugi pun tetep rajin rilis laporan keuangan. Tidak pake acara tunda-tunda rilis. 

Laporkan saja apa adanya 😌

Ini bukan rekomendasi jual dan beli saham. Keputusan ada di tangan masing-masing investor. 

Untuk diskusi lebih lanjut bisa lewat External Community Pintar Nyangkut di Telegram dengan mendaftarkan diri ke External Community menggunakan kode: A38138
Link Panduan https://stockbit.com/post/13223345

Kunjungi Insight Pintar Nyangkut di sini https://cutt.ly/ne0pqmLm

Disclaimer: http://bit.ly/3RznNpU",lk full year cetak rugi saham rilis lk full year saham saham cetak laba bmri bbni nisp bris cetak rugi jgle fasw rugi nya triliun rupiah rugi rugi cogs gede revenue jualan beban nya tekor suka lihat perusahaan pede rugi tetep rajin rilis laporan keuangan tidak pake acara tunda tunda rilis laporkan bukan rekomendasi jual beli saham keputusan tangan investor diskusi external community pintar rugi telegram mendaftarkan external community kode link panduan kunjungi insight pintar rugi disclaimer,Negatif (-1),-3.0,Negatif (-1),0.5218,SAMA ✅,
696,31083156,2026-04-30 10:22:58,$BBCA Bjirrrr wkwkkwkkkkkw gilakk,bjir wkwkkwkw gilakk,Netral (0),0.0,Negatif (-1),0.451,BEDA ⚠️,
697,22437733,2025-10-20 09:35:59,$BBCA goes to 10.000 😂,goes to,Netral (0),0.0,Negatif (-1),0.4758,BEDA ⚠️,
698,32625945,2026-06-10 13:32:47,$IHSG TUNJUKKAN TARING KALIAN SEMUA INVESTOR DOMESTIK KITA SEBAGAI MACAN ASIA DUNIA DI NEGARA INDONESIA KAYA RAYA JANGAN SAMPAI NEGARA KECIL MENINDAS NEGARA KITA SEMUA $BBCA $BUMI🔥🔥🔥,tunjukkan taring investor domestik macan asia dunia negara indonesia kaya raya jangan negara menindas negara untung untung untung,Positif (+1),20.0,Negatif (-1),0.477,BEDA ⚠️,
699,21010729,2025-09-17 11:38:21,$BBCABQCX5A sebelum ketinggalan gais sesi 2 🚀🚀 $BBCA $BRPT,ketinggalan gais sesi untung untung,Positif (+1),5.0,Negatif (-1),0.4137,BEDA ⚠️,
700,22593490,2025-10-22 23:06:51,"🚀ANALISA DETAIL POTENSI MULTIBAGGER MOMENTUM SUDAH BREAKOUT ⚡ 
 $KEEN — Indonesia’s quietly exploding hydro play (volume naik, harga mulai breakout)

Apa bisnisnya? KEEN adalah pengembang pembangkit listrik energi terbarukan (utama: hydropower). Portofolionya meliputi PLTA Pakkat (18 MW) & PLTA Air Putih (21 MW) yang sudah komersial; KEEN juga mengoperasikan/menyiapkan proyek mini-hydro lain seperti Ma’dong dan Ordi Hulu dalam pipeline. Perusahaan menegaskan diri sebagai renewables provider dengan rencana ekspansi agresif bersama PLN. Seberapa besar target ekspansinya di tahun ini? 650 MW. Luar biasa gilanya jika valuasi masih diangka segini.

Momentum pasar (yang lagi gerak sekarang):
Volume meledak beberapa hari terakhir—jauh di atas rata-rata 3 bulanan—sering menjadi bread and butter breakout teknikal. Data harian menunjukkan lonjakan jutaan lembar dalam sesi-sesi terakhir, dengan harga menembus rentang 52-week high.

Market cap saat ini di kisaran ~Rp3.9 triliun (per 22 Okt 2025), yang—jika dibandingkan dengan executed capacity sekarang vs pipeline ratusan MW—membuat rasio “EV per MW pipeline” relatif terlalu rendah selama proyek bisa dikunci PPA & reach COD tepat waktu.

Kenapa narasinya lagi bagus?

Makro Indonesia pro-renewables. Target bauran EBT makin agresif, dan hydropower adalah tulang punggung baseload bersih di Indonesia (kapasitas terpasang nasional ±6.6 GW). Ini bikin story KEEN “ketemu” selera dana ESG. Line-of-sight proyek. Materi korporat + riset lama menunjukkan pipeline skala ratusan MW sudah disiapkan.

Apakah “hidden gem” & berpotensi multibagger?

Bull case (narasi): Kalau KEEN bisa mengunci & mengeksekusi >300–650 MW dalam 1–3 tahun (COD bertahap), maka pendapatan berulang (PPA PLN) + re-rating ESG bisa menaikkan kelipatan valuasi (utilities/IPP hijau sering dihargai premium terhadap aset terpasang). Riset terdahulu bahkan menyebut capex ~US$2.5 juta/MW untuk proyek 200 MW—angka ini memberi gambaran skala investasi & potensi pendapatan jangka panjang. 

Bandingkan market cap saat ini (~Rp3.9T) dengan nilai aset berjalan + NPV proyek bila 200–650 MW on-stream. Selama proyek dikunci, re-rating menuju utilities-like multiple itu masuk akal—ini alasan kenapa banyak yang menyebut “masih very undervalued” terhadap pipeline.

Ngapain anda masih habisi waktu di $BBCA $BBRI ??",untung analisa detail potensi multibagger momentum untung indonesia quietly exploding hydro play volume harga untung bisnisnya keen pengembang pembangkit listrik energi terbarukan utama hydropower portofolionya meliputi plta pakkat mw plta air putih mw komersial keen mengoperasikan proyek mini hydro ma ordi hulu pipeline perusahaan renewables provider rencana ekspansi agresif pln target ekspansinya mw gilanya valuasi diangka segini momentum pasar gerak volume meledak bulanan bread and butter untung teknikal data harian lonjakan jutaan lembar sesi sesi harga menembus rentang week high market cap kisaran rp triliun okt dibandingkan executed capacity vs pipeline ratusan mw rasio ev mw pipeline relatif rendah proyek dikunci ppa reach cod narasinya bagus makro indonesia pro renewables target bauran ebt agresif hydropower tulang punggung baseload bersih indonesia kapasitas terpasang nasional gw bikin story keen ketemu selera dana esg line of sight proyek materi korporat riset pipeline skala ratusan mw disiapkan hidden gem berpotensi multibagger case narasi keen mengunci mengeksekusi mw cod bertahap pendapatan berulang ppa pln re rating esg menaikkan kelipatan valuasi utilities ipp dihargai premium aset terpasang riset menyebut capex us juta mw proyek mw angka gambaran skala investasi potensi pendapatan jangka bandingkan market cap rp nilai aset berjalan npv proyek mw on stream proyek dikunci re rating utilities like multiple masuk akal alasan menyebut very undervalued pipeline ngapain habisi,Positif (+1),53.5,Negatif (-1),0.4453,BEDA ⚠️,
701,8552581,2022-04-28 16:48:07,"$BBHI Closing yang mantappp..
Ayokk Mudik, hilangkan penat akibat floating yang tak kunjung reda. 
.
Maaf lahir batin untuk semuanya .
Selamat hari raya Idul Fitri 1443 H bagi yang menjalankan. 
.
Mari bersama saling memaafkan bagi yang suka tebar. 

$ADMR $BBCA $GOTO",closing mantap ayokk mudik hilangkan penat akibat floating kunjung reda maaf lahir batin selamat raya idul fitri menjalankan mari memaafkan suka tebar,Positif (+1),24.0,Negatif (-1),0.4381,BEDA ⚠️,
702,20748057,2025-09-09 13:06:13,"$BBCA makin hari makin menarik aja nih kalo diperhatiin, gemesh😂",menarik aja nih kalo diperhatiin gemesh,Positif (+1),5.0,Negatif (-1),0.4005,BEDA ⚠️,
703,17561178,2025-02-19 10:08:55,"Kungu HAKA bawah, HAKI atas $WIFI $SCMA $BBCA",kungu beli jual,Positif (+1),3.0,Negatif (-1),0.5159,BEDA ⚠️,
704,31871440,2026-05-19 16:41:01,"Belum lama ini Menkeu Purbaya Optimis IHSG bisa mencapai level 28.000 dan Presiden Prabowo percaya diri nilai tukar Rupiah $USDIDR bisa menguat ke 5.000. 💹Kalau menurut keyakinan saya justru sebaliknya, lebih dekat ke Nilai Tukar Rupiah melemah ke 28.000 dan $IHSG ke level 5.000📉. Melihat kondisi politik dan ekonomi dalam negeri yang kacau balau saat ini, apabila dalam setahun kedepan masyarakat tetap santuy dan tidak ada kejadian demo besar/revolusi maka menurut pandangan saya mayoritas rakyat Indonesia menganut fetish masokisme, dimana rakyat disiksa oleh kebijakan pemerintah justru semakin menikmati. Begitukah? 🤔😌 Colek $BBCA",belum menkeu purbaya optimis ihsg mencapai level presiden prabowo percaya nilai tukar rupiah menguat keyakinan nilai tukar rupiah melemah level rugi turun kondisi politik ekonomi negeri kacau balau setahun kedepan masyarakat santuy tidak kejadian demo revolusi pandangan mayoritas rakyat indonesia menganut fetish masokisme dimana rakyat disiksa kebijakan pemerintah menikmati colek,Positif (+1),10.0,Negatif (-1),0.4804,BEDA ⚠️,
705,18171569,2025-04-13 11:59:18,"IKN Ibu Kota INDONESIA Masa Depan

Mohon Tim Patriot agar secara bertahap sudah mulai melakukan alih fungsi Pemerintahan. Infrastruktur dan sarana sebagian besar sudah jadi. Jangan dibiarkan kosong dalam waktu lama, karena biaya maintenance bakal meningkat berlipat.

Secara bertahap setiap Kementerian dan Lembagai sudah mulai ada yg bertugas di IKN. Ini juga bagus dari sisi menarik INVESTASI ASING dan DOMESTIK. 

Rumah dinas para menteri juga sudah jadi. Apartemen buat ASN Polri TNI juga sudah siap. Kalo lama dibiarkan tidak berpenghuni, malah banyak yg jadi rusak. Butuh tambahan anggaran lagi. 

Tidak perlu menunggu dekat2 2028, dimana IKN sudah menjadi IBUKOTA EKSEKUTIF, LEGISLATIF dan YUDIKATIF.

BERANI - BENAR - BERHASIL

$ADRO $PANI $BBCA",ikn kota indonesia mohon tim patriot bertahap alih fungsi pemerintahan infrastruktur sarana jangan dibiarkan kosong biaya maintenance meningkat berlipat bertahap kementerian lembagai yg bertugas ikn bagus sisi menarik investasi asing domestik rumah dinas menteri apartemen asn polri tni kalo dibiarkan tidak berpenghuni yg rusak butuh tambahan anggaran tidak menunggu dimana ikn ibukota eksekutif legislatif yudikatif berani berhasil,Positif (+1),17.0,Negatif (-1),0.601,BEDA ⚠️,
706,30563445,2026-04-20 16:09:15,$CFIN divyield double digit kah om 😃 $BBRI $BBCA,divyield double digit kah om,Netral (0),0.0,Negatif (-1),0.453,BEDA ⚠️,
707,7365255,2021-10-18 01:26:04,"Berkah Stock Split BBCA, Market Cap Bank BCA Menuju Rp1.000 Triliun

Emiten perbankan milik Grup Djarum, PT Bank Central Asia Tbk (BBCA) kian mantap menduduki posisi pertama dengan kapitalisasi pasar (market cap) paling jumbo di Bursa Efek Indonesia (BEI). 

Saat ini, kapitalisasi pasar BBCA sebesar Rp943,05 triliun dan berpotensi menyentuh level Rp1.000 triliun. Nilai tersebut terus melejit pascaaksi pemecahan nominal saham alias stock split yang digelar perseroan beberapa waktu lalu. $BBCA $IDXFINANCE https://www.trenasia.com/berkah-stock-split-bbca-market-cap-bank-bca-menuju-rp-1-000-triliun",berkah stock split bbca market cap bank bca rp triliun emiten perbankan milik grup djarum pt bank central asia tbk bbca kian mantap menduduki posisi kapitalisasi pasar market cap jumbo bursa efek indonesia bei kapitalisasi pasar bbca rp triliun berpotensi menyentuh level rp triliun nilai melejit pascaaksi pemecahan nominal saham alias stock split digelar perseroan,Positif (+1),14.0,Negatif (-1),0.5307,BEDA ⚠️,
708,32310883,2026-06-03 10:12:19,"OMA BAHAGIA SEKALI, PREDIKSI OMA terkait saham BBCA yang sangat busuk dan sangat keji merampok HARTA ritel unyu dan polos serta ritel DENIAL HAMPIR MENJADI KENYATAAN
MAMPUUUUUUUUUS KALIAN SEMUA PARA HATERS OMA, SIAPAPUN YG SUDAH MENGHINA DAN MERENDAHKAN OMA, OMA DOAKAN MISKIN 7 TURUNAN DYOR
$TPIA $NCKL $BBCA",oma bahagia prediksi oma terkait saham bbca busuk keji merampok harta ritel unyu polos ritel denial kenyataan mampus haters oma yg menghina merendahkan oma oma doakan miskin turunan dyor,Negatif (-1),-37.0,Negatif (-1),0.4851,SAMA ✅,
709,19457960,2025-07-21 15:34:01,$BBCA $SMRA $SCMA Kalau IPO pilih mana,ipo pilih,Negatif (-1),-2.0,Negatif (-1),0.4649,SAMA ✅,
710,10748522,2023-02-10 22:04:34,"Malam teman2 $IHSG, bagi info dong.
Ada yang sekuritasnya bisa pake rekening bank syariah untuk dijadiin RDN?, terutama BCA Syariah.
Kalau boleh sharing experience-nya dong🙏🏼
(pendaftaran, fee jual & beli sama pengalaman transaksi).
$BBCA Syariah, $BRIS
Terima kasih sebelumnya 🙏🏼",malam teman info sekuritasnya pake rekening bank syariah dijadiin rdn bca syariah sharing experience nya pendaftaran fee jual beli pengalaman transaksi syariah terima kasih,Positif (+1),11.0,Negatif (-1),0.4185,BEDA ⚠️,
711,31730556,2026-05-14 11:25:27,"1. Buat yang banyak tanya kesaya kenapa PKPK terus

Namanya juga berlian di tumpukan jerami, perusahaan bagus harga masih murah, bukannya begitu toh cara kita investasi?

$BBCA $DSSA $BREN",kesaya pkpk namanya berlian tumpukan jerami perusahaan bagus harga murah investasi,Positif (+1),6.0,Negatif (-1),0.4555,BEDA ⚠️,
712,17552024,2025-02-18 14:51:32,$BBCA pegang omongan gw biang keronyka jp morgan (bk),pegang omongan gw biang keronyka jp morgan bk,Negatif (-1),-6.0,Positif (+1),0.4293,BEDA ⚠️,
713,33834074,2026-07-16 17:46:26,"@OwenG22 nak 1% aja di bilang meroket, hadeh cil cil lucu amad cih kmu cil $BMRI $BBCA $BBCA",nak aja bilang meroket hadeh cil cil lucu amad cih kmu cil,Netral (0),0.0,Negatif (-1),0.4413,BEDA ⚠️,
714,20227018,2025-08-20 14:03:43,"$BBCA
Udah buyback 25 lot kl turun beli lg",beli lot turun beli lg,Positif (+1),1.0,Negatif (-1),0.4842,BEDA ⚠️,
715,32648038,2026-06-10 22:58:37,@maleosx silahkan lihat ini 🪟🙂🙂🙂... sudah?!!...BAGUSSS!!...Jangan didengar dan jangan ditanggapi salah satu orang NPD Singapura ini!!!..SELL SINGAPURA...SAVE INDONESIA...SAVE RUPIAH $IHSG $BBCA $BUMI,silahkan lihat bagus jangan didengar jangan ditanggapi salah orang npd singapura sell singapura save indonesia save rupiah,Positif (+1),11.0,Negatif (-1),0.4502,BEDA ⚠️,
716,16794655,2024-12-19 11:17:15,"Tenang gaes, harga terendah ambrol hari ini pada jeblok tentu akan terlihat menjadi pucuk ATH dalam 6 bulan ke depan. 

Hari esok bisa akan lebih buruk lagi. 

$IHSG $BBCA $BBRI",tenang gaes harga terendah ambrol jeblok pucuk ath esok buruk,Negatif (-1),-4.0,Negatif (-1),0.4739,SAMA ✅,
717,12722130,2023-10-26 16:13:07,@VICHS88 semoga aja senin ARA $BBCA,semoga aja senin,Positif (+1),1.0,Negatif (-1),0.4471,BEDA ⚠️,
718,33803214,2026-07-16 10:18:35,$BBCA jalan di tempat,jalan,Netral (0),0.0,Negatif (-1),0.4979,BEDA ⚠️,
719,27559812,2026-01-29 11:23:14,"$BBCA Sedikit nasihat saya untuk $IHSG hari ini. Jangan menangkap pisau jatuh karena gak tau seberapa dalam jatuhnya. 
Cicil ya jangan all in",nasihat jangan menangkap pisau jatuh tidak tau jatuhnya cicil ya jangan all in,Negatif (-1),-1.5,Negatif (-1),0.4666,SAMA ✅,
720,14237981,2024-03-18 10:17:40,$BBCA kalo nyicil sekarang oke ga nih? apa tunggu turun dulu,kalo nyicil oke tidak nih tunggu turun,Negatif (-1),-2.0,Negatif (-1),0.4253,SAMA ✅,
721,30862087,2026-04-24 16:50:00,$BBCA sudah bottom belum bang?,bottom belum bang,Netral (0),0.0,Negatif (-1),0.4196,BEDA ⚠️,
722,7476900,2021-11-08 10:10:32,"Jakarta - Indeks Harga Saham Gabungan (IHSG) terpantau dibuka menguat perdagangan hari ini, Senin, 8 November 2021. Pada awal perdagangan pukul 09.00 WIB, IHSG menguat di level 6.599,40.IHSG sempat menyentuh level tertingginya pada 6.610,66 pada beberapa menit setelah pembukaan. Tercatat, sebanyak 2...",jakarta indeks harga saham gabungan ihsg terpantau dibuka menguat perdagangan senin november perdagangan wib ihsg menguat level ihsg menyentuh level tertingginya menit pembukaan tercatat,Netral (0),0.0,Negatif (-1),0.4899,BEDA ⚠️,
723,28416423,2026-02-13 10:36:27,"ayo $BUMI , apalagi yang menahanmu, tak ada lagi rantai² MSCI yang selama ini mengikat kakimu agar tidak Ara. Ayo mengamuklah! 

rt; $DEWA $BBCA",ayo menahanmu rantai msci mengikat kakimu tidak ayo mengamuklah rt,Negatif (-1),-3.0,Negatif (-1),0.4774,SAMA ✅,
724,17341116,2025-02-03 12:23:08,"Boleh dong teman"" spill di avg berapa invest di $TLKM ??? 

rndm tag 
$IHSG $BBCA",teman spill avg invest rndm tag,Netral (0),0.0,Negatif (-1),0.4261,BEDA ⚠️,
725,6929923,2021-08-12 08:26:23,"$SOHO gw dikasihtau teman soho tinggal 70 rb lot,,jadi siapa cepat dapat,,,nampaknya soho bakal tender offer..
$BDMN,,$BBCA,$ADRO",gw dikasihtau teman soho tinggal rb lot cepat nampaknya soho tender offer,Positif (+1),4.0,Negatif (-1),0.4978,BEDA ⚠️,
726,17829251,2025-03-11 09:23:19,"$BBRI kl jebol lagi 3500nya..

serok di 3000  😂 😂 😂

$BMRI $BBCA",jebol nya beli,Positif (+1),2.0,Negatif (-1),0.4438,BEDA ⚠️,
727,32111154,2026-05-25 11:42:47,$BBCA $BBRI gain setengah hari uda setara bunga deposito setahun.,gain uda setara bunga deposito setahun,Positif (+1),8.0,Negatif (-1),0.4796,BEDA ⚠️,
728,32431603,2026-06-05 09:59:13,"$IHSG Sebenarnya dari pola 3 hari ini, sepertinya ada perintah supaya presiden tidak malu, penurunan indeks dibuat bertahap. Seharusnya ini trading halt lagi (menjadi 4 kali selama masa presiden) tapi dibagi menjadi beberapa hari. Negara sudah hancur dari kepala, percuma yang dipotong leher kebawah kalau yang bermasalah dikepala. Ikan busuk dimulai dari kepala. 
 $BBCA $BBRI",pola perintah presiden tidak malu penurunan indeks bertahap trading halt kali presiden dibagi negara jelek kepala dipotong leher kebawah bermasalah dikepala ikan busuk kepala,Positif (+1),4.0,Negatif (-1),0.4893,BEDA ⚠️,
729,30282220,2026-04-14 14:11:52,"$EMTK $WBSA $BBCA
Walah kenapa kamu turun?",walah turun,Negatif (-1),-3.0,Negatif (-1),0.4173,SAMA ✅,
730,29269408,2026-03-05 06:31:47,$BBCA semua udh pada dijualin tinggal sempak aja yg belum kejuall,dijualin tinggal sempak aja yg belum kejuall,Positif (+1),2.0,Negatif (-1),0.4152,BEDA ⚠️,
731,20959435,2025-09-16 11:14:25,$BBCA sesi 2 turun lg gak nih? siap serok 🤭,sesi turun lg tidak nih beli,Negatif (-1),-5.0,Negatif (-1),0.3755,SAMA ✅,
732,22985803,2025-11-02 12:08:41,"Apa ini keputusan benar $BBRI , karna research dan bincang2 bulan lalu tepat sasaran hanya naik 8% , jauh tertinggal sama $BBCA ;)",keputusan karna research bincang sasaran tertinggal,Positif (+1),3.0,Negatif (-1),0.4501,BEDA ⚠️,
733,6102307,2021-03-31 12:55:04,"Ipotnews - Pada akhir perdagangan sesi I, Rabu (31/3),  IHSG  tergelincir signifikan hingga menanggalkan level psikologis 6.000.  IHSG  tumbang ke zona merah, tergerus -1,78 persen (-108 poin) ke posisi 5.963. Indeks LQ45 -2,01% ke 898.Indeks IDX30 -1,95% ke 478.Indeks IDX80 -1,97% ke 128.Jakarta Is...",ipotnews perdagangan sesi rabu ihsg tergelincir signifikan menanggalkan level psikologis ihsg tumbang zona turun tergerus persen poin posisi indeks lq indeks idx indeks idx jakarta is,Positif (+1),3.0,Negatif (-1),0.4782,BEDA ⚠️,
734,32538110,2026-06-08 19:29:03,"Alkisah Porto yang Merah

Pada suatu hari, di Negeri Keuangan, hiduplah seorang pemuda bernama Porto.

Porto memiliki kebun investasi yang berisi berbagai macam tanaman. Ada pohon saham, pohon obligasi, dan beberapa tanaman emas.

Selama bertahun-tahun kebunnya tumbuh dengan baik.

Namun suatu hari, badai besar datang.

Angin bertiup kencang.

Daun-daun berguguran.

Harga tanaman saham di kebun Porto mulai jatuh.

Satu per satu tetangganya panik.

""Aduh! Kebunku merah!""

""Habis sudah tabunganku!""

""Jual! Jual semuanya!""

Porto melihat kebunnya.

Biasanya kebunnya berwarna hijau segar.

Kini hampir seluruhnya berubah merah.

Ia sedih.

Sangat sedih.

Setiap pagi ia membuka gerbang kebunnya dan berharap warna hijau kembali muncul.

Tapi yang terlihat justru merah semakin pekat.

Suatu malam, Porto bertemu seorang kakek tua bernama Waktu.

Kakek Waktu bertanya,

""Kenapa kau terlihat murung, Porto?""

Porto menunjuk kebunnya.

""Lihatlah. Semua tanamanku merah. Aku merasa gagal.""

Kakek Waktu tersenyum.

""Lalu apa yang kau tanam?""

""Pohon-pohon terbaik yang bisa kubeli.""

""Apakah pohonnya mati?""

""Tidak.""

""Apakah akarnya rusak?""

""Tidak juga.""

""Apakah buahnya berhenti tumbuh?""

""Sepertinya tidak.""

Kakek Waktu tertawa kecil.

""Kalau begitu, yang merah itu apa?""

Porto terdiam.

Ia baru sadar.

Yang merah hanyalah papan harga yang dipasang pedagang di pasar.

Pohonnya masih berdiri.

Akarnya masih kuat.

Buahnya masih akan tumbuh.

Yang berubah hanyalah harga yang ditawarkan orang hari itu.

Keesokan harinya, Porto berjalan ke pasar.

Ia melihat para pedagang berteriak.

""Harga turun!""

""Harga turun!""

""Harga turun!""

Namun Porto kini melihat sesuatu yang berbeda.

Saat harga turun, ternyata bibit pohon yang sama menjadi lebih murah.

Ia bisa membeli lebih banyak dengan uang yang sama.

Sejak saat itu Porto berhenti memandangi warna merah setiap menit.

Ia lebih sering memeriksa kesehatan pohon-pohonnya.

Apakah pohon itu masih menghasilkan buah?

Apakah akarnya masih kuat?

Apakah kebunnya masih memiliki masa depan?

Tahun demi tahun berlalu.

Badai datang dan pergi.

Warna merah datang dan pergi.

Tetangga yang dulu panik silih berganti keluar masuk pasar.

Tetapi Porto tetap merawat kebunnya.

Sampai suatu hari, ia berdiri di atas bukit dan melihat kebunnya telah menjadi yang terbesar di negeri itu.

Lalu datang seorang anak muda dan bertanya,

""Porto, apa rahasiamu?""

Porto tersenyum.

""Dulu aku mengira warna merah adalah musuh.""

""Lalu?""

""Ternyata musuh sebenarnya bukan warna merah.""

""Apa itu?""

""Ketakutan yang membuat kita melakukan hal bodoh saat melihat warna merah.""

Anak muda itu mengangguk.

Dan sejak hari itu, cerita tentang Porto yang Merah menjadi dongeng yang sering diceritakan para investor kepada mereka yang baru pertama kali melihat portofolionya berwarna merah.

Tamat.

Pesan cerita: Portofolio yang merah tidak selalu berarti investasi kita buruk. Kadang itu hanyalah bagian dari perjalanan. Yang terpenting bukan warna hari ini, melainkan kualitas aset yang kita miliki dan kemampuan kita untuk tetap tenang saat badai datang.

$BBRI $BRIS $BBCA

https://youtube.com/@sumantriify?si=QmXM8-m1Ryb_DXnV",alkisah porto turun negeri keuangan hiduplah pemuda bernama porto porto memiliki kebun investasi berisi tanaman pohon saham pohon obligasi tanaman emas bertahun kebunnya tumbuh badai angin bertiup kencang daun daun berguguran harga tanaman saham kebun porto jatuh tetangganya panik aduh kebunku turun habis tabunganku jual jual porto kebunnya kebunnya berwarna segar berubah turun sedih sedih pagi membuka gerbang kebunnya berharap warna muncul turun pekat malam porto bertemu kakek tua bernama kakek kau murung porto porto kebunnya lihatlah tanamanku turun jelek rugi kakek tersenyum kau tanam pohon pohon terbaik kubeli pohonnya mati tidak akarnya rusak tidak buahnya berhenti tumbuh tidak kakek tertawa turun porto terdiam sadar turun papan harga dipasang pedagang pasar pohonnya berdiri akarnya kuat buahnya tumbuh berubah harga ditawarkan orang keesokan harinya porto berjalan pasar pedagang berteriak harga turun harga turun harga turun porto berbeda harga turun bibit pohon murah membeli uang porto berhenti memandangi warna turun menit memeriksa kesehatan pohon pohonnya pohon menghasilkan buah akarnya kuat kebunnya memiliki badai pergi warna turun pergi tetangga panik silih berganti masuk pasar porto merawat kebunnya berdiri bukit kebunnya terbesar negeri anak muda porto rahasiamu porto tersenyum warna turun musuh musuh bukan warna turun ketakutan bodoh warna turun anak muda mengangguk cerita porto turun dongeng diceritakan investor kali portofolionya berwarna turun tamat pesan cerita portofolio turun tidak investasi buruk kadang perjalanan terpenting bukan warna kualitas aset miliki kemampuan tenang badai,Negatif (-1),-93.0,Negatif (-1),0.5032,SAMA ✅,
735,28669385,2026-02-20 20:58:04,"$TSPC
long term investment,
dividen 7% setahun
capital gain 25% setahun
hutang hampir NIHIL
Cash melimpah
growth 15%
basic NEEDs consumer & farmasi
value setengah dari PeerS

$BBCA dibandingkan $TSPC ?

jauh bangeettzzz

nikmat apa lagi yg kurang???",long term investment dividen untung setahun capital gain setahun hutang nihil cash melimpah growth basic needs consumer farmasi value peers dibandingkan bangeettz nikmat yg kurang,Positif (+1),3.0,Negatif (-1),0.4865,BEDA ⚠️,
736,20804983,2025-09-11 03:58:17,"Saya optimis Cara kepemimpinan Menteri Keuangan Terbaru akan bagus dan aware sama Indeks. Bahkan Bulan April diprediksi Time to Buy, Akhirnya beberapa bulan kedepan Naik Drastis.
$IHSG $BBCA $BBRI

https://youtu.be/a2MoCIUn8GY?si=TT7CEi4C9RE3lWth",optimis kepemimpinan menteri keuangan terbaru bagus aware indeks april diprediksi time to buy kedepan drastis,Positif (+1),13.0,Negatif (-1),0.4687,BEDA ⚠️,
737,23274329,2025-11-10 08:46:46,"Karena ada yang bahas soal cukai popok (diapers), tisu basah, dan alat makan minum sekali pakai.

Itu semua masih kajian potensi, baru wacana.

Wacana ini diumumkan dalam PMK No. 70 Tahun 2025 tgl 10 Oktober 2025, yang baru diundangkan tgl 3 November 2025, tentang
""Rencana Strategis Kementerian Keuangan Tahun 2025-2029"".

PMK-nya pun 'rencana', bukan PMK yang menetapkan aturan wajib yang harus jalan tahun depan.

Menkeu Purbaya di berbagai kesempatan wawancara dan statement pribadi beliau juga 'tidak pernah' bilang pajak dan cukai tidak akan naik.

Tapi Menkeu bilang -> sebelum ekonomi benar-benar pulih, tumbuh cepat, beliau tidak ingin ada kenaikan pajak dan cukai yang mengganggu momen pertumbuhan.
Bahkan pungutan-pungutan lain di luar pajak dan cukai seperti BPJS pun diharapkan ditunda kenaikannya.

Kalau ekonomi sudah tumbuh cepat, pekerja formal meningkat, bisnis bagus, penghasilan tambah. Masyarakat mau bayar pajak juga rela.

Jadi jelas tuh, gak ada Menkeu bilang pajak pasti gak akan naik. Tapi lihat sikon. Timing.

Karena pajak dan cukai selain merupakan sumber penerimaan negara untuk membiayai belanja program. Tapi juga merupakan 'alat kendali'.

Kalau ekonomi bergerak terlalu 'panas', maka pajak dan cukai bisa diekstensifikasi dan dinaikkan untuk meredam.

Apalagi cukai sendiri memang diterapkan untuk membatasi konsumsi produk yang banyak dampak negatifnya terhadap kesehatan dan lingkungan.

Popok, tisu basah, alat makan minum sekali pakai, itu semua menambah volume sampah dalam jumlah besar.
Semuanya juga sulit diurai oleh lingkungan, pencemarannya sudah dikeluhkan oleh banyak pihak, jadi wajar pemerintah melakukan kajian cukainya.

............
Jangan langsung kemakan plintiran media dan akun centang ijo atau akun sb lain yang nyari viewers 🤔

Kebiasaan, sumbu pendek.

Masih wacana, belum tau latar belakang dan tujuannya apa, tapi digembar-gemborkan sampai bikin negara macam darurat perang.

$UCID $ADRO $BBCA",bahas cukai popok diapers tisu basah alat makan minum pakai kajian potensi wacana wacana diumumkan pmk no tgl oktober diundangkan tgl november rencana strategis kementerian keuangan pmk nya rencana bukan pmk menetapkan aturan wajib jalan menkeu purbaya kesempatan wawancara statement pribadi beliau tidak bilang pajak cukai tidak menkeu bilang ekonomi pulih tumbuh cepat beliau tidak kenaikan pajak cukai mengganggu momen pertumbuhan pungutan pungutan pajak cukai bpjs diharapkan ditunda kenaikannya ekonomi tumbuh cepat pekerja formal meningkat bisnis bagus penghasilan masyarakat bayar pajak rela tuh tidak menkeu bilang pajak tidak lihat sikon timing pajak cukai sumber penerimaan negara membiayai belanja program alat kendali ekonomi bergerak panas pajak cukai diekstensifikasi dinaikkan meredam cukai diterapkan membatasi konsumsi produk dampak negatifnya kesehatan lingkungan popok tisu basah alat makan minum pakai menambah volume sampah sulit diurai lingkungan pencemarannya dikeluhkan wajar pemerintah kajian cukainya jangan langsung kemakan plintiran media akun centang akun sb nyari viewers kebiasaan sumbu pendek wacana belum tau latar tujuannya digembar gemborkan bikin negara darurat perang,Positif (+1),32.0,Negatif (-1),0.4771,BEDA ⚠️,
738,32243195,2026-05-31 13:43:53,"$BBRI akan kah menuju ke sini soon as possibe? 
$BBCA $BMRI",kah soon as possibe,Netral (0),0.0,Negatif (-1),0.4783,BEDA ⚠️,
739,19409178,2025-07-18 13:01:17,"Tebak IPO $BBCA digital apa tickernya

$PGEO $TOBA",tebak ipo digital tickernya,Positif (+1),3.0,Negatif (-1),0.4386,BEDA ⚠️,
740,17561913,2025-02-19 10:33:25,"bayangkan kalau yang dicari penebar fear di stream $BBRI
sudah pasti penuh penjara indonesia 😌

$BBCA $BMRI",bayangkan dicari penebar fear stream penuh penjara indonesia,Negatif (-1),-4.0,Negatif (-1),0.4694,SAMA ✅,
741,27575858,2026-01-29 13:44:13,"$IHSG $BBCA ijooo ., $RAJA monggo",monggo,Positif (+1),3.0,Negatif (-1),0.4508,BEDA ⚠️,
742,6148563,2021-04-08 08:49:52,$BBCA $IHSG spek buy,spek buy,Positif (+1),2.0,Negatif (-1),0.5021,BEDA ⚠️,
743,7385553,2021-10-21 12:39:12,"$BBCA ada Gap di bawah.
$bbri ada gap.
$bbni hari ini gap up.

Tinggal $bmri ga digap up sekalian om bandar :)",gap gap gap up tinggal tidak digap up om bandar,Positif (+1),1.0,Negatif (-1),0.4385,BEDA ⚠️,
744,27590683,2026-01-29 14:38:09,"$BUMI jangan dijual duluu sampe avg bumi nyentuh 300-400an ajaa ihhh seperti kita berpijak 2 hari lalu💆🏻‍♀️

$BBCA $BMRI",jangan dijual duluu sampe avg bumi nyentuh an ajaa ih berpijak,Netral (0),0.0,Negatif (-1),0.429,BEDA ⚠️,
745,28767902,2026-02-24 09:25:56,"$LPKR eh lippo tolong perumahan park serpong dipercepat kocak emang udah akad baru jadi unit kisaran 18 bulan. untung aja sahamnya profit

tag random
$BUMI $BBCA",eh lippo tolong perumahan park serpong dipercepat kocak emang akad unit kisaran untung aja sahamnya untung tag random,Positif (+1),2.0,Negatif (-1),0.4779,BEDA ⚠️,
746,15275304,2024-07-17 11:26:54,$BBCA sengaja digoreng menuju laba Q2 nampaknya,sengaja digoreng laba nampaknya,Positif (+1),2.0,Negatif (-1),0.4487,BEDA ⚠️,
747,32203806,2026-05-29 10:18:52,$BBCA semakin hari semakin menyedihkan ini saham bluechip 😮‍💨,menyedihkan saham bluechip,Negatif (-1),-4.0,Negatif (-1),0.439,SAMA ✅,
748,6707086,2021-07-12 12:10:12,"Gas
$BBCA",gas,Positif (+1),2.5,Negatif (-1),0.4959,BEDA ⚠️,
749,14919920,2024-06-04 13:22:19,"Apakah disini sudah ada yang pernah trading di Reksadana?

Tag random :
$BBRI $BBCA $ICBP $ADRO",trading reksadana tag random,Negatif (-1),-4.0,Negatif (-1),0.4621,SAMA ✅,
750,18624931,2025-05-22 10:18:41,"$BBCA sulit jatuh, tunggu teman temannya babak belur, dia baru jatuh, jatuh dalamnya juga cuma 1 hari selanjutnya naik",sulit jatuh tunggu teman temannya babak belur jatuh jatuh dalamnya,Negatif (-1),-13.5,Negatif (-1),0.4388,SAMA ✅,
751,32722437,2026-06-12 13:55:00,$BBCA jemput gak nih 🫣,jemput tidak nih,Netral (0),0.0,Negatif (-1),0.3741,BEDA ⚠️,
752,18990612,2025-06-23 23:26:41,"rebound kenceng ah. 

$IHSG 


$BBRI $BBCA",untung kenceng ah,Positif (+1),2.0,Negatif (-1),0.5034,BEDA ⚠️,
753,16835547,2024-12-23 20:30:39,$BBCA kenapa ya.. bank BCA .. tabungan saya sering sekali kehilangan saldo secara tiba-tiba,ya bank bca tabungan kehilangan saldo,Positif (+1),5.0,Negatif (-1),0.4397,BEDA ⚠️,
754,32651979,2026-06-11 08:55:31,$BBCA iep itu kode ajakan retail melawan asing!!,iep kode ajakan retail melawan asing,Negatif (-1),-2.0,Negatif (-1),0.4526,SAMA ✅,
755,29545082,2026-03-12 11:00:41,$BBCA 5000 itu harga super krisis kyk tahun 90 an 😂 kurang2 in nge fear di bulan puasa dosa loh🤮,harga super krisis kyk an kurang in nge fear puasa dosa loh rugi turun,Negatif (-1),-14.0,Negatif (-1),0.4222,SAMA ✅,
756,26993586,2026-01-22 09:12:37,$BBCA ini panci lagi panas mau jadi santapan retail jgn terlalu mencintai amoy bbca. ntar kena peloroti wkwkwk jika anda bener2 cinta lamarlah dia di7200:),panci panas santapan retail jgn mencintai amoy bbca ntar kena peloroti wkwkwk bener cinta lamarlah,Positif (+1),13.0,Negatif (-1),0.4484,BEDA ⚠️,
757,27750742,2026-02-02 10:15:03,$BBCA Menyala King 👑🔥,menyala king untung,Positif (+1),6.0,Negatif (-1),0.4743,BEDA ⚠️,
758,29606710,2026-03-13 15:53:42,"$BBRI sayangi uang anda, ini baru maret blm mei wkwkwk.. segera cutloss seblum dalam dan serok kembali di bulan mei

$BBCA $IHSG",sayangi uang maret belum mei wkwkwk rugi seblum beli mei,Negatif (-1),-5.0,Negatif (-1),0.4409,SAMA ✅,
759,33180594,2026-06-29 14:13:37,"Selamat Siang moon analisis, saat ini 29 juni 2026 $IHSG sudah masuk fase full moon, 30 juni 2026 adalah puncak full moon.
full moon bulan ini adalah akhir dari penurunan IHSG, kita optimis untuk TW 3,dan TW 4 indeks kita bulish menuju 7000 

$BBRI $BBCA",selamat siang analisis juni masuk fase full juni puncak full full penurunan ihsg optimis tw tw indeks,Negatif (-1),-1.5,Negatif (-1),0.4937,SAMA ✅,
760,13018660,2023-11-22 19:30:16,"TUJUAN DI BURSA APA SIH? 

1. Pengen keren punya koleksi saham perusahaan terkenal?

2. Pengen punya kesibukan jual beli biar terlihat keren?

3. Pengen mengembangkan kapital (nambah kaya)?

Jawaban ;

1. Kalau nomor satu, yaudah beli aja selot. Beres, gak ngaruh juga itu mau bagger apa delisting.

2. Gabut bener klo nomor dua, yaudah gpp yg penting minimal diatas BEP + biaya admin usahakan dibawah 10jt sehari ya. jangan konsisten katlos pula, itu dana CL 2-3% yg ada compounding loss tuh setaon kalau dikumpul.

3. Nah ini.. kalau nomor tiga tujuannya, jgn pedulikan keinginan nomor satu dan dua. 

Perusahaan bagus belum tentu menjadikan anda untung (kalau tradingnya salah). Punya $BBCA $BREN $PGEO $GOTO keren sih, tapi FL buat apa? bikin sakit mata. Nge-HOLD tahunan tapi cuma cuan dividen dibawah 10% (terbesar sepanjang sejarah katanya) buang waktu banget setahun cuman nambah kaya 10%.

Jadi hindari perusahaan bagus terus mending beli gorengan gitu? enggak gitu juga bang. Kalau nomor tiga adalah tujuannya, maka tidak peduli itu perusahaan bagus atau perusahaan jelek, bluechip atau gorengan, perusahaan untung atau rugi! (yang penting bisa cuan elu trading). Yang ada adalah perusahaan yg sedang murah, harganya masuk akal, tidak bakal delisting paksa, bakal masih ada selama kita pegang sahamnya, dan yg penting punya potensi untuk naik harganya saat kita butuh likuiditas nanti (jgn saham tidur pula dibeli, kelamaan) jadi yang penting endingnya adalah TP bukan Ce eL


Discl ; percaya bagus, enggak juga lebih bagus, bukan centang ijo ini",tujuan bursa sih pengen keren koleksi saham perusahaan terkenal pengen kesibukan jual beli biar keren pengen mengembangkan kapital nambah kaya nomor yaudah beli aja selot beres tidak ngaruh bagger delisting gabut bener nomor yaudah gpp yg minimal diatas bep biaya admin usahakan dibawah jt sehari ya jangan konsisten katlos dana rugi yg compounding rugi tuh setaon dikumpul nomor tujuannya jgn pedulikan nomor perusahaan bagus belum menjadikan untung tradingnya salah keren sih fl bikin sakit mata nge tahan tahunan untung dividen untung dibawah terbesar sejarah buang banget setahun cuman nambah kaya hindari perusahaan bagus mending beli gorengan gitu gitu bang nomor tujuannya tidak peduli perusahaan bagus perusahaan jelek bluechip gorengan perusahaan untung rugi untung elu trading perusahaan yg murah harganya masuk akal tidak delisting paksa pegang sahamnya yg potensi harganya butuh likuiditas jgn saham tidur dibeli endingnya untung bukan ce el discl percaya bagus bagus bukan centang,Positif (+1),51.0,Negatif (-1),0.5086,BEDA ⚠️,
761,5756385,2021-02-18 17:54:56,"Download PDFPada perdagangan hari ini indeks harga saham gabungan bergerak bervariasi dan akhirnya ditutup melemah. Hasil Rapat Dewan Gubernur Bank Indonesia pada 17-18 Februari 2021 yang memutuskan pemangkasan 25 bps pada BI 7DRR menjadi 3,50%, relaksasi 0% uang muka kredit pemilikan rumah (KPR) da...",download pdfpada perdagangan indeks harga saham gabungan bergerak bervariasi ditutup melemah hasil rapat dewan gubernur bank indonesia februari memutuskan pemangkasan bps bi drr relaksasi uang muka kredit pemilikan rumah kpr da,Positif (+1),4.0,Negatif (-1),0.531,BEDA ⚠️,
762,31395045,2026-05-07 14:54:30,$BBCA ARAKAN DARR🔥,arakan darr untung,Positif (+1),4.0,Negatif (-1),0.5133,BEDA ⚠️,
763,29209853,2026-03-04 09:35:53,"Ku kira februari udah cukup buruk, ternyata..

$BBCA $IHSG",ku februari buruk,Negatif (-1),-5.0,Negatif (-1),0.4713,SAMA ✅,
764,29979260,2026-04-06 12:43:21,Tdk ada kata lain selain ALL IN $BBCA,tidak all in,Netral (0),0.0,Negatif (-1),0.4981,BEDA ⚠️,
765,29369842,2026-03-06 17:42:22,"Day 93-94 (5-6/3) Cicil 1 lot BBCA dan BBRI setiap harinya sampai kebeli rumah 🏠. 

What a tough week, but this too shall pass.

matched
BBCA - 7050 (2 lot)
BBRI - 3680 (2 lot)

Avg
BBCA - 7917
BBRI - 3798

Ini sebagai jurnal pribadi untuk bereksperimen apakah teknik DCA pada saham bigbanks bisa mengalahkan indeks dan membeli rumah atau tidak. 
Atau setidaknya menjadi tabungan untuk melawan inflasi sehingga bisa membeli rumah. 

$BBCA $BBRI",day cicil lot bbca bbri harinya kebeli rumah what tough week but this too shall pass matched bbca lot bbri lot avg bbca bbri jurnal pribadi bereksperimen teknik dca saham bigbanks mengalahkan indeks membeli rumah tidak tabungan melawan inflasi membeli rumah,Negatif (-1),-2.0,Negatif (-1),0.5174,SAMA ✅,
766,15068825,2024-06-21 08:42:09,"$ADRO $ASII $BBCA $IHSG
withdraw gua kok blm masuk ya status pending, ada yang tahu ga kapan masuk nya ke rekening?",withdraw gua belum masuk ya status pending tidak masuk nya rekening,Negatif (-1),-13.0,Negatif (-1),0.4494,SAMA ✅,
767,31433247,2026-05-08 09:26:57,"$BBCA $BBRI $BMRI koreksi wajar, kmaren udah ngeGas hampir 10% dari Bottom nya",koreksi wajar kmaren ngegas bottom nya,Positif (+1),3.0,Negatif (-1),0.4653,BEDA ⚠️,
768,32235007,2026-05-29 21:32:53,"$BBRI $BBCA $BMRI intinya guys investasi itu jangan mencintai emiten atau fanatik emiten karena namanya investasi itu yang dicari keuntungan dari investasi tapi kalau kalian cinta mati padahal harganya terus turun dan loe fanatik avg trus sampai rungkad itu mah awal kejatuhan. Banyak orang bilang oh udah bottom saatnya beli padahal loe aja kagak tahu bottomnya dimana dan semakin loe avg semakin turun bahkan akhirnya sudah bertahun-tahun tunggu CL. Daripada begitu mending analisa ulang cari yang bisa recover . Intinya better cintailah CL dan move on daripada hanya fanatik oh blue chip padahal everyday nilainya terus turun dan berharap dari deviden.
Disclaimer on ya do your own research",intinya guys investasi jangan mencintai emiten fanatik emiten namanya investasi dicari keuntungan investasi cinta mati harganya turun loe fanatik avg trus rungkad mah kejatuhan orang bilang oh bottom beli loe aja kagak bottomnya dimana loe avg turun bertahun tunggu rugi mending analisa ulang cari recover intinya better cintailah rugi move on fanatik oh blue chip everyday nilainya turun berharap deviden disclaimer on ya do your own research,Negatif (-1),-2.0,Negatif (-1),0.4958,SAMA ✅,
769,29793647,2026-03-27 18:40:23,"$BBCA walaupun uang dingin, jgn ceroboh.klian kerja mati2an masuk saham trus minus bnyak, hbs tu CL. itu bukan investasi itu ngasih makan bandar 🤣",uang dingin jgn ceroboh klian kerja mati an masuk saham trus minus bnyak hbs tu rugi bukan investasi ngasih makan bandar,Negatif (-1),-2.5,Negatif (-1),0.4324,SAMA ✅,
770,28576564,2026-02-19 11:57:23,$BBCA ya ampun ya ampun...meski dividen didepan mati...enggak bisa nutup ruginya..wkwkwkw...,ya ampun ya ampun dividen untung didepan mati nutup ruginya wkwkwkw,Positif (+1),21.0,Negatif (-1),0.4389,BEDA ⚠️,
771,28901963,2026-02-26 06:36:26,"Tahun Ini Mungkin Akan Jadi Tahun Big Bank, Mungkin Ya

Soalnya dari semua big bank yang sudah rilis Laporan Keuangan Bulan Januari 2026, rata - rata labanya naik. Bisa cek LK $BMRI dan $BBCA.

$BBRI memang belum rilis Laporan keuangan tapi ada dugaan aroma labanya juga naik.

Semoga aja puasa nyangkut investor big bank bisa dibuka tahun ini. Udah kelamaan nyangkut-nya, udah kelamaan anjloknya. Sejak bikin ATH di Maret 2024, rata-rata big bank nyungsep. Hampir 2 tahun Nyangkut kalau investor hajar all in di ATH.

Ini bukan rekomendasi jual dan beli saham. Keputusan ada di tangan masing-masing investor. 

Untuk diskusi lebih lanjut bisa lewat External Community Pintar Nyangkut di Telegram dengan mendaftarkan diri ke External Community menggunakan kode: A38138
Link Panduan https://stockbit.com/post/13223345

Kunjungi Insight Pintar Nyangkut di sini https://cutt.ly/ne0pqmLm

Disclaimer: http://bit.ly/3RznNpU",big bank ya big bank rilis laporan keuangan januari labanya cek lk belum rilis laporan keuangan dugaan aroma labanya semoga aja puasa rugi investor big bank dibuka rugi nya anjloknya bikin ath maret big bank turun rugi rugi investor hajar all in ath bukan rekomendasi jual beli saham keputusan tangan investor diskusi external community pintar rugi telegram mendaftarkan external community kode link panduan kunjungi insight pintar rugi disclaimer,Negatif (-1),-27.0,Negatif (-1),0.5468,SAMA ✅,
772,11145973,2023-04-18 05:55:44,"JAKARTA, Sejumlah bank telah mengumumkan jadwal operasional kantor cabang dan layanan pendukung bagi nasabah selama periode libur Idul Fitri 1444 H atau Lebaran 2023.
Beberapa bank seperti Bank Central Asia (BCA), Bank Rakyat Indonesia (BRI), Bank Mandiri, Bank Negara Indonesia (BNI), Bank Tabungan...",jakarta bank mengumumkan jadwal operasional kantor cabang layanan pendukung nasabah periode libur idul fitri lebaran bank bank central asia bca bank rakyat indonesia bri bank mandiri bank negara indonesia bni bank tabungan,Positif (+1),17.0,Negatif (-1),0.4568,BEDA ⚠️,
773,17918509,2025-03-17 14:31:18,$BBCA apakah berita akan datang suatu hari pembagian Deviden tdk lagi jadi kabar baik?,berita pembagian deviden tidak kabar,Negatif (-1),-6.0,Negatif (-1),0.4625,SAMA ✅,
774,32824627,2026-06-17 09:40:15,$BBCA itu yg baru masuk semoga harapannya naik tinggi tapi lupa hari ini exdate dividen 😛,yg masuk semoga harapannya lupa exdate dividen untung,Positif (+1),7.0,Negatif (-1),0.4004,BEDA ⚠️,
775,21899950,2025-10-08 12:00:17,$BBCA sabarrrr sabarrrrr,sabar sabar,Positif (+1),10.0,Negatif (-1),0.4396,BEDA ⚠️,
776,17998160,2025-03-21 17:11:45,"$BBCA $BMRI $BBNI gimana ngak babak belur di hajar investor foreign 🧐🧐🧐
3 teratas yg di jual asing hari ini dan No 1 nya BBCA gilee u Dro 0 nya banyak amat 🤭🤭🤭",gimana ngak babak belur hajar investor foreign teratas yg jual asing no nya bbca gilee dro nya,Negatif (-1),-5.0,Negatif (-1),0.4228,SAMA ✅,
777,25636333,2026-01-02 07:57:19,"Ini $BRIS, sentimennya bagus loh. Masa kaga dilirik ndar


Rt $BBCA $BMRI",sentimennya bagus loh kaga dilirik ndar rt,Positif (+1),3.0,Negatif (-1),0.4655,BEDA ⚠️,
778,31494527,2026-05-08 17:19:52,"$BBCA gw dah feeling bakalan longsor Hari ini , tapi kan ga boleh ya pake feeling 😅😅",gw feeling turun tidak ya pake feeling,Negatif (-1),-7.0,Negatif (-1),0.4073,SAMA ✅,
779,8146316,2022-03-07 15:57:18,"Ipotnews -  IHSG  dibuka melemah awal pekan ini, Senin (7/3) di level 6.905 dari sesi penutupan akhir pekan lalu di level 6.928. Kemudian pada pukul 09.06 WIB pagi ini indeks makin tertekan menjadi 6.889 atau turun 39 poin (0,57 persen).Terpantau indeks sempat menyentuh level tertinggi 6.917 dan ter...",ipotnews ihsg dibuka melemah pekan senin level sesi penutupan pekan level wib pagi indeks tertekan turun poin persen terpantau indeks menyentuh level tertinggi ter,Positif (+1),2.0,Negatif (-1),0.4824,BEDA ⚠️,
780,25653112,2026-01-02 10:25:33,$ATAP ayo kesini aja warga $BUMI$BBCA,ayo kesini aja warga,Positif (+1),5.0,Negatif (-1),0.4724,BEDA ⚠️,
781,29287525,2026-03-05 10:51:25,"faktor yang paling sering membuat investor menjual saham saat harga turun:
$BBRI $BMRI $BBCA",faktor investor menjual saham harga turun,Negatif (-1),-12.0,Negatif (-1),0.4992,SAMA ✅,
782,32296500,2026-06-02 22:13:43,"Apakah aku sedang bermimpi? 🤯

$IHSG $BBCA $BBRI",bermimpi,Netral (0),0.0,Negatif (-1),0.5064,BEDA ⚠️,
783,32279379,2026-06-02 14:21:13,"$BBCA sprti biasa awal minggu ngamuk, akhir minggu letoyy 😭😭🙏🏽",sprti minggu ngamuk minggu letoyy rugi turun rugi turun,Negatif (-1),-14.0,Negatif (-1),0.4027,SAMA ✅,
784,22560342,2025-10-22 11:00:31,"$CUAN hold samape harga brapa ini gess..?
$BBCA $BBRI",tahan samape harga brapa gess,Positif (+1),1.0,Negatif (-1),0.4617,BEDA ⚠️,
785,12620970,2023-10-18 07:24:03,team nunggu turun..$BBCA,team nunggu turun,Negatif (-1),-1.0,Negatif (-1),0.4825,SAMA ✅,
786,14131761,2024-03-05 11:07:53,"kalau main ini baru beberapa bulan mending ke emiten yang jelas² aja seperti $BBRI $BBCA $BSSR $ADRO selama 1 tahun .
kalau dah dapet deviden, baru uang deviden pakai buat nyoba² saham gorengan 
Dulu pertama nyoba aku hampir loss beberapa JT. 

sekarang sejak nerapin itu Alhamdulillah untung . meskipun ada saham yang loss itu uang hasil deviden .

saran aku sih gitu ..",main mending emiten aja dapet deviden uang deviden pakai nyoba saham gorengan nyoba rugi jt nerapin alhamdulillah untung saham rugi uang hasil deviden saran sih gitu,Positif (+1),13.0,Negatif (-1),0.4878,BEDA ⚠️,
787,8096166,2022-02-25 14:25:30,"Jakarta, CNBC Indonesia - Indeks Harga Saham Gabungan (IHSG) dibuka menguat pada perdagangan Jumat (25/2/2022), menyusul optimisme bahwa konflik militer di Ukraina tidak akan berujung pada konfrontasi global.Menurut data PT Bursa Efek Indonesia, IHSG dibuka naik 7,6 poin (+0,1%) ke 6.825,371, dan se...",jakarta cnbc indonesia indeks harga saham gabungan ihsg dibuka menguat perdagangan jumat menyusul optimisme konflik militer ukraina tidak berujung konfrontasi global data pt bursa efek indonesia ihsg dibuka poin,Positif (+1),4.0,Negatif (-1),0.5002,BEDA ⚠️,
788,6017651,2021-03-19 18:30:36, @Richard11888 saya bs lihat yah mana yg tebar fear cari temen buat mewek bareng sama yg murni mengingatkan dan mengedukasi dan kamu itu jelas2 tebar fear tiap hari tiap jam dulu pom2 beli absen harga avg brp masih kuat hold ga skrg nyuru2 org CL. Pindah aja sono beli $bbca kl ga kuat mental. ,bs lihat yah yg tebar fear cari temen mewek bareng yg murni mengedukasi tebar fear jam pom beli absen harga avg brp kuat tahan tidak skrg nyuru org rugi pindah aja sono beli tidak kuat mental,Negatif (-1),-2.0,Negatif (-1),0.4494,SAMA ✅,
789,9955140,2022-10-28 08:26:05,"JAKARTA, Penasihat Asosiasi Analis Efek Indonesia (AAEI) yang juga analis MNC Sekuritas Edwin Sebayang memprediksi IHSG lanjutkan penguatan pada perdagangan Jumat (28/10/2022). IHSG hari ini diperkirakan akan bergerak pada rentang 7.058-7.138. Simak rekomendasi BBCA dan empat saham lainnya.Edwin men...",jakarta penasihat asosiasi analis efek indonesia aaei analis mnc sekuritas edwin sebayang memprediksi ihsg lanjutkan penguatan perdagangan jumat ihsg bergerak rentang simak rekomendasi bbca saham edwin men,Positif (+1),15.0,Negatif (-1),0.4644,BEDA ⚠️,
790,18978520,2025-06-23 10:24:38,"$BBCA semoga sampai 7,000",semoga,Netral (0),0.0,Negatif (-1),0.4594,BEDA ⚠️,
791,32557962,2026-06-09 10:58:22,$BBCA untung haka di 4000 an minggu kedua udh aman deh😂,untung beli an minggu aman deh,Positif (+1),6.0,Negatif (-1),0.3913,BEDA ⚠️,
792,14190656,2024-03-11 22:30:01,"@FaisalAchmad klo untuk fundamental jual cum date beli exdate malah ga menarik, hold aja terus. Kecuali $BBCA",fundamental jual cum date beli exdate tidak menarik tahan aja kecuali,Negatif (-1),-7.5,Negatif (-1),0.4319,SAMA ✅,
793,32662231,2026-06-11 10:15:52,"$BBCA $IHSG  turun berbulan bulan
naik 2 hari abis tu turun lagi astaga",turun berbulan abis tu turun astaga,Negatif (-1),-2.0,Negatif (-1),0.4377,SAMA ✅,
794,23121407,2025-11-05 17:50:52,"*REPORT TRANSAKSI ARUS DANA EMITEN BANK, 05 Nov 2025*

1. Arus Transaksi $BBCA
Perdagangan hari terakhir, keinginan Asing membeli lebih besar dari penjualan 🔼. Volume bid mencapai 90,17%, sementara volume offer mencapai 60,65% dari total volume yang diperdagangkan. Pembelian asing pada hari terakhir bursa melemah dengan penurunan volume 🔽 20,77 juta dari hari sebelumnya, atau banyak dilepas asing 🔽 jika dibanding hari sebelumnya dengan aksi jual 60,65% dari volume transaksi. Saham ini cukup diminati Asing 🔼 dengan transaksi 90,17% dari volume transaksi.
💡 Sentimen: 🗞 *Investor Asing Net Buy Saham di Pasar Reguler Rp 685,88 Miliar, BBCA mulai Diburu*, selengkapnya https://investortrust.id/market/78819/investor-asing-net-buy-saham-di-pasar-reguler-rp-685-88-miliar-bbca-mulai-diburu

2. Arus Transaksi $BMRI
Perdagangan hari terakhir, keinginan Asing membeli lebih besar dari penjualan 🔼. Volume bid mencapai 64,96%, sementara volume offer mencapai 35,37% dari total volume yang diperdagangkan. Pembelian asing pada hari terakhir bursa melemah dengan penurunan volume 🔽 33,33 juta dari hari sebelumnya, atau banyak dilepas asing 🔽 jika dibanding hari sebelumnya dengan aksi jual 35,37% dari volume transaksi. Saham ini cukup diminati Asing 🔼 dengan transaksi 64,96% dari volume transaksi.
💡 Sentimen: 🗞 *Kredit Hilirisasi Bank Mandiri Tembus Rp 35 Triliun, Naik 15,6%*, selengkapnya https://www.cnbcindonesia.com/market/20250911194333-17-666311/kredit-hilirisasi-bank-mandiri-tembus-rp-35-triliun-naik-156

3. Arus Transaksi $BBNI
Perdagangan hari terakhir, keinginan Asing membeli lebih besar dari penjualan 🔼. Volume bid mencapai 63,82%, sementara volume offer mencapai 30,19% dari total volume yang diperdagangkan. Pembelian asing pada hari terakhir bursa melemah dengan penurunan volume 🔽 22,92 juta dari hari sebelumnya, atau banyak dilepas asing 🔽 jika dibanding hari sebelumnya dengan aksi jual 30,19% dari volume transaksi. Saham ini cukup diminati Asing 🔼 dengan transaksi 63,82% dari volume transaksi.
💡 Sentimen: 🗞 **Angin Lagi ke BBNI, Saham Mau Melambung ke Sini**, selengkapnya https://investor.id/market/409506/angin-lagi-ke-bbni-saham-mau-melambung-ke-sini

4. Arus Transaksi BTPS
Perdagangan hari terakhir, keinginan Asing membeli lebih besar dari penjualan 🔼. Volume bid mencapai 48,39%, sementara volume offer mencapai 18,08% dari total volume yang diperdagangkan. Pembelian asing pada hari terakhir bursa melemah dengan penurunan volume 🔽 0,22 juta dari hari sebelumnya, atau banyak dilepas asing 🔽 jika dibanding hari sebelumnya dengan aksi jual 18,08% dari volume transaksi. Saham ini cukup diminati Asing 🔼 dengan transaksi 48,39% dari volume transaksi.
💡 Sentimen: 🗞 *Direksi BTPN Syariah Lego 270.000 Saham BTPS, Kantongi Cuan Segini*, selengkapnya https://infobanknews.com/direksi-btpn-syariah-lego-270-000-saham-btps-kantongi-cuan-segini/

5. Arus Transaksi BBRI
Perdagangan hari terakhir, keinginan Asing untuk menjual saham lebih besar dari pembelian 🔽. Volume bid mencapai 45,87%, sementara volume offer mencapai 53,26% dari total volume yang diperdagangkan. Pembelian asing pada hari terakhir bursa melemah dengan penurunan volume 🔽 29,75 juta dari hari sebelumnya, atau banyak dilepas asing 🔽 jika dibanding hari sebelumnya dengan aksi jual 53,26% dari volume transaksi. Saham ini cukup diminati Asing 🔼 dengan transaksi 45,87% dari volume transaksi.
💡 Sentimen: 🗞 *Investor Asing Jual Saham Rp3,1 Triliun, BBRI hingga BBCA Dilepas*, selengkapnya https://economy.okezone.com/read/2025/10/05/278/3174549/investor-asing-jual-saham-rp3-1-triliun-bbri-hingga-bbca-dilepas

6. Arus Transaksi BBTN
Perdagangan hari terakhir, keinginan Asing membeli lebih besar dari penjualan 🔼. Volume bid mencapai 44,39%, sementara volume offer mencapai 8,08% dari total volume yang diperdagangkan. Pembelian asing pada hari terakhir bursa melemah dengan penurunan volume 🔽 0,25 juta dari hari sebelumnya, atau banyak dilepas asing 🔽 jika dibanding hari sebelumnya dengan aksi jual 8,08% dari volume transaksi. Saham ini cukup diminati Asing 🔼 dengan transaksi 44,39% dari volume transaksi.
💡 Sentimen: 🗞 *Suku Bunga BI Turun Agresif, Begini Prospek BBTN yang Berpotensi Diuntungkan*

_Disclaimer:_*)
#> Catatan ini hanya informasi, bukan ajakan jual beli.
#> Catatan ini disusun dengan algoritma analisis data yang dikembangkan oleh @PasukanCutloss Primbon Saham
#> Analisis data lengkap di: https://cutt.ly/dr6VcnFa
#> Pelajari analisis data saham lebih mendalam, silakan japri: https://cutt.ly/pr6VcbDp",report transaksi arus dana emiten bank nov arus transaksi perdagangan asing membeli penjualan volume bid mencapai volume offer mencapai total volume diperdagangkan pembelian asing bursa melemah penurunan volume juta dilepas asing dibanding aksi jual volume transaksi saham diminati asing transaksi volume transaksi sentimen investor asing net buy saham pasar reguler rp miliar bbca diburu selengkapnya arus transaksi perdagangan asing membeli penjualan volume bid mencapai volume offer mencapai total volume diperdagangkan pembelian asing bursa melemah penurunan volume juta dilepas asing dibanding aksi jual volume transaksi saham diminati asing transaksi volume transaksi sentimen kredit hilirisasi bank mandiri tembus rp triliun selengkapnya arus transaksi perdagangan asing membeli penjualan volume bid mencapai volume offer mencapai total volume diperdagangkan pembelian asing bursa melemah penurunan volume juta dilepas asing dibanding aksi jual volume transaksi saham diminati asing transaksi volume transaksi sentimen angin bbni saham melambung selengkapnya arus transaksi btps perdagangan asing membeli penjualan volume bid mencapai volume offer mencapai total volume diperdagangkan pembelian asing bursa melemah penurunan volume juta dilepas asing dibanding aksi jual volume transaksi saham diminati asing transaksi volume transaksi sentimen direksi btpn syariah lego saham btps kantongi untung segini selengkapnya arus transaksi bbri perdagangan asing menjual saham pembelian volume bid mencapai volume offer mencapai total volume diperdagangkan pembelian asing bursa melemah penurunan volume juta dilepas asing dibanding aksi jual volume transaksi saham diminati asing transaksi volume transaksi sentimen investor asing jual saham rp triliun bbri bbca dilepas selengkapnya arus transaksi bbtn perdagangan asing membeli penjualan volume bid mencapai volume offer mencapai total volume diperdagangkan pembelian asing bursa melemah penurunan volume juta dilepas asing dibanding aksi jual volume transaksi saham diminati asing transaksi volume transaksi sentimen suku bunga bi turun agresif prospek bbtn berpotensi diuntungkan disclaimer catatan informasi bukan ajakan jual beli catatan disusun algoritma analisis data dikembangkan primbon saham analisis data lengkap pelajari analisis data saham mendalam silakan japri,Negatif (-1),-9.0,Negatif (-1),0.5266,SAMA ✅,
795,21928734,2025-10-08 19:13:22,@itokireng yok holder $BBCA $BBRI $BMRI CL aja trus ikut RLA dijamin tidak stress lagi liat porto 😂,yok holder rugi aja trus rla dijamin tidak stress liat porto,Netral (0),0.0,Negatif (-1),0.4078,BEDA ⚠️,
796,12530680,2023-10-10 14:25:02,"@alexbs89 Untuk net profit 8M23 $BBCA bank only tumbuh 29%, valuasi premium dibanding peers, tetapi kemungkinan besar BBCA akan selalu dihargai premium karena kestabilannya dalam meningkatkan net profit setiap tahun dan aset yg dimiliki lebih berkualitas di banding peers..

menurut saya sih bbca masih cukup menarik untuk dibeli di harga saat ini.

saatnya beli atau tidak dinilai sesuai profil resiko masing2 kak. ^^ tapi saya sih memang baru aja beli BBCA, jadi mungkin pendapat saya tidak objektif.",net untung bank only tumbuh valuasi premium dibanding peers bbca dihargai premium kestabilannya meningkatkan net untung aset yg dimiliki berkualitas banding peers sih bbca menarik dibeli harga beli tidak dinilai sesuai profil resiko kak sih aja beli bbca pendapat tidak objektif,Positif (+1),23.0,Negatif (-1),0.4631,BEDA ⚠️,
797,30912009,2026-04-27 12:22:35,$BBCA kalau 6.000 jebol area selanjut nya kemungkinan di 5.700,jebol area selanjut nya,Netral (0),0.0,Negatif (-1),0.4451,BEDA ⚠️,
798,20503409,2025-08-29 14:24:34,$BBCA giliran turun aja cepet 🤦‍♀️,giliran turun aja cepet,Positif (+1),3.0,Negatif (-1),0.3914,BEDA ⚠️,
799,20218368,2025-08-20 10:43:49,$BBCA cacing cacing naga naga,cacing cacing naga naga,Negatif (-1),-8.0,Negatif (-1),0.4796,SAMA ✅,
800,22861496,2025-10-29 16:20:23,ihik $BBCA,ihik,Netral (0),0.0,Negatif (-1),0.4705,BEDA ⚠️,
801,17275607,2025-01-25 21:22:56,"hampir semua kekayaan Warren Buffett sekitar 99% baru didapat setelah umur 50 tahun. gimana bisa?  

Kuncinya cuma satu: compounding. dia ngerti banget kalau uang itu bisa tumbuh makin besar kalau dikasih waktu. bukan soal ngelakuin hal luar biasa, tapi ngelakuin hal sederhana secara konsisten. dia investasi terus, ngga peduli pasar lagi naik atau turun, sambil nahan diri buat ngga serakah atau panik.  

Jadi, kalau sekarang lu ngerasa belum ""sukses"" di usia 20-an, santai aja. hidup itu maraton, bukan sprint. fokus aja sama skill lu, investasi waktu dan uang dengan bijak, dan biarin waktu yang bikin semuanya berkembang. ngga ada kata terlambat buat mulai. karena ya, seperti kata Buffett: “Seseorang duduk di bawah pohon hari ini karena orang lain menanam pohon itu bertahun-tahun lalu.”


$BBRI $BBCA $BMRI",kekayaan warren buffett umur gimana kuncinya compounding ngerti banget uang tumbuh dikasih bukan ngelakuin ngelakuin sederhana konsisten investasi ngga peduli pasar turun nahan ngga serakah panik lu ngerasa belum sukses usia an santai aja hidup maraton bukan sprint fokus aja skill lu investasi uang bijak biarin bikin berkembang ngga terlambat ya buffett duduk pohon orang menanam pohon bertahun,Negatif (-1),-4.5,Negatif (-1),0.5619,SAMA ✅,
802,7616925,2021-12-01 13:25:54,$BBCA kutunggu kau di sini lagi (setelah stock split) :thumbsup:,kutunggu kau stock split thumbsup,Netral (0),0.0,Negatif (-1),0.4444,BEDA ⚠️,
803,7948579,2022-02-03 15:24:11,"Ipotnews - Hari ini, Kamis (3/2),  IHSG  dibuka menguat di level 6.724 dari sesi penutupan kemarin di level 6.707. Kemudian pada pukul 09.09 WIB indeks berbalik melemah sebesar 0,29 persen menjadi 6.687.Terpantau indeks sempat menyentuh level tertinggi 6.730 dan terendah di level 6.684. Sebanyak 207...",ipotnews kamis ihsg dibuka menguat level sesi penutupan kemarin level wib indeks berbalik melemah persen terpantau indeks menyentuh level tertinggi terendah level,Negatif (-1),-3.0,Negatif (-1),0.4701,SAMA ✅,
804,18270217,2025-04-22 21:32:45,"besok akan ada pengumuman keputusan terkait suku bunga dari BI dimana melihat pergerakan dari market kita yang belakangan ini hingga hari ini cukup strong, ada potensi menurutku besok BI akan turunkan tingkat suku bunganya, namun mmg ini spekulasi"" saja, untuk lebih pasti besok perhatikan saja siang-sore di YT nya Bank Indonesia.

yang pasti, jika benar BI ini menurunkan tingkat suku bunganya, mestinya Market kita secara overall akan terdampak sangat positif dimana ada potensi besar inflow dari Pihak Foreign akan terjadi kedepannya. Adapun Target berikutnya untuk jangka pendek dari kenaikan IHSG ada dikisaran angka 6605-6686.

Namun, mesti diwaspadai juga jikalau ternyata BI menahan tingkat suku bunganya karena ada potensi menurutku hal ini akan direspons kurang begtiu positif dari overall market kita dimana IHSG saat ini punya area support terdekat dikisaran angka 6350an-6400an.

$BBRI $BBCA $BMRI",besok pengumuman keputusan terkait suku bunga bi dimana pergerakan market strong potensi menurutku besok bi turunkan tingkat suku bunganya mmg spekulasi besok perhatikan siang sore yt nya bank indonesia bi menurunkan tingkat suku bunganya mestinya market overall terdampak positif dimana potensi inflow foreign kedepannya target jangka pendek kenaikan ihsg dikisaran angka mesti diwaspadai bi menahan tingkat suku bunganya potensi menurutku direspons kurang begtiu positif overall market dimana ihsg area support terdekat dikisaran angka an an,Positif (+1),9.0,Negatif (-1),0.5358,BEDA ⚠️,
805,14208788,2024-03-14 10:59:26,"$BBCA
Dari $BBRI pindah kesini.",pindah kesini,Positif (+1),1.0,Negatif (-1),0.4592,BEDA ⚠️,
806,32240962,2026-05-30 22:13:48,"$BBCADRCM6A Minggu depan wajib cutlos, pindah ke $MBMABQCQ6A masih murah dan tanggalnya masih lama $BBCA",minggu wajib cutlos pindah murah tanggalnya,Positif (+1),2.0,Negatif (-1),0.4503,BEDA ⚠️,
807,32541984,2026-06-09 04:32:52,@DedeFaiz holder yg mana nduk prediksi oma banyak yg bener lo ndek bener blm tentu pener dyor $BBRI $IHSG $BBCA,holder yg nduk prediksi oma yg bener lo ndek bener belum pener dyor,Positif (+1),7.0,Negatif (-1),0.457,BEDA ⚠️,
808,25559694,2025-12-29 23:05:13,"$BBCA
$BBRI
$BBNI

*KALEIDOSKOP 2025* BERCANDA. 
Penulis : dr. Zulfantri

Inti cerita ini untuk membuktikan bahwa *PERUSAK PROGRAM PEMERINTAH ADALAH ASN* nya. 

Melihat kinerja ASN 2025 sih udah jelas ASN terbaik pasti saya dong 😂😂😂. Banyak kasus setingkat nasional yg mampu sendirian saya pecahkan, terbukti semua tenaga ahli baik yg ada di ASN hingga diluar ASN tertunduk malu "" *sambil melihat burungnya (berhubung cuma mokodo😂😂😂)* "" bila membahas topik nasional terutama kesehatan, dan sengaja mengusahakan agar tidak tetap menjadi topik nasional, soalnya takut kalah malu bila pendapatnya yg dahulu di perselisihkan dengan pendapat saya. Karena bila di perselisihkan, maka ketahuanlah bahwa mereka tenaga ahli cuma mokodo doang, cuma menang gelar tapi pendapatnya jauh dari kebenaran dan realita yg terjadi dan tentu tidak menyelesaikan masalah. 

Contoh :
1. Stunting penyebabnya 90% adalah nutrisi yg kurang karena paparan infeksi terbukti dengan pembesaran kelenjar dileher balita berdasarkan teori adenoiditis akibat proses penciuman. Cukup sembuhkan balita dan orang disekitarnya, jangan mencium wajah balita, berikan nutrisi tktp, beres. Masalah kongenital, cukup fokus pada nutrisi bumil dan fokal infeksi bumilnya (infeksi mukosa menahunnya), beres. *ADAKAH PEMBAHASAN TOPIK ITU LAGI SAAT INI? ADAKAH AHLI2 TINGKAT NASIONAL BERANI MEMBAHASNYA???* udah malu merekanya, udah tertunduk malu sambil melihat burungnya 😂😂😂
2. Jantung, yaitu fokal infeksi mukosa menahunlah yg menjadi penyebab utamanya, mulai penghilangan teori penempelan bakteri pada lumen jantung, penghilangan teori pembacaan EKG, aglutinasi, peningkatan profil lipid, pengulangan penempelan bakteri/potongan bakteri pada lokasi pembuluh darah yg sama akibat tidak disembuhkannya fokal infeksi yg semakin membuat pengulangan perubahan kenegatifan pembuluh darah dst. *ADAKAH PEMBAHASAN TOPIK ITU LAGI SAAT INI? ADAKAH AHLI2 TINGKAT NASIONAL BERANI MEMBAHASNYA???* udah malu merekanya, udah tertunduk malu sambil melihat burungnya 😂😂😂
3. Hipertensi hingga gagal ginjal IgAN, fokal infeksi mukosa menahunlah yg menjadi penyebab utamanya, mulai teori kerusakan arteri efferen ginjal pada tahun2 awal hipertensi, adanya limfosit dan makrofag yg migrasi ke arteri efferen, hingga adanya arteriosklerosis yg membuat menjadi gagal ginjal, dan bukanlah karena gdIgA1. *ADAKAH PEMBAHASAN TOPIK ITU LAGI SAAT INI? ADAKAH AHLI2 TINGKAT NASIONAL BERANI MEMBAHASNYA???* udah malu merekanya, udah tertunduk malu sambil melihat burungnya 😂😂
4. Diabetes, fokal infeksi mukosa menahunlah yg menjadi penyebab utamanya, mulai teori kerusakan pankreas akibat kebocoran enzyme pankreas, terbentuknya lipotoksisitas hanya diorgan pankreas mirip kasus ruptur pankreas hanya saja sedikit demi sedikit, mulainya sekresi insulin terus menerus hingga terjadinya ADAPTASI SEL berupa sekresi insulin yg tidak matang dan minimnya jumlah sel beta. . *ADAKAH PEMBAHASAN TOPIK ITU LAGI SAAT INI? ADAKAH AHLI2 TINGKAT NASIONAL BERANI MEMBAHASNYA???* udah malu merekanya, udah tertunduk malu sambil melihat burungnya 😂😂
5. Kasus tyroiditis toksik dan non toksik
6. Kasus stroke
7. Kasus vitiligo
8. Kasus asma saat dewasa
9. Kasus sakit maag berulang
10. Kasus vaskulitis pembuluh darah besar
11. Termasuk kasus covid19 dimana cuma virus covidlah yg mampu multiple organ failure satu2nya didunia, dan mereka tidak menganggap itu keanehan.
12. Hingga kasus non medis yaitu *MAFIA DEPOSITO KEMENDAGRI* . 
Syukurlah pak prabowo sambil menghemat anggaran juga menyelamatkan nama baik mereka dengan mengurangi anggaran FGD-FGD an. Klo masih ada anggaran FGD itu, pasti mereka akan malu bila dibahas keilmuan mereka. 😂😂😂 

 *TERTUNDUK MALU SAMBIL MELIHAT BURUNGNYA* 

Bagitu barulah menjadi ASN yg hebat.",kaleidoskop bercanda penulis zulfantri inti cerita membuktikan perusak program pemerintah asn nya kinerja asn sih asn terbaik setingkat nasional yg pecahkan terbukti tenaga ahli yg asn diluar asn tertunduk malu burungnya berhubung mokodo membahas topik nasional kesehatan sengaja mengusahakan tidak topik nasional takut kalah malu pendapatnya yg perselisihkan pendapat perselisihkan ketahuanlah tenaga ahli mokodo doang menang gelar pendapatnya kebenaran realita yg tidak menyelesaikan contoh stunting penyebabnya nutrisi yg kurang paparan infeksi terbukti pembesaran kelenjar dileher balita berdasarkan teori adenoiditis akibat proses penciuman sembuhkan balita orang disekitarnya jangan mencium wajah balita nutrisi tktp beres kongenital fokus nutrisi bumil fokal infeksi bumilnya infeksi mukosa menahunnya beres adakah pembahasan topik adakah ahli tingkat nasional berani membahasnya malu merekanya tertunduk malu burungnya jantung fokal infeksi mukosa menahunlah yg penyebab utamanya penghilangan teori penempelan bakteri lumen jantung penghilangan teori pembacaan ekg aglutinasi peningkatan profil lipid pengulangan penempelan bakteri potongan bakteri lokasi pembuluh darah yg akibat tidak disembuhkannya fokal infeksi yg pengulangan perubahan kenegatifan pembuluh darah dst adakah pembahasan topik adakah ahli tingkat nasional berani membahasnya malu merekanya tertunduk malu burungnya hipertensi jelek rugi ginjal igan fokal infeksi mukosa menahunlah yg penyebab utamanya teori kerusakan arteri efferen ginjal hipertensi limfosit makrofag yg migrasi arteri efferen arteriosklerosis yg jelek rugi ginjal gdiga adakah pembahasan topik adakah ahli tingkat nasional berani membahasnya malu merekanya tertunduk malu burungnya diabetes fokal infeksi mukosa menahunlah yg penyebab utamanya teori kerusakan pankreas akibat kebocoran enzyme pankreas terbentuknya lipotoksisitas diorgan pankreas ruptur pankreas mulainya sekresi insulin menerus adaptasi sel sekresi insulin yg tidak matang minimnya sel beta adakah pembahasan topik adakah ahli tingkat nasional berani membahasnya malu merekanya tertunduk malu burungnya tyroiditis toksik non toksik stroke vitiligo asma dewasa sakit maag berulang vaskulitis pembuluh darah covid dimana virus covidlah yg multiple organ failure nya didunia tidak menganggap keanehan non medis mafia deposito kemendagri syukurlah prabowo menghemat anggaran menyelamatkan nama mengurangi anggaran fgd fgd an anggaran fgd malu dibahas keilmuan tertunduk malu burungnya bagitu barulah asn yg hebat,Positif (+1),29.0,Negatif (-1),0.4814,BEDA ⚠️,
809,29699445,2026-03-21 12:26:39,"$IHSG seperti biasa, trump bikin statement mengejutkan di hari libur bursa...bener2 pemain nih orang..

amerika bakal narik pasukannya dari iran..krn di anggap tujuannya sudah tercapai

minggu depan pas bursa buka, bakal to the moon nih...

$BUMI $BBCA",trump bikin statement mengejutkan libur bursa bener pemain nih orang amerika narik pasukannya iran krn anggap tujuannya tercapai minggu pas bursa buka to the nih,Positif (+1),9.0,Negatif (-1),0.4751,BEDA ⚠️,
810,5594544,2021-02-01 16:55:10,"JAKARTA, Indeks Harga Saham Gabungan ( IHSG) ditutup positif pada akhir perdagangan di Bursa Efek Indonesia (BEI) Senin (1/2/2021). Demikian juga dengan mata uang garuda yang menguat tipis di pasar spot.Melansir data RTI, IHSG menguat 205,19 poin (3,5 persen) pada level 6.067,54. Analis Binaartha Se...",jakarta indeks harga saham gabungan ihsg ditutup positif perdagangan bursa efek indonesia bei senin mata uang garuda menguat tipis pasar spot melansir data rti ihsg menguat poin persen level analis binaartha,Positif (+1),6.0,Negatif (-1),0.4843,BEDA ⚠️,
811,31593265,2026-05-12 09:05:26,"$IHSG CUTLOSS CUTLOSS TEL.
FRONTIER MARKET is Coming.
$BBCA $BREN",rugi rugi tel frontier market is coming,Negatif (-1),-8.0,Negatif (-1),0.5231,SAMA ✅,
812,9654812,2022-09-20 10:41:40,$BBCA sb masih eror kah ko saya gk bisa pencet sell,sb eror kah ko gk pencet sell,Negatif (-1),-8.0,Negatif (-1),0.4429,SAMA ✅,
813,32626668,2026-06-10 13:42:29,"Saya kasih pandangan sederhana ya
Asing itu sedang menancapkan pisau
Pisaunya itu super tajam (sangat dominan)
Lah jutaan ritel yang duit 5-10 jt di nampung semua dari asing
Dengan tangan tak ada pengaman ditangkap tu pisau
Ya putus bos

Ritel itu under 5M masih ritel yaa
Apalagi 5-10 jt
Riteeeeeeellll

$IHSG $BBRI $BBCA",kasih pandangan sederhana ya asing menancapkan pisau pisaunya super tajam dominan jutaan ritel duit jt nampung asing tangan pengaman ditangkap tu pisau ya putus bos ritel under ritel yaa jt ritel,Positif (+1),32.0,Negatif (-1),0.4897,BEDA ⚠️,
814,11152175,2023-04-18 14:55:20,sepertinya selain $BBCA big 4 lain yg juga kebagian panggung di tahun 2023 ini adalah $BBNI,big yg kebagian panggung,Netral (0),0.0,Negatif (-1),0.4851,BEDA ⚠️,
815,32619447,2026-06-10 11:13:31,"#sellsingapore

$BBCA $BBNI $BBRI",sellsingapore,Netral (0),0.0,Negatif (-1),0.5115,BEDA ⚠️,
816,22574873,2025-10-22 14:33:57,"📰 Pertumbuhan Kredit Perbankan +7,7% YoY pada 9M25

Bank Indonesia mencatat bahwa pertumbuhan kredit perbankan mencapai +7,7% YoY per 9M25 (vs. 8M25: +7,56% YoY, 9M24: +10,85% YoY), lebih rendah dibandingkan target 2025 yang telah di–downgrade dari Bank Indonesia di kisaran +8–11% YoY.

[Sumber: Bank Indonesia]

$BBRI $BMRI $BBCA BBNI 

___________
Stockbit Sekuritas",pertumbuhan kredit perbankan yoy bank indonesia mencatat pertumbuhan kredit perbankan mencapai yoy vs yoy yoy rendah dibandingkan target downgrade bank indonesia kisaran yoy sumber bank indonesia bbni stockbit sekuritas,Negatif (-1),-5.0,Negatif (-1),0.4671,SAMA ✅,
817,18408615,2025-05-05 09:17:27,$BBCA naik ke 9000+ $BMRI naik ke 5000+ cukup bikin hari ini tersenyum,bikin tersenyum,Positif (+1),4.0,Negatif (-1),0.4638,BEDA ⚠️,
818,20824713,2025-09-11 12:20:13,$BBCA di tunggu di 9900 🤣🤣🤣,tunggu,Positif (+1),1.0,Negatif (-1),0.4057,BEDA ⚠️,
819,8316299,2022-04-01 05:24:21,Semangat cuan di awal bulan 😇😇 $BBCA ,semangat untung,Positif (+1),8.0,Negatif (-1),0.4167,BEDA ⚠️,
820,15509513,2024-08-15 08:50:25,"Sekedar analisa, disclaimer : on

Pergerakan saham2 bank cenderung naik sampai akhir agustus, waspada di awal sept ketika ad pengumuman pembatalan penurunan suku bunga the fed


$BBCA $IHSG",sekedar analisa disclaimer on pergerakan saham bank cenderung agustus waspada sept ad pengumuman pembatalan penurunan suku bunga the fed,Negatif (-1),-7.0,Negatif (-1),0.4938,SAMA ✅,
821,28297369,2026-02-11 13:45:13,"pagi tadi gw comot $BBCA eh langsung drop, barusan gw comot $BUMI eh langsung drop jugak. keknya gw kudu istirahat dr stockbit untuk hari ini biar temen-temen yg laen selamat wkwkwk 😭",pagi gw comot eh langsung turun barusan gw comot eh langsung turun jugak gw kudu istirahat stockbit biar temen temen yg laen selamat wkwkwk rugi turun,Negatif (-1),-7.0,Negatif (-1),0.4334,SAMA ✅,
822,29950894,2026-04-03 15:44:57,"$BSSR
Di mindset saya, Investasi di BSSR ini tidak saya anggap lagi sebagai saham.🤔

Saya menganggap ini taruh uang di mesin ATM pintar, pintar karena mesin ATM ini bisa cetak uang, bisa beranak uang saya.🤔🥰
Bukan hanya seperti ATM biasa saja.🤔🤭

ATM = Automated Topup Machine
🤭🤣😂

Kalo gak ada kebutuhan, saya TDK akan jual, Saat ada kebutuhan baru saya jual secukupnya saja, toh saya hanya butuh T+2 hari utk bisa di tarik.🤔

Saya sama sekali TDK pikirkan resikonya lagi.
Bahkan saya pikir, resiko di ATM tabungan bank konvensional bahkan lebih besar dari resiko saya taruh di ATM BSSR ini.🤔😅

Tapi ini buat saya ya, tentu buat kalian masing2 akan berbeda.
Jadi ini sama sekali bukan ajakan jual/beli saham, terutama BSSR, silahkan DYOR.🙏🤭

Dan jgn lupa, kalo kalian merasa terganggu tulisan2 saya, silahkan di blok aja.🙏🤭😅
Biar gak terganggu oleh tulisan2 saya lagi.🤭🤣

$BBRI $BBCA",mindset investasi bssr tidak anggap saham menganggap taruh uang mesin atm pintar pintar mesin atm cetak uang beranak uang bukan atm atm automated topup machine kalo tidak kebutuhan tidak jual kebutuhan jual butuh tarik tidak pikirkan resikonya pikir resiko atm tabungan bank konvensional resiko taruh atm bssr ya berbeda bukan ajakan jual beli saham bssr silahkan dyor jgn lupa kalo terganggu tulisan silahkan blok aja biar tidak terganggu tulisan,Positif (+1),16.0,Negatif (-1),0.4648,BEDA ⚠️,
823,10548339,2023-01-11 09:49:05,$BBCA serokkk…😂,beli,Positif (+1),2.0,Negatif (-1),0.4018,BEDA ⚠️,
824,12907454,2023-11-12 19:07:52,"$BBCA total sell and buy asing selama seminggu terakhir sudah pair nih, walaupun freq jual asing masih sedikit lebih tinggi sih. Apakah apakah apakah sudah waktunya kamu melambung tinggi? Mana saya tahu, hanya bandar yg punya kehendak 😂

DYOR

Random top big bank
$BBRI $BMRI $BBTN",total sell and buy asing seminggu pair nih freq jual asing sih melambung bandar yg kehendak dyor random top big bank,Positif (+1),2.0,Negatif (-1),0.4629,BEDA ⚠️,
825,32446125,2026-06-05 12:14:36,CICIL DIKIT DEMI SEDIKIT $IHSG $BBRI $BBCA,cicil dikit,Negatif (-1),-4.0,Negatif (-1),0.4686,SAMA ✅,
826,27630668,2026-01-30 09:05:04,"$BBCA turunnya dahsyat, naiknya lelet (gapapa sih, dividennya oke)",turunnya dahsyat naiknya lelet gapapa sih dividennya oke,Positif (+1),4.0,Negatif (-1),0.4392,BEDA ⚠️,
827,6258400,2021-04-26 16:01:39,"CYRPSTOID - Pada pembukaan perdagangan Bursa Saham awal pekan ini (26/4/21), Index Harga Saham Gabungan (IHSG) dibuka di level harga 6018,34 dengan level harga terendah diharga 5955,62 sempat menyentuh level harga tertinggi diharga 6027,76 sebelum akhir nya market perdagangan IHSG ditutup untuk perdagangan hari ini di level harga 5964,82 . Hal ini membuat IHSG kembali mengalami penurunan sebesar Rp -520.043 atau -0,86% dari hari sebelumnya dengan nilai transaksi IHSG saat ini tercatat sebesar 10 T dengan Nett Foreign Sell tercatat sebesar -226,88 M dan Volume Shares tercatat sebesar 14,2 M . Berikut daftar 10 emiten saham yang aktif diperdagangkan pada hari ini :

1. $BBCA : Turun Rp-525 menjadi 31.425 atau turun -1,64% dari 31.950
2. BBRI : Turun Rp-110 menjadi 4.140 atau turun -2,59% dari 4.250
3. $KOTA : Naik Rp+24 menjadi 356 atau naik 7,23% dari 332
4. ASII : Stagnan / Tidak ada perubahan
5. $BMRI : Turun Rp-175 menjadi 5.975 atau turun -2,85% dari 6.150
6. ANTM : Naik Rp+70 menjadi 2.390 atau naik +3,02% dari 2.320
7. $MDKA : Naik Rp+70 menjadi 2.340 atau naik +3,08% dari 2.270
8. TAPG : Turun Rp-25 menjadi 705 atau turun -3,42% dari 730
9. BBTN : Turun Rp-55 menjadi 1.575 atau turun -3,37% dari 1.630
10. TLKM : Turun Rp-60 menjadi 3.250 atau turun -1,81% dari 3.310

Market perdagangan Index Harga Saham Gabungan (IHSG) akan kembali aktif besok hari mulai pukul 09:00 WIB hingga sesi pertama (1) selesai pada pukul 11:30 WIB, dan akan dilanjutkan kembali untuk sesi kedua (2) pada pukul 13:30 WIB hingga market perdagangan IHSG ditutup kembali pada pukul 15:00 WIB dst.",cyrpstoid pembukaan perdagangan bursa saham pekan index harga saham gabungan ihsg dibuka level harga level harga terendah diharga menyentuh level harga tertinggi diharga nya market perdagangan ihsg ditutup perdagangan level harga ihsg mengalami penurunan rp nilai transaksi ihsg tercatat nett foreign sell tercatat volume shares tercatat daftar emiten saham aktif diperdagangkan turun rp turun bbri turun rp turun rp asii stagnan tidak perubahan turun rp turun antm rp rp tapg turun rp turun bbtn turun rp turun tlkm turun rp turun market perdagangan index harga saham gabungan ihsg aktif besok wib sesi selesai wib dilanjutkan sesi wib market perdagangan ihsg ditutup wib dst,Negatif (-1),-22.0,Negatif (-1),0.5109,SAMA ✅,
828,10689731,2023-02-02 16:06:01,ROE tidak ada artinya! jika hanya melihat aplikasi saham sekedar angka ROE tanpa tau bagaimana hasil tersebut sama saja tidak ada artinya. karena banyak komponen yang perlu dilihat dari hasil ROE yang didapat. $IHSG $BBCA,roe tidak aplikasi saham sekedar angka roe tanpa tau hasil tidak komponen hasil roe,Positif (+1),2.0,Negatif (-1),0.4638,BEDA ⚠️,
829,14210213,2024-03-14 12:24:49,RUPS $BBCA ga ada souvenir atau merchandise apapun ya. Cuma dapet makan siang gratis. Alhamdulillah ga perlu nunggu 2025... 🤣🤣🤣🙏🏼🙏🏼🙏🏼,rups tidak souvenir merchandise apapun ya dapet makan siang gratis alhamdulillah tidak nunggu,Positif (+1),15.0,Negatif (-1),0.4275,BEDA ⚠️,
830,18094042,2025-04-05 13:32:27,"Selasa depan, tanggal 8 April 2025 Market sudah buka kembali 🍻
.
Sudah mulai kerasa banget.... FEAR atau Ketakutan yang ditebar melalui banyak post - post di @Stockbit ini ya GURARARARA! 🍻
.
Bagi Trader, tipe Scalper atau Swing Trader...ketakukan akan Market hancur sudah menghantui sejak beberqpa hari yang lalu...sampai hari Selasa depan nanti...pertanyaan - pertanyaan di pikiran seperti....gimana kalau nanti pas Market buka...IHSG langsung  ARB? gimana kalau saham - saham GAP DOWN dan ARB? gimana kalau Stop Loss ga kena (karena market Gap Down) dan Portofolio keikut keseret ke bawah? ...mulai selalu teringat di Pikiran..
.
Bagi Investor, apalagi Dividen Investor...justru menunggu - nunggu kesempatan seperti ini ni...kapan lagi ada kesempatan untuk koleksi saham - saham bagus di harga yang bagusssss juga 😊 super jarang banget bisa ada kesempatan seperti ini ni 🍻
.
Dan selalu ingat, di dalam ketakutan atau kehancuran...selalu ada kesempatan ya 😊 GURARARARARA! 😄🍻
.
YONKOU, YOUR GREAT CAPT, and YOUR OYAJI,
.
SHIROHIGE
. 
$BBRI $BMRI $BBCA",selasa tanggal april market buka kerasa banget fear ketakutan ditebar post post ya gurararara trader tipe scalper swing trader ketakukan market jelek menghantui beberqpa selasa pikiran gimana pas market buka ihsg langsung turun gimana saham saham gap down turun gimana stop rugi tidak kena market gap down portofolio keikut keseret pikiran investor dividen untung investor menunggu nunggu kesempatan ni kesempatan koleksi saham saham bagus harga bagus super jarang banget kesempatan ni ketakutan kehancuran kesempatan ya gurarararara yonkou your great capt and your oyaji shirohige,Positif (+1),13.0,Negatif (-1),0.4861,BEDA ⚠️,
831,32843602,2026-06-17 14:11:19,$BBCA ini mah ritel unyu2 yg baru masuk saham berduyun2 borong,mah ritel unyu yg masuk saham berduyun borong,Positif (+1),3.5,Negatif (-1),0.4235,BEDA ⚠️,
832,5925007,2021-03-09 14:31:22,$BBCA 0ke ....target TP tetap di 50.000 ,target untung,Positif (+1),4.0,Negatif (-1),0.4847,BEDA ⚠️,
833,14379169,2024-04-02 09:10:15,"Tungguin aja hbs lebaran juga bakalan naik 😁, cuman gak bs nambah muatan aja wowkwowowko 😭🤣 $BBRI $BMRI $BBCA $BBNI",tungguin aja hbs lebaran cuman tidak bs nambah muatan aja wowkwowowko rugi turun,Negatif (-1),-10.0,Negatif (-1),0.4468,SAMA ✅,
834,10566517,2023-01-13 09:50:54,"Tukang Analis Abal"" kembali lagi
Sekarang saya coba saham gedean yak
colek saham $BBCA 

walaupun hari ini dan kemarin sudah memerah, tapi potensinya masih menarik sepertinya

batas level risiko kalau turun dibawah 7900 aja dulu
area angkut mungkin bisa HAKA, atau tunggu 8000an bahkan 7900

TP1 di 8200, TP2 8400, TP3 8800

Happy Trading
Salam Abal""",tukang analis abal coba saham gedean yak colek saham kemarin memerah potensinya menarik batas level risiko turun dibawah aja area angkut beli tunggu an untung untung untung happy trading salam abal,Positif (+1),17.0,Negatif (-1),0.4478,BEDA ⚠️,
835,8085660,2022-02-24 12:26:18,$BBCA untung udah nyerok duluan :hot_face: ,untung nyerok duluan hot face,Positif (+1),2.0,Negatif (-1),0.4333,BEDA ⚠️,
836,17267758,2025-01-24 15:51:40,"$BBCA $BBRI $BBNI buka kedok kalian kadal2 sudah pada tau saat bursa kembali di buka kemungkinan besar rebound naik, daritadi nebar fear dapat segede apa diskonya",buka kedok kadal tau bursa buka untung daritadi nebar fear segede diskonya,Positif (+1),6.0,Negatif (-1),0.4395,BEDA ⚠️,
837,29743007,2026-03-26 09:21:41,@Stockbit Bank swasta apa ya kira²? ini kah ? $BBCA $BNGA,bank swasta ya kah,Positif (+1),4.0,Negatif (-1),0.4326,BEDA ⚠️,
838,18071073,2025-03-27 15:12:52,"⚠️$BBRI📉 dividennya kecil ngak menarik
✅$BBCA📈🎖️🎖️ dividennya jumbo menarik",rugi turun dividennya ngak menarik untung dividennya jumbo menarik,Positif (+1),5.0,Negatif (-1),0.4114,BEDA ⚠️,
839,20524789,2025-08-31 19:48:54,"$PSAB
$BBCA
$PIPA

bagaimana harga bisa memprediksi kejadian di masa depan?

""PRICE DISCOUNTS EVERYTHING""

semua tgl yg sy kasi tulisan SHOOTING STAR adalah ciri2 harga akan mengalami pembalikan arah di kemudian hari. harga selalu bergerak mendahului peristiwanya di dunia nyata, inilah konsep dari dow theory yg mungkin gak dipahami oleh org awam

dimulai dr tgl 14 & 15 agust (sebelum demo), terlihat akan ada pembalikan harga cukup signifikan & akan ada sesuatu peristiwa di masa depan

sebagian org mungkin blg ini cocokmologi atau org jawa blg digatuk-gatukno, padahal dow theory sudah ditemukan sejak tahun 1800an & ditulis di wall street journal",harga memprediksi kejadian price discounts everything tgl yg sy kasi tulisan shooting star ciri harga mengalami pembalikan harga bergerak mendahului peristiwanya dunia nyata konsep dow theory yg tidak dipahami org awam tgl agust demo pembalikan harga signifikan peristiwa org blg cocokmologi org jawa blg digatuk gatukno dow theory ditemukan an ditulis wall street journal,Positif (+1),12.0,Negatif (-1),0.499,BEDA ⚠️,
840,30906481,2026-04-27 11:11:39,$BBCA tenang saja Timotod akan membuka kelas Saham dan para ritel unyu-unyu baru akan mulai beli saham ini.,tenang timotod membuka kelas saham ritel unyu unyu beli saham,Positif (+1),4.0,Negatif (-1),0.4539,BEDA ⚠️,
841,18913460,2025-06-18 09:03:43,Mau dibawaaaa kemanaaaa hubungann kitaaa $BBRI $BBCA,dibawa kemana hubungann,Netral (0),0.0,Negatif (-1),0.4361,BEDA ⚠️,
842,18109233,2025-04-08 09:58:35,"Kalau dilihat chart TF 3Month, Harga $IHSG selalu rebound saat menyentuh garis MA50, tapi ada sedikit wick sebelum mantul. Prediksi saya bisa naik Sedikit setelah menyentuh 5500-5600. Hanya pendapat pribadi disclaimer on!

$BBRI $BBCA",chart tf month harga untung menyentuh garis ma wick untung prediksi menyentuh pendapat pribadi disclaimer on,Positif (+1),8.0,Negatif (-1),0.4649,BEDA ⚠️,
843,22582739,2025-10-22 15:57:11,$BBCA penasaran apakah ada broker SQ beli banyak hari ini.,penasaran broker sq beli,Negatif (-1),-4.0,Negatif (-1),0.4368,SAMA ✅,
844,6410452,2021-05-27 12:46:32,Apakah saham $BBCA akan naik? (Poll #996355042),saham poll,Netral (0),0.0,Negatif (-1),0.4634,BEDA ⚠️,
845,19223751,2025-07-10 15:15:10,$BBCA $BMRI masa kalah sama $BBRI ? 🙈,kalah,Negatif (-1),-4.0,Negatif (-1),0.4383,SAMA ✅,
846,15355467,2024-07-26 09:37:14,"$BBRI yg dapat barang diharga 6.000 bnyak sabar ya ,, midah2an awal tahun bisa meroket ke harga 10.000 kejar $BBCA",yg barang diharga bnyak sabar ya midah an meroket harga kejar,Positif (+1),6.0,Negatif (-1),0.4436,BEDA ⚠️,
847,30851102,2026-04-24 15:03:21,$BBCA set dah.,set,Netral (0),0.0,Negatif (-1),0.4758,BEDA ⚠️,
848,21947931,2025-10-09 09:42:30,$BBCA apa perlu uang panas kita panaskan lagi di bca🤣🤣🤣,uang panas panaskan bca,Positif (+1),4.0,Negatif (-1),0.4175,BEDA ⚠️,
849,22205111,2025-10-14 16:55:42,$BBCA it's okay.. turunin terus sampe 3000 juga saya serok,it okay turunin sampe beli,Positif (+1),6.0,Negatif (-1),0.4442,BEDA ⚠️,
850,21982811,2025-10-09 15:36:14,$BBCA $BBRI dahal naik jg gaseberapa dan jarang bgt tpi bikin saham lain crash sama aja boong😇,dahal jg gaseberapa jarang banget tpi bikin saham crash aja boong,Negatif (-1),-6.0,Negatif (-1),0.4281,SAMA ✅,
851,29618903,2026-03-14 19:00:58,"ayo $IHSG ku udh ga dikerangkeng lagi tu kapalnya, rt $BUMI $BBCA",ayo ku tidak dikerangkeng tu kapalnya rt,Positif (+1),4.0,Negatif (-1),0.4627,BEDA ⚠️,
852,24872284,2025-12-15 10:14:38,$BBCA stuck mulu herann,stuck mulu herann,Positif (+1),2.0,Negatif (-1),0.4555,BEDA ⚠️,
853,22581176,2025-10-22 15:39:10,"mana nih meme cring jadi gembel 😂

$BBCA $BBRI $BMRI",nih meme cring gembel,Negatif (-1),-5.0,Negatif (-1),0.4351,SAMA ✅,
854,27813281,2026-02-03 09:04:38,$BBCA bisa yuk bertahan 7500 tidak turun,yuk bertahan tidak turun,Positif (+1),11.0,Negatif (-1),0.4227,BEDA ⚠️,
855,7925075,2022-01-28 21:05:25,"$DOID Sudah Tidak Ada Lagi Northstar?

Baru - baru ini saya melihat bahwa Sunata Tjiterosampurno mengundurkan diri dari DOID.

Dengan mundurnya Pak Sunata maka praktis tidak ada lagi afiliasi Northstar di jajaran komisaris DOID. Sisa di jajaran direksi saja yang masih ada afiliasi Northstar yakni Pak Ronald Sutardja dan Bu Ariani Vidya. Tinggal kita tunggu saja siapa yang akan menggantikan Pak Sunata di RUPS nanti. Apakah dari Northstar lagi atau malah dari afiliasi SHPL atau Farralon lagi. 

Sejak tahun lalu memang sudah ada desas-desus kalau PSP NTP akan mengalami pergantian kepemilikan.
http://bit.ly/3r9bCoa

Di mana SHPL masuk jadi PSP di NTP, sehingga dengan demikian secara tidak langsung SHPL akan menjadi pemegang saham DOID lewat NTP..

Saya lihat ada 2 orang afiliasi Farralon di jajaran komisaris DOID. Dulu Farralon adalah yang mengakuisisi $BBCA sebelum akhirnya diambil alih oleh keluarga Djarum.
http://bit.ly/3gaGHRW

Saya memiliki hipotesis bahwa Djarum akan masuk lagi ke DOID via Farralon. Apalagi dengan semakin ekspansifnya DOID saat ini.
https://bit.ly/3H99ylJ

Bahkan DOID sudah mulai menjelajah hingga ke Australia.
https://bit.ly/32IiFLg

Rencana ekspansi DOID menurut saya mustahil jika tidak didukung oleh investor dengan pendanaan besar. Apalagi mereka memasuki uncharted area di Australia. Tidak banyak perusahaan Indonesia yang berani ekspansi ke luar negeri.

Dan Grup Djarum menurut saya adalah kandidat paling memungkinkan yang dapat mendukung ekspansi tersebut.

Hanya hipotesis belaka, bukan ajakan beli dan jual saham. 

Disclaimer:http://bit.ly/3bLj4Oc",tidak northstar sunata tjiterosampurno mengundurkan doid mundurnya sunata praktis tidak afiliasi northstar jajaran komisaris doid sisa jajaran direksi afiliasi northstar ronald sutardja bu ariani vidya tinggal tunggu menggantikan sunata rups northstar afiliasi shpl farralon desas desus psp ntp mengalami pergantian kepemilikan shpl masuk psp ntp tidak langsung shpl pemegang saham doid ntp lihat orang afiliasi farralon jajaran komisaris doid farralon mengakuisisi diambil alih keluarga djarum memiliki hipotesis djarum masuk doid via farralon ekspansifnya doid doid menjelajah australia rencana ekspansi doid mustahil tidak didukung investor pendanaan memasuki uncharted area australia tidak perusahaan indonesia berani ekspansi negeri grup djarum kandidat mendukung ekspansi hipotesis belaka bukan ajakan beli jual saham disclaimer,Positif (+1),13.0,Negatif (-1),0.485,BEDA ⚠️,
856,33036422,2026-06-24 10:17:00,@Jodha21 mamp uuuus sangkuters $TPIA $CUAN $BBCA saham busuk awas jatuh miskin dyor,mamp us sangkuters saham busuk awas jatuh miskin dyor,Negatif (-1),-9.5,Negatif (-1),0.4286,SAMA ✅,
857,7269452,2021-09-30 16:25:36,"JAKARTA, Investor.id -Pemodal asing melepas sebanyak 2 miliar saham PT Bank Aladin Syariah Tbk (BANK) senilai Rp 5,79 triliun. Saham tersebut ditransaksikan tutun sendiri atau di pasar negosiasi dengan harga pelaksanaan Rp 2.920 per saham. Harga tersebut lebih rendah dari harga penutupan hari ini Rp...",jakarta investor id pemodal asing melepas miliar saham pt bank aladin syariah tbk bank senilai rp triliun saham ditransaksikan tutun pasar negosiasi harga pelaksanaan rp saham harga rendah harga penutupan rp,Negatif (-1),-12.0,Negatif (-1),0.5195,SAMA ✅,
858,6059474,2021-03-25 11:15:31,"$ihsg analisa sederhana aja :face_with_hand_over_mouth::face_with_hand_over_mouth::face_with_hand_over_mouth:. Akankah Jumat besok dcb?
$BBCA",analisa sederhana aja face with hand over mouth face with hand over mouth face with hand over mouth jumat besok dcb,Positif (+1),6.0,Negatif (-1),0.4511,BEDA ⚠️,
859,30406978,2026-04-16 12:38:49,"$WBSA $BBRI $BBCA
Loh MG serok di harga 708 ya guys?",loh mg beli harga ya guys,Positif (+1),7.0,Negatif (-1),0.4335,BEDA ⚠️,
860,27474237,2026-01-28 14:27:55,$BBCA arb kah dar 🤣,turun kah dar,Negatif (-1),-3.0,Negatif (-1),0.4574,SAMA ✅,
861,32783383,2026-06-15 12:37:40,"lu liat King XL sama CC sudah menguasai Permainan, King AK ZP yang hobi Short Sell pada mati 🤣🤣

$TPIA $BBCA $BMRI",lu liat king xl cc menguasai permainan king ak zp hobi short sell mati,Positif (+1),4.0,Negatif (-1),0.4322,BEDA ⚠️,
862,18828687,2025-06-11 14:31:58,beban provisi itu menambah laba atau mengurangi laba bersih? $IHSG $BBCA,beban provisi menambah laba mengurangi laba bersih,Positif (+1),6.0,Negatif (-1),0.4844,BEDA ⚠️,
863,30215367,2026-04-13 11:56:18,"Aseng lagi shifting ke industri lain, kagak bakal naik harga perbankan $BBCA $BBRI",aseng shifting industri kagak harga perbankan,Negatif (-1),-3.0,Negatif (-1),0.4734,SAMA ✅,
864,17524800,2025-02-16 17:35:04,"$BBRI bsok Koreksi dalem dlu ya . tes suport 3800 krna IHSG distribusi pling gde di bbri

$BMRI & $BBCA bkal ngikut saudrnya",bsok koreksi dalem dlu ya tes suport krna ihsg distribusi pling gde bbri bkal ngikut saudrnya,Positif (+1),5.0,Negatif (-1),0.4629,BEDA ⚠️,
865,26867272,2026-01-20 16:35:52,"$BBCA orang pada hijau , ihsg hijau, gorengan hijau , dia doang merah wkwkwkwk , jadi ingat dulu pernah ada fenomena ginian tp ngk tau kapan untuk saham overvalue dibukakan mata hati orang orangnya, dulu unvr ggrm di puncak gunung sekarang tgl butiran debu",orang ihsg gorengan doang turun wkwkwkwk fenomena ginian untung ngk tau saham overvalue dibukakan mata hati orang orangnya unvr ggrm puncak gunung tgl butiran debu,Negatif (-1),-8.0,Negatif (-1),0.476,SAMA ✅,
866,18995824,2025-06-24 10:27:29,"$IHSG $BBRI $BBCA
Bulan Bulan Sebelumnya Banyak Libur IPO Juga Libur males Juga Banyak Liburnya, Bulan Juli IPO Hunter Pesta",libur ipo libur males liburnya juli ipo hunter pesta,Positif (+1),6.0,Positif (+1),0.4148,SAMA ✅,
867,27090315,2026-01-22 19:09:27,@Ryanenrico96 $BBCA juga itungannya gorengan loh ya 🤭,itungannya gorengan loh ya,Positif (+1),4.0,Negatif (-1),0.3861,BEDA ⚠️,
868,30492431,2026-04-17 15:55:17,@dittokun lihat aja coba minggu depan. $BBCA kan top sell asing 2 hari beturut-turut. Minggu depan pasti jadi top buy asing,lihat aja coba minggu top sell asing beturut minggu top buy asing,Positif (+1),16.0,Negatif (-1),0.4144,BEDA ⚠️,
869,24793248,2025-12-12 12:30:07,"Indeks Harga Saham Gabungan atau IHSG ditutup naik 0,45% atau 38,63 poin ke level 8.659 pada perdagangan sesi pertama, Jumat (12/12). Harga saham emiten-emiten tambang emas terpantau semringah.
Harga saham PT Archi Indonesia Tbk (ARCI) melompat 13,82% atau 190 poin ke level 1.565, PT PT Bumi Resourc...",indeks harga saham gabungan ihsg ditutup poin level perdagangan sesi jumat harga saham emiten emiten tambang emas terpantau semringah harga saham pt archi indonesia tbk arci melompat poin level pt pt bumi resourc,Positif (+1),10.0,Negatif (-1),0.5075,BEDA ⚠️,
870,31400458,2026-05-07 15:24:48,"Menu BSJP 7 Mei.
Selalu lakukan analisa sebelum entry!

tg:
$MDIA $BBRI $BBCA",menu bsjp mei lakukan analisa entry tg,Netral (0),0.0,Negatif (-1),0.4457,BEDA ⚠️,
871,27312904,2026-01-27 07:15:08,"Bursa Efek Indonesia (BEI) mengumumkan hasil evaluasi mayor terhadap sejumlah indeks utama, termasuk LQ45, IDX30 dan IDX80 yang akan berlaku pada periode 2 Februari hingga 30 April 2026. Emiten konglomerat Prajogo Pangestu bahkan masuk dua indeks sekaligus dalam kocok ulang baru tersebut.
Dalam eva...",bursa efek indonesia bei mengumumkan hasil evaluasi mayor indeks utama lq idx idx berlaku periode februari april emiten konglomerat prajogo pangestu masuk indeks kocok ulang eva,Positif (+1),7.5,Negatif (-1),0.4977,BEDA ⚠️,
872,15411534,2024-08-01 15:46:47,"$BBRI
Melihat pergerakan sahamnya, mengkhawatirkan.
Beda dgn $BMRI Dan $BBCA yg gerakannya teratur naik.",pergerakan sahamnya mengkhawatirkan beda yg gerakannya teratur,Positif (+1),2.0,Negatif (-1),0.5023,BEDA ⚠️,
873,22503156,2025-10-21 10:42:55,$BBCA katanya fundamental is death. tapi kok saya CUAN terus 🤣🤣🤣,fundamental is death untung,Negatif (-1),-3.0,Negatif (-1),0.4119,SAMA ✅,
874,27007314,2026-01-22 10:00:07,"Otoritas Jasa Keuangan (OJK) bersama dengan Kementerian/Lembaga anggota Satgas PASTI melaksanakan Penyerahan Dana Masyarakat Korban Scam yang Berhasil Diselamatkan Melalui Sinergi dan Kolaborasi Indonesia Anti Scam Centre (IASC), di Gedung AA Maramis, Jakarta, Rabu (21/1/2026). (CNBC Indonesia/Tri S...",otoritas jasa keuangan ojk kementerian lembaga anggota satgas melaksanakan penyerahan dana masyarakat korban scam berhasil diselamatkan sinergi kolaborasi indonesia anti scam centre iasc gedung aa maramis jakarta rabu cnbc indonesia tri,Negatif (-1),-4.0,Negatif (-1),0.4231,SAMA ✅,
875,15548478,2024-08-20 16:13:13,$BBCA sehappy itu loh,sehappy loh,Netral (0),0.0,Negatif (-1),0.4634,BEDA ⚠️,
876,25689616,2026-01-02 16:22:12,"There seems to be a sustained liquidity expansion in the system lately.

The acceleration became more visible around May–June 2025, and so far, the trend still looks intact.

Usually, it takes time before liquidity is reflected in real performance. There is always some lagging — often around 2 to 4 quarters.

If this momentum continues, the question is no longer whether liquidity exists, but rather where it will flow next.

In that context, the banking sector could be one of the early beneficiaries in the first half of the year — supported by improving credit momentum, margin normalization, and potential valuation re-rating.

Not necessarily reflected in prices today. But as always, our job is not to predict timing, it’s to recognize regime shifts before they become consensus.

$BBRI $BBCA $BMRI",there seems to be sustained liquidity expansion in the system lately the acceleration became more visible around may june and so far the trend still looks intact usually it takes time before liquidity is reflected in real performance there is always some lagging often around to quarters if this momentum continues the question is no longer whether liquidity exists but rather where it will flow next in that context the banking sector could be one of the early beneficiaries in the first half of the year supported by improving credit momentum margin normalization and potential valuation re rating not necessarily reflected in prices today but as always our job is not to predict timing it to recognize regime shifts before they become consensus,Positif (+1),6.0,Negatif (-1),0.4998,BEDA ⚠️,
877,10533383,2023-01-09 17:24:51,"$BBCA ditutup menguat 150 hari ini, masa depan sungguh ada dan harapan tidak akan hilang 💪",ditutup menguat sungguh harapan tidak hilang,Positif (+1),1.0,Negatif (-1),0.4272,BEDA ⚠️,
878,25400342,2025-12-23 19:35:30,$BBCA besok pagi harus hijau ya becak🤣😂,besok pagi ya becak,Netral (0),0.0,Negatif (-1),0.3914,BEDA ⚠️,
879,20014156,2025-08-11 12:45:08,"STOCKWATCH.ID (JAKARTA) – Pada pembukaan perdagangan saham pagi ini, Senin (11/8/2025), harga sejumlah saham tampak terus menguat. Harga beberapa saham berkapitalisasi besar mengalami kenaikan harga.
Hingga pukul 09.04 WIB, Indeks Harga Saham Gabungan (IHSG) terpantau di level 7.601,799, menguat 6...",stockwatch id jakarta pembukaan perdagangan saham pagi senin harga saham menguat harga saham berkapitalisasi mengalami kenaikan harga wib indeks harga saham gabungan ihsg terpantau level menguat,Positif (+1),4.0,Negatif (-1),0.4603,BEDA ⚠️,
880,17964706,2025-03-19 19:43:49,"IHSG MERAH? SANTAI AJA MEN!!

Instagram: @rupiya.id
Link Instagram: https://cutt.ly/MriU4hvY

Kemarin saya melihat IHSG mengalami trading halt dan turun sampai 7% sehari. Disaat yang bersamaan banyak sekali fear yang bertebaran di market, semua permasalahan tiba tiba banyak di korelasikan dengan IHSG. Saya tidak bilang itu salah, tapi ada baiknya bagi kita untuk tidak jumawa dalam mengambil kesimpulan terhadap kondisi market. Karena akan ada banyak sekali argumentasi cerdas (mungkin...) yang akan muncul dari para streamer lain untuk mengatakan bahwa market dalam kondisi yang buruk. Takutnya itu menjadi bias bagi teman teman untuk mengambil keputusan yang tidak rasional.

Sang investor legendaris Warren Buffet selalu mengatakan bahwa terdapat prinsip investasi sederhana yang harus diingat saat sedang terjadi kondisi seperti sekarang. Yaitu ""Be fearful when others are greedy, and be greedy when others are fearful."" Kalimat ini tidak serta merta kita telan mentah mentah dengan menjadi contrarian tanpa memahami keadaan. Tapi kalimat ini mengartikan bahwa peluang akan selalu muncul di kondisi pasar seperti apapun itu. Baik dalam kondisi market yang buruk ataupun baik, selalu ada opportunity yang muncul bagi kita sebagai investor.

Saat market sedang dalam keadaan yang buruk kita bisa mengakumulasi saham sebanyak banyaknya pada perusahaan bagus di harga yang murah. Layaknya terjadi hujan emas, tentunya kita tidak boleh hanya bawa gayung untuk keluar rumah, tapi kita wajib bawa ember atau baskom besar untuk menampung semua emas yang berjatuhan. Karena peluang seperti kemarin sangat jarang terjadi, dan teman teman harus bisa wise dalam memanfaatkan irasionalitas pasar untuk mendapatkan company bagus di harga yang murah.

Lalu bagaimana bagi yang tidak sedia cash? (kaya saya hehe..) Ya kalau tidak punya cash santai saja, selama company yang teman teman pegang tidak ada permasalahan bisnis dan teman teman beli di valuasi yang murah itu bukan menjadi masalah. Akan lebih baik teman teman ngopi santai di teras sambil baca buku daripada sibuk buka olt sekuritas ngeliatin chart saham turun yang gabisa kalian beli itu hehe... Karena kalau seandainya teman teman psikologisnya terpancing dan menjadi investor yang tidak irasional, teman teman akan jadi santapan nikmat bagi market.

Buffet selalu menekankan bahwa “the stock market is designed to transfer money from the active to the patient.” jadi buat teman teman yang belum patient dalam berinvestasi saham, lebih baik teman teman investasi leher ke atas dulu. Ikut kelas yang bagus, atau bisa ikut program konsultasi gratis dengan saya. Karena siapa tau teman teman bisa segera saya sadarkan akan kerasnya market, dan bisa kembali untuk berada di jalan yang benar. 

Setidaknya jika teman teman ngerasain loss kemarin dimarket, ya ambil hikmahnya paling tidak teman teman dapat pengalaman, karena saya percaya experience is the most valuable thing in life, so find your experience more and more. Tidak ada kesuksesan yang bisa diperoleh dengan cara yang instan, saya sendiri butuh waktu 5 tahun untuk bisa tetap tenang di kondisi market seperti kemarin. Udah sukses? Ya belum juga, tapi saya sudah bisa meminimalisir kerugian saya di market.

Ingat selalu, kalau teman teman beli saham harus berdasarkan kondisi fundamental bisnis yang baik, karena itu adalah acuan utama teman teman untuk bisa sukses di pasar saham. Lalu belilah di harga yang lebih murah daripada valuenya, minimal tersedia 30-40% MOS agar bisa ngopi tenang. Bikin thesis investasinya, analisa bisnis secara mendalam dan pahami model bisnis perusahaan agar bisa teman teman tinggal tidur kaya LKH hehe...

Semoga artikel ini bermanfaat dan berguna bagi teman teman semua.

Aldino Prayatna
Rupiya Finance Analyst

===============================

Instagram: @rupiya.id
Link Instagram: https://cutt.ly/KriU4hEB

$BBCA $BBRI $PTRO",ihsg turun santai aja men instagram id link instagram kemarin ihsg mengalami trading halt turun sehari disaat bersamaan fear bertebaran market permasalahan korelasikan ihsg tidak bilang salah baiknya tidak jumawa mengambil kesimpulan kondisi market argumentasi cerdas muncul streamer market kondisi buruk takutnya bias teman teman mengambil keputusan tidak rasional sang investor legendaris warren buffet prinsip investasi sederhana kondisi be fearful when others are greedy and be greedy when others are fearful kalimat tidak merta telan mentah mentah contrarian tanpa memahami kalimat mengartikan peluang muncul kondisi pasar apapun kondisi market buruk opportunity muncul investor market buruk mengakumulasi saham banyaknya perusahaan bagus harga murah layaknya hujan emas tidak bawa gayung rumah wajib bawa ember baskom menampung emas berjatuhan peluang kemarin jarang teman teman wise memanfaatkan irasionalitas pasar company bagus harga murah tidak sedia cash kaya hehe ya tidak cash santai company teman teman pegang tidak permasalahan bisnis teman teman beli valuasi murah bukan teman teman ngopi santai teras baca buku sibuk buka olt sekuritas ngeliatin chart saham turun gabisa beli hehe seandainya teman teman psikologisnya terpancing investor tidak irasional teman teman santapan nikmat market buffet menekankan the stock market is designed to transfer money from the active to the patient teman teman belum patient berinvestasi saham teman teman investasi leher kelas bagus program konsultasi gratis tau teman teman sadarkan kerasnya market jalan teman teman ngerasain rugi kemarin dimarket ya ambil hikmahnya tidak teman teman pengalaman percaya experience is the most valuable thing in life so find your experience more and more tidak kesuksesan diperoleh instan butuh tenang kondisi market kemarin sukses ya belum meminimalisir kerugian market teman teman beli saham berdasarkan kondisi fundamental bisnis acuan utama teman teman sukses pasar saham belilah harga murah valuenya minimal tersedia mos ngopi tenang bikin thesis investasinya analisa bisnis mendalam pahami model bisnis perusahaan teman teman tinggal tidur kaya lkh hehe semoga artikel bermanfaat berguna teman teman aldino prayatna rupiya finance analyst instagram id link instagram,Positif (+1),77.0,Negatif (-1),0.4778,BEDA ⚠️,
881,33200865,2026-06-30 09:30:23,$BBCA HARUSNYA SIH HARUS TURUN KE 5.000 - 5.200. SAYA TUNGGUIN,sih turun tungguin,Negatif (-1),-3.0,Negatif (-1),0.4504,SAMA ✅,
882,31218087,2026-05-05 09:33:25,"$BBCA WKWKW akhirnya masuk BCA

250 lot dulu gan, tipis2",wkwkw masuk bca lot gan tipis,Positif (+1),1.5,Negatif (-1),0.4136,BEDA ⚠️,
883,27474340,2026-01-28 14:28:25,$BBCA gila2 atl dalam 3 tahun 😱,gila atl,Positif (+1),3.0,Negatif (-1),0.4054,BEDA ⚠️,
884,12414027,2023-09-27 09:08:55,$BBCA 8975 all in mudah mudahan kejemput,all in mudah mudahan kejemput,Positif (+1),5.0,Negatif (-1),0.4446,BEDA ⚠️,
885,18155864,2025-04-11 09:57:04,"Mau IHSG merah membara, hati tetap berbunga, menunggu deviden cair
$BBCA April 11
$BBRI   April 23
$BMRI  April 25
BBNI  April 23

yuk cheki checki guys, kemarin yg habis borong harga discount besar gimana perasannya ? 

#DYOR 
#investasi aman hati tenang
#copet cuan",ihsg turun membara hati berbunga menunggu deviden cair april april april bbni april yuk cheki checki guys kemarin yg habis borong harga discount gimana perasannya dyor investasi aman hati tenang copet untung,Positif (+1),21.0,Negatif (-1),0.4637,BEDA ⚠️,
886,13772802,2024-01-29 13:58:01,"@sarnosantosa justru harapan meredup baru saham dikasih murah, coba yg bertumbuh trus spt $BBCA mau dpt murah bgm? kcuali gorengan yg digoreng no comment lah",harapan meredup saham dikasih murah coba yg bertumbuh trus spt dpt murah bgm kcuali gorengan yg digoreng no comment,Positif (+1),7.0,Negatif (-1),0.4799,BEDA ⚠️,
887,22039578,2025-10-10 14:59:40,$BBCA gara2 dosen cripto pindah ke sini jadi turun terus🤣,gara dosen cripto pindah turun,Negatif (-1),-6.0,Negatif (-1),0.4236,SAMA ✅,
888,18181911,2025-04-14 11:54:44,$BBRI ngak menarik jual sebelum anjlok teman pindah ke $BBCA📈,ngak menarik jual turun teman pindah untung,Positif (+1),7.0,Negatif (-1),0.4081,BEDA ⚠️,
889,17092772,2025-01-15 16:07:01,"@williams1011 kenapa gk ada pilihan $BBCA 12000 om ?, pdhal itu yg lebih memungkinkan wkw",gk pilihan om pdhal yg wkw,Positif (+1),3.0,Negatif (-1),0.4373,BEDA ⚠️,
890,8717340,2022-05-27 11:00:40,$BBCA 7600 hari ini yuu bisa yuu,yuu yuu,Netral (0),0.0,Negatif (-1),0.458,BEDA ⚠️,
891,17663128,2025-02-26 14:00:13,"$BBCA jebol di 8700 kelar nih bisa super diskon 😄😄😄😄😄 
🛒🛒🛒🛒🛒🛒 tinggal Sorong 8500 8600🚚🚚🚚🚚🚚🚚🚚🚚🚚🚚🚚🚚🚚🚚🚚",jebol kelar nih super diskon tinggal sorong,Positif (+1),9.0,Negatif (-1),0.3969,BEDA ⚠️,
892,16756338,2024-12-17 12:15:19,$BBRI Apa yang kau takutkan kawan? $BBCA $BMRI,kau takutkan kawan,Netral (0),0.0,Negatif (-1),0.4867,BEDA ⚠️,
893,34109519,2026-07-23 15:04:16,$BBCA serokkkkk,beli,Positif (+1),2.0,Negatif (-1),0.4562,BEDA ⚠️,
894,27534555,2026-01-29 09:44:42,$BBCA makasih yah :),makasih yah,Positif (+1),4.0,Negatif (-1),0.4385,BEDA ⚠️,
895,7304211,2021-10-06 18:41:26,"JAKARTA, Indeks Harga Saham Gabungan (IHSG) ditutup positif pada akhir perdagangan di Bursa Efek Indonesia (BEI) Rabu (6/10/2021). Sementara rupiah stagnan di akhir perdagangan pasar spot.Melansir data RTI, IHSG ditutup melonjak 129,27 poin (2,06 persen) pada level 6.417,32.Aksi beli bersih asing te...",jakarta indeks harga saham gabungan ihsg ditutup positif perdagangan bursa efek indonesia bei rabu rupiah stagnan perdagangan pasar spot melansir data rti ihsg ditutup melonjak poin persen level aksi beli bersih asing te,Positif (+1),13.0,Negatif (-1),0.5248,BEDA ⚠️,
896,27046765,2026-01-22 13:57:03,"TP di $BBCA habistu masuk ke $BUMI, malah merah merona🥲",untung habistu masuk turun merona,Positif (+1),2.5,Negatif (-1),0.4199,BEDA ⚠️,
897,25194417,2025-12-19 10:33:43,$BBCA bisa yuk 8000,yuk,Positif (+1),4.0,Positif (+1),0.4839,SAMA ✅,
898,32379865,2026-06-04 10:11:30,"Cuma kepikiran aja, kok habis satu rame-rame, ada aja yang kebuka
 $IHSG $BBRI $BBCA",kepikiran aja habis rame rame aja kebuka,Positif (+1),9.0,Negatif (-1),0.4631,BEDA ⚠️,
899,32355043,2026-06-03 18:25:53,""" (Konon) Investor : 'Duh turun, saya cutloss dulu, nanti beli banyak tunggu di bawah.'

Pas harga sampai bawah : 'Saya tunggu bawah yang lebih bawah.'

Pas turun lagi : 'Fundamentalnya meragukan.'

Ketika harga saham tsb rebound naik 100% dari harga cutlossnya : 'Dulu saya sudah lama pegang saham tersebut.' (sambil pamer screenshot masa lalu)"" - Harry JP

Kelakuan.... 🤣


$ITMG $BBCA $ESSA",konon investor duh turun rugi beli tunggu pas harga tunggu pas turun fundamentalnya meragukan harga saham tsb untung harga cutlossnya pegang saham pamer screenshot harry jp kelakuan,Negatif (-1),-8.0,Negatif (-1),0.5038,SAMA ✅,
900,33130459,2026-06-26 11:29:13,"$BBCA semoga terus konsiten dan lebih baik lagi

Laba bersih
 BBCA 25,68 T
BMRI 23,31 T
BBRI 20,42 T
BBNI 9,05 T",semoga konsiten laba bersih bbca bmri bbri bbni,Positif (+1),4.0,Negatif (-1),0.4759,BEDA ⚠️,
901,17395938,2025-02-06 11:37:41,"alhamdulillah insider mulai belanja lagi

semoga awal dari proses pemulihan harga saham AKRA

$BBRI $BMRI $BBCA",alhamdulillah insider belanja semoga proses pemulihan harga saham akra,Positif (+1),8.0,Negatif (-1),0.5028,BEDA ⚠️,
902,21980555,2025-10-09 15:23:30,"porto jalan ditempat, yang satu profit yg satunya lagi mines $BBCA $NOBU $BRIS",porto jalan ditempat untung yg satunya mines,Positif (+1),4.0,Negatif (-1),0.4561,BEDA ⚠️,
903,19780220,2025-08-01 15:44:32,"masalahnya bukan cuman disitu bos. ini bank bisnis trust kok dibuat bercanda. 

klo dah dibuka juga orang yg ada money rush bos
dan mulai pada berpikir mindahin duitnya bank luar atau cold wallet crypto dalam bentuk BTC dan USDT. 
$BBCA $BBRI $BMRI",bukan cuman disitu bos bank bisnis trust bercanda dibuka orang yg money rush bos berpikir mindahin duitnya bank cold wallet crypto bentuk btc usdt,Positif (+1),9.0,Negatif (-1),0.4965,BEDA ⚠️,
904,29965010,2026-04-06 09:05:19,$BBCA naik untuk turun kembali wkwkw,turun wkwkw,Negatif (-1),-3.0,Positif (+1),0.4398,BEDA ⚠️,
905,8305421,2022-03-30 18:57:38,"Jakarta - Samuel Sekuritas Indonesia mencatat Indeks Harga Saham Gabungan atau IHSG mencatatkan rebound di sesi pertama perdagangan hari ini, 30 Maret 2022. IHSG menutup sesi di level 7.036,4 atau 0.35 persen lebih tinggi dari angka penutupan kemarin di level 7,011.6.""Pergerakan IHSG di sesi pertama...",jakarta samuel sekuritas indonesia mencatat indeks harga saham gabungan ihsg mencatatkan untung sesi perdagangan maret ihsg menutup sesi level persen angka penutupan kemarin level pergerakan ihsg sesi,Positif (+1),3.0,Negatif (-1),0.4679,BEDA ⚠️,
906,17973970,2025-03-20 11:57:50,"Ketika semua longsor cima  $BBCA yg menghijau 
cuma emiten ini yg tau bagaimana menghargai kepercayaan ritel & investor

apa bedanya sama² makan nasi tapi cara menghandle chaos kenapa lebih jago ? 

#DYOR
#HIMBARA WASSALAM
#KABUR SAJA DULU",turun cima yg menghijau emiten yg tau menghargai kepercayaan ritel investor bedanya makan nasi menghandle chaos jago dyor himbara wassalam kabur,Netral (0),0.0,Negatif (-1),0.4472,BEDA ⚠️,
907,33279642,2026-07-02 09:34:06,"$BNBR gelo sekuritas ritel XL ga bisa top up XC error biar bandar yg masuk dulu ilmu mahal ndar

$BBCA
$DSSA",gelo sekuritas ritel xl tidak top up xc error biar bandar yg masuk ilmu mahal ndar,Negatif (-1),-4.5,Negatif (-1),0.4598,SAMA ✅,
908,14399400,2024-04-03 16:01:28,"$BBRI $BMRI $BBNI $BBCA
Besok anjut turun.",besok anjut turun,Negatif (-1),-3.0,Negatif (-1),0.4513,SAMA ✅,
909,22172448,2025-10-14 11:09:59,$BBCA dibawah 7000 kayaknya worth it,dibawah worth it,Netral (0),0.0,Negatif (-1),0.4711,BEDA ⚠️,
910,14792992,2024-05-21 11:38:22,"$BRPT $BBRI $BBCA $AMMN

Yg pke broker DR  , ini lagi error kah ? masa mau wd reject terus udh t+2 , saldo rdn malah jadi minus ?
kacau bener ini sekuritas",yg pke broker error kah wd reject saldo rdn minus kacau bener sekuritas,Negatif (-1),-6.0,Negatif (-1),0.4806,SAMA ✅,
911,7511652,2021-11-13 11:48:28,"@Assaxinnn $UNVR $BBCA jg bagi 2x setahun, bang. kalo maen yg ga syariah, $MLBI meski absen tahun lalu.",jg setahun bang kalo maen yg tidak syariah absen,Positif (+1),6.0,Negatif (-1),0.4358,BEDA ⚠️,
912,32748322,2026-06-13 19:15:10,"KABARBURSA.COM – Dominasi emiten raksasa kembali terlihat riil melalui daftar nilai transaksi tertinggi pada perdagangan bursa kemarin, Jumat, 12 Juni 2026.
Berbagai saham kapitalisasi besar menjadi arena utama pemodal asing untuk melakukan akumulasi yang mendorong penguatan harga secara signifika...",kabarbursa com dominasi emiten raksasa riil daftar nilai transaksi tertinggi perdagangan bursa kemarin jumat juni saham kapitalisasi arena utama pemodal asing akumulasi mendorong penguatan harga signifika,Positif (+1),14.0,Negatif (-1),0.4574,BEDA ⚠️,
913,18350983,2025-04-29 14:43:54,"Banyak yg sudah tau duluan ni yeeee LK Q1 beberapa emiten 🤪 

Di sisi lain, kenaikan Index Gadungan $IHSG juga tidak seperti biasanya,. yang didoreng kenaikan $BBCA dan $BBRI 

Jadi artinya apaaaaaaa ⁉️ 🕊🕊",yg tau duluan ni ye lk emiten sisi kenaikan index gadungan tidak didoreng kenaikan,Negatif (-1),-2.0,Negatif (-1),0.4256,SAMA ✅,
914,5859910,2021-03-03 07:46:21,$BBCA nih yg namanya bank digital kayak gini bukan kaleng kaleng kaya sebelah BACA baru ngehayal dah di kerubutin semut semut. saya dah bertahun tahun pake mBCA buat ini buat itu gk pernah ada masalah. ,nih yg namanya bank digital kayak gini bukan kaleng kaleng kaya sebelah baca ngehayal kerubutin semut semut bertahun pake mbca gk,Negatif (-1),-2.0,Negatif (-1),0.4664,SAMA ✅,
915,24947071,2025-12-16 09:15:16,"KABARBURSA.COM – Aktivitas investor ritel kembali mendominasi pasar saham pada perdagangan Senin, 15 Desember 2025. Melalui broker Stockbit Sekuritas Digital (XL), nilai transaksi ritel tercatat mencapai Rp8,1 triliun di pasar reguler.
Dari total transaksi tersebut, nilai beli ritel mencapai Rp4,2...",kabarbursa com aktivitas investor ritel mendominasi pasar saham perdagangan senin desember broker stockbit sekuritas digital xl nilai transaksi ritel tercatat mencapai rp triliun pasar reguler total transaksi nilai beli ritel mencapai rp,Positif (+1),9.0,Negatif (-1),0.4545,BEDA ⚠️,
916,22518539,2025-10-21 14:26:22,"$CDIA on the way.. GTSI done , next $BBRI $BBCA  🤭",on the way gtsi done next,Negatif (-1),-2.0,Negatif (-1),0.4631,SAMA ✅,
917,27350942,2026-01-27 11:46:17,$BBCA yok bisa yok😌🤭😆😆😆,yok yok,Netral (0),0.0,Negatif (-1),0.4136,BEDA ⚠️,
918,11370318,2023-05-22 19:29:50,Sebenarnya analisa sinus kosinus kami benar2 hanya ingin teman2 engga ambil harga saham di FUCUK $REAL $BBRI $BBCA,analisa sinus kosinus teman engga ambil harga saham fucuk,Negatif (-1),-5.0,Negatif (-1),0.4882,SAMA ✅,
919,32452180,2026-06-05 14:19:29,"@verdinyao bukan tenang mas tapi pasrah, semua yg masuk $BBCA pasti nyari dividen dan capital gain. dan rata rata All In. ini minus teman teman pasti udah 30%-40%. buat pengingat lebih bijak lagi kedepannya dalam memilih pejabat",bukan tenang mas pasrah yg masuk nyari dividen untung capital gain all in minus teman teman pengingat bijak kedepannya memilih pejabat,Positif (+1),1.5,Negatif (-1),0.4399,BEDA ⚠️,
920,29235937,2026-03-04 13:00:23,$BBCA Ayo jatuhkan lebih dalam wahai Bandar Asing,ayo jatuhkan bandar asing,Positif (+1),4.0,Negatif (-1),0.4651,BEDA ⚠️,
921,23270651,2025-11-09 20:49:58,"@IqyanRamadhani wkwkwk biar ada nama gue di pemegang saham,kalo di 750 gk ada segitu gue
kalo 50 gpp deh rela mindahin dri $BBCA ke $CBRE biar serasa punya kapal 1,6 T",wkwkwk biar nama gue pemegang saham kalo gk segitu gue kalo gpp deh rela mindahin dri biar serasa kapal,Positif (+1),4.0,Negatif (-1),0.4685,BEDA ⚠️,
922,32927851,2026-06-19 15:25:33,"Mari kawal Kebangkitan $IHSG 🤣

RT $BBCA $CUAN",mari kawal kebangkitan rt,Positif (+1),7.0,Negatif (-1),0.4594,BEDA ⚠️,
923,17848556,2025-03-12 09:25:51,"@Fredysolana 
bro dpet souvenir $BBCA apaaaaa

ambil di recepsionis bro jng malu2 lah :)",bro dpet souvenir ambil recepsionis bro jng malu,Negatif (-1),-3.0,Negatif (-1),0.4298,SAMA ✅,
924,28480579,2026-02-17 19:59:36,"$INDS

Bayangin aja
Kamu punya mainan/ barang
Awalnya harganya murah
Yang datang ke toko, juga sepi
tiba-tiba aja banyak orang rebutan beli 

Lihat ini ya:
•	Maret 2025 → harga cuma 212, TRANSAKSI BULANAN (ga salah baca) CUMA 200JUTA
•	Des 2025 → harga cuma 226, TRANSAKSI BULANAN (ga salah baca)  GA NYAMPE 1M

Dalam setahun, transaksi jarang banget lewat 1M, 
Tiba tiba, darrr TOKONYA RAME
•	Jan 2026 → naik jadi 745 (naik 229%), Transaksi 155 Milyar
•	Feb 2026 → naik lagi jadi 2.210 🫣 (naik 196%), Transaksi 377Milyar


Artinya apa?

- Banyak banget orang beli, yang jual, ga ada
-Uang yang masuk gede banget (ratusan miliar)
-Volume & frekuensi transaksi naik tajam

Semua orang teriak “aku beli aku beliiii”
Sampe lupa mereka bingung kapan jualnya

Perusahaan juga bingung sahamnya naik
Ga ada aksi korporasi
Ga ada pengembangan perusahaan 

Sampai satu hal mereka menyadari, 
Mereka beli karena euforia
Dan ketika euforia terjadi, mereka sadar siapa yang jual paling cepat dia yang untung

Cuma bisa bilang HATI-HATI

$BUMI $BBCA",bayangin aja mainan barang harganya murah toko sepi aja orang rebutan beli lihat ya maret harga transaksi bulanan tidak salah baca juta des harga transaksi bulanan tidak salah baca tidak nyampe setahun transaksi jarang banget dar tokonya rame jan transaksi milyar feb transaksi milyar banget orang beli jual tidak uang masuk gede banget ratusan miliar volume frekuensi transaksi tajam orang teriak beli beli sampe lupa bingung jualnya perusahaan bingung sahamnya tidak aksi korporasi tidak pengembangan perusahaan menyadari beli euforia euforia sadar jual cepat untung bilang hati hati,Positif (+1),43.5,Negatif (-1),0.4898,BEDA ⚠️,
925,32378083,2026-06-04 10:02:30,$BBCA ayooo turunnn teruss....,ayo turun teruss,Positif (+1),1.0,Negatif (-1),0.433,BEDA ⚠️,
926,22486414,2025-10-21 07:50:57,"$BBCA

Long form Laporan Keuangan BBCA 9M2025 atau 3Q2025 (Full Version)


https://www.idx.co.id/StaticData/NewsAndAnnouncement/ANNOUNCEMENTSTOCK/From_EREP/202510/20251020164143-57513-0/Lapkeu%20BCA%20Sep25.pdf

BBCA Mantap👍",long form laporan keuangan bbca full version bbca mantap,Positif (+1),5.0,Negatif (-1),0.4673,BEDA ⚠️,
927,16759800,2024-12-17 15:26:54,"Perusahaan Asset Management Schroder mempertimbangkan menjual unit bisnisnya di Indonesia, yang dianggap kurang perform sebagai langkah efisiensi. Ada yang kepikiran apakah artinya produk reksa dananya bakal dilikuidasi dan gimana nasib saham yang ada di portonya?

Kalau yang saya tangkap, Schroder ini bukan mau likuidasi produk reksa dana, tapi jual aset perusahaan asset managementnya ke pihak lain. Jadi nantinya produk reksa dana Schroder ini tetap ada, paling ganti nama sesuai siapa yang beli. 

Jadi gak akan ada aksi jual saham karena likuidasi produk reksa dana Schroder ya (harusnya).

Sebenarnya, ini juga kabar mengejutkan karena Schroder salah satu fund manager yang punya dana kelolaan lumayan. Kami mencatat dari 18 produk reksa dana yang ada di website perseroan, total dana kelolaan tembus Rp13 triliun. 

Ngomongin Schroder ini jadi penasaran, apa saja saham yang ada di reksa dana Schroder? untuk itu kami merangkumnya dan ada 19 saham yang termasuk di 10 aset terbesar di masing-masing porto reksa dana saham dan campurannya. https://www.mikirduit.com/bongkar-porto-saham-schroders-indonesia-yang-mau-lepas-unit-asset-managementnya/

$BBRI $BBCA $BMRI",perusahaan asset management schroder mempertimbangkan menjual unit bisnisnya indonesia dianggap kurang perform langkah efisiensi kepikiran produk reksa dananya dilikuidasi gimana nasib saham portonya tangkap schroder bukan likuidasi produk reksa dana jual aset perusahaan asset managementnya produk reksa dana schroder ganti nama sesuai beli tidak aksi jual saham likuidasi produk reksa dana schroder ya kabar mengejutkan schroder salah fund manager dana kelolaan lumayan mencatat produk reksa dana website perseroan total dana kelolaan tembus rp triliun ngomongin schroder penasaran saham reksa dana schroder merangkumnya saham aset terbesar porto reksa dana saham campurannya,Positif (+1),46.0,Negatif (-1),0.5577,BEDA ⚠️,
928,22518516,2025-10-21 14:26:13,"$BBCA
BBCA Uptrend ke 11.000 
Owner buy back Rp 5 Triliyun",bbca owner buy back rp triliyun,Positif (+1),2.0,Negatif (-1),0.4986,BEDA ⚠️,
929,28890056,2026-02-25 17:15:20,"Jakarta, CNBC Indonesia - Indeks Harga Saham Gabungan (IHSG) bangkit pada perdagangan hari ini, Rabu (25/2/2026) setelah terkoreksi dalam pada perdagangan kemarin. IHSG melesat 41,39 poin atau naik 0,50% ke level 8.322,23.
Meski demikian, dinamika pasar hari ini masih cukup volatil dengan indeks se...",jakarta cnbc indonesia indeks harga saham gabungan ihsg bangkit perdagangan rabu terkoreksi perdagangan kemarin ihsg melesat poin level dinamika pasar volatil indeks,Positif (+1),7.0,Negatif (-1),0.4873,BEDA ⚠️,
930,18863947,2025-06-13 11:37:02,"$IHSG $BBRI $BBCA https://youtu.be/_Ko2Qh0PFLI?si=eWoyOFyvbc0rYQAw

siapin cash, pindahin ke oil cakep kali.. medco da jalan dluan..",siapin cash pindahin oil cakep kali medco da jalan dluan,Positif (+1),7.0,Negatif (-1),0.4511,BEDA ⚠️,
931,17939557,2025-03-18 13:00:04,gelap $BBCA$BBRI$BMRI,gelap,Negatif (-1),-4.0,Negatif (-1),0.526,SAMA ✅,
932,11755948,2023-07-14 14:22:19,"Keamanan, kenyamanan dan ketepatan menjadi 3 kunci utama dalam menjawab tantangan pengelolaan sebuah bisnis di era digital seperti sekarang ini 😎

Dan nyatanya, semua akan jadi lebih efisien dan efektif dengan sentuhan teknologi digital, seperti salah satunya sistem yang bisa bantu mengelola penjualan.

$IHSG $IRSX $GOTO $BBCA",keamanan kenyamanan ketepatan kunci utama tantangan pengelolaan bisnis era digital efisien efektif sentuhan teknologi digital salah satunya sistem bantu mengelola penjualan,Positif (+1),14.0,Negatif (-1),0.4605,BEDA ⚠️,
933,8856789,2022-06-13 11:35:39,"$BBRI
Resesi dunia didepan mata
Mamarika memecahkan rekor inflasi...
Perang Rusia belum usai...

no fear no pom pom

$IHSG
$BBCA
$GOTO",resesi dunia didepan mata mamarika memecahkan rekor inflasi perang rusia belum no fear no pom pom,Negatif (-1),-9.0,Negatif (-1),0.5033,SAMA ✅,
934,6953183,2021-08-14 17:40:35,"JAKARTA, Perkembangan teknologi membuat masyarakat kian mudah menggunakan layanan perbankan.Salah satunya dengan menarik tunai uang di ATM tanpa menggunakan kartu debit.PT Bank Central Asia (BCA) merupakan salah satu bank yang menyediakan layanan tarik tunai ATM tanpa kartu debit. Dengan demikian, b...",jakarta perkembangan teknologi masyarakat kian mudah layanan perbankan salah satunya menarik tunai uang atm tanpa kartu debit pt bank central asia bca salah bank menyediakan layanan tarik tunai atm tanpa kartu debit,Positif (+1),18.0,Negatif (-1),0.4692,BEDA ⚠️,
935,15914950,2024-09-30 12:11:00,"$NISP 8M24 laba bersih 3,581M. +29.9% yoy.

Apa itu $BBCA ? 🏃🏃🏃🏃",laba bersih yoy,Positif (+1),4.0,Negatif (-1),0.4642,BEDA ⚠️,
936,32438798,2026-06-05 10:47:14,$BBCA $BMRI ayok siapa yang brani pake konsep beli mercy harga becak? hahahaha teori memang mudah tp praktek susah hahaha apalagi kondisi sprti ini haha,ayok brani pake konsep beli mercy harga becak hahahaha teori mudah untung praktek susah hahaha kondisi sprti haha,Positif (+1),2.0,Negatif (-1),0.443,BEDA ⚠️,
937,22437833,2025-10-20 09:36:31,"$BBCA kembali kesemula

$BBRI $BBNI",kesemula,Netral (0),0.0,Negatif (-1),0.4781,BEDA ⚠️,
938,22823938,2025-10-29 09:13:02,"$REAL gassss meluncurrr keatasss 

tag $BBCA $CDIA",gas turun keatas tag,Negatif (-1),-0.5,Negatif (-1),0.4719,SAMA ✅,
939,21596803,2025-10-01 11:09:07,"$BBCA 
9500 : avg down!!
9000 : pingin CL, tapi tahan dulu pasti bentar lagi naik
8500 : avg down!!
8000 : pingin CL, tapi tahan dulu pasti bentar lagi naik
7500 : nangis di pojokan 🥲🥲",avg down pingin rugi tahan bentar avg down pingin rugi tahan bentar nangis pojokan,Negatif (-1),-13.0,Negatif (-1),0.4169,SAMA ✅,
940,20445879,2025-08-28 09:23:47,"@Rudiheriyant 

Maaf Bro.

Danantara banyak yang di dalamnya pendidikan gelar S2, S3 artinya tingkat pendidikan mereka sudah sangat sangat tinggi.

Apa mungkin mereka nantinya juga akan tersandung (dugaan) korupsi?

Karena kalau secara pendidikan semakin tinggi, tingkat moralnya pasti lebih bagus.

Saya yakin mereka yang S2, S3 lebih jujur jujur dalam bekerja.

@hencehencehence

Benar, kupon bunga obligasi Patriot 2%.
Ini menandakan yang mau beli obligasi Patriot benar benar patriot bangsa.

Setahu saya seperti tabungan tahapan Bca bunganya 0.01%, belum dipotong pajak 20%.

Masih cuan khan $BBCA jika membeli obligasi Patriot.

Danantara juga cuan, dia belikan FR saja bunga 6%-8.75%.",maaf bro danantara dalamnya pendidikan gelar tingkat pendidikan tersandung dugaan korupsi pendidikan tingkat moralnya bagus jujur jujur kupon bunga obligasi patriot menandakan beli obligasi patriot patriot bangsa setahu tabungan tahapan bca bunganya belum dipotong pajak untung khan membeli obligasi patriot danantara untung belikan fr bunga,Positif (+1),39.0,Negatif (-1),0.516,BEDA ⚠️,
941,33097534,2026-06-25 13:46:16,"Ngapain tanam padi kalau tanam sawit sekali tanam bisa panen terus sampai 25 tahun, sama-sama butuh pupuk tanpa perlu repot menggarap tiap 4 bulan sekali!

Sama halnya investasi saham, gak semua orang butuh SL & CL karena semuanya punya pertimbangan masing-masing.

Contohnya $BBCA banyak yang sangkut di 10.500 keatas tapi mereka santai aja pelan-pelan average down, dan jika kemarin beli lagi di 4000 awal kemungkinan average mereka sudah turun ke 7000-8000 dari yang awalnya 10.000an. Ini juga berlaku untuk big bank dan saham konglo lainnya kok

Seperti $BREN khusus untuk mereka yang Floating Lost di 10.000 jika mereka average down di 2200-3000 kemarin 1:2 aja average mereka jadi 5000-6000 besar!

$TPIA juga sama kok, beli lagi di 1500 biar yang Floating lost nya 7000 keatas kemungkinan average mereka bisa di 2700-4000

Intinya gak semua butuh CL ataupun SL karena masih ada opsi Average Down (AD) dan semua opsi ini tergantung kebutuhan masing-masing. Dari contoh diatas jika mereka sudah average down harga rata-rata mereka ada di kisaran 500-1500 diatas harga running sekarang kok

Semoga bermanfaat 😸😸😸",ngapain tanam padi tanam sawit tanam panen butuh pupuk tanpa repot menggarap halnya investasi saham tidak orang butuh sl rugi pertimbangan contohnya sangkut keatas santai aja pelan pelan average down kemarin beli average turun an berlaku big bank saham konglo khusus floating lost average down kemarin aja average beli biar floating lost nya keatas average intinya tidak butuh rugi sl opsi average down ad opsi tergantung kebutuhan contoh diatas average down harga kisaran diatas harga running semoga bermanfaat,Positif (+1),12.0,Negatif (-1),0.5033,BEDA ⚠️,
942,30774406,2026-04-23 15:15:35,"“Saham ini diam… tapi bukan berarti sepi.”

Harga sekarang berada di bawah tren linier—
kondisi yang sering jadi area akumulasi diam-diam.

Situasi seperti ini pernah terjadi sebelumnya…
dan biasanya bukan retail yang beli.

Pertanyaannya:
kamu mau ikut saat masih sepi, atau nunggu saat sudah ramai?
$BBCA $BMRI $BBRI",saham diam bukan sepi harga tren linier kondisi area akumulasi diam diam situasi bukan retail beli pertanyaannya sepi nunggu ramai,Positif (+1),3.0,Negatif (-1),0.4338,BEDA ⚠️,
943,22000861,2025-10-10 07:45:18,"Harga saham bank-bank besar bangkit pada perdagangan Kamis (9/10) usai pernyataan Menteri Keuangan Purbaya Yudhi Sadewa yang meminta Bursa Efek Indonesia menindak aksi ""goreng-menggoreng"" saham. Meski demikian, investor asing tercatat melakukan aksi jual besar-besaran di saham PT Bank Central Asia T...",harga saham bank bank bangkit perdagangan kamis pernyataan menteri keuangan purbaya yudhi sadewa bursa efek indonesia menindak aksi goreng menggoreng saham investor asing tercatat aksi jual besaran saham pt bank central asia,Positif (+1),11.0,Negatif (-1),0.5183,BEDA ⚠️,
944,31880673,2026-05-20 04:42:06,"$IHSG $BBCA $BMRI semua saham

Selamat pagi semua,",saham selamat pagi,Positif (+1),6.0,Negatif (-1),0.4872,BEDA ⚠️,
945,28572868,2026-02-19 11:28:55,$BBCA aya naon atuuhhh 😑,aya naon atuuh,Positif (+1),1.0,Negatif (-1),0.3864,BEDA ⚠️,
946,27669246,2026-01-30 14:11:37,"otw 1200 ya sayang hari ini $RMKO

$BBCA
$PTRO",otw ya sayang,Positif (+1),7.0,Negatif (-1),0.4717,BEDA ⚠️,
947,29788521,2026-03-27 15:12:50,"$BBCA yg merah pekat,, angkat tangan",yg turun pekat angkat tangan,Positif (+1),1.0,Negatif (-1),0.4038,BEDA ⚠️,
948,27767376,2026-02-02 11:56:56,DI SAAT ISU JGN BELI SAHAM DI BIGBANK TP TERNYATA SEMUA ANJLOK BBCA LAH YANG CUAN NAIK... GASSS TRUS... $BBCA,isu jgn beli saham bigbank untung turun bbca untung gas trus,Positif (+1),8.5,Negatif (-1),0.4768,BEDA ⚠️,
949,32441473,2026-06-05 11:11:33,"Persiapkan dirimu nak, saatnya kamu lihat sejarah perlawanan anak bangsa melawan aseng 

$TPIA $BRPT $BBCA",persiapkan dirimu nak lihat sejarah perlawanan anak bangsa melawan aseng,Netral (0),0.0,Negatif (-1),0.463,BEDA ⚠️,
950,29684044,2026-03-17 15:48:32,@pokecanon gak beli $BBCA katanya ada yg bilang bakal ke 10rb?😅,tidak beli yg bilang rb,Negatif (-1),-2.0,Negatif (-1),0.4089,SAMA ✅,
951,17414377,2025-02-07 09:41:43,$BBCA gas 10k🤑,gas untung,Positif (+1),6.5,Negatif (-1),0.5095,BEDA ⚠️,
952,33864034,2026-07-17 14:06:16,"Return portofolio saya
$BBCA $BMRI $SMSM",return portofolio,Positif (+1),2.0,Negatif (-1),0.4665,BEDA ⚠️,
953,32897472,2026-06-18 22:42:00,"@fauzieseftia selama rupiah mengalami pelemahan
Bank Indonesia (moneter) sudah menaikkan suku bunga sebanyak 1%
Rupiah memanh sempat menguat, namun tidak lama melemah lagi
Lalu, BI menaikkan lagi, sempat menguat  akhirnya melemah ke 18 ribu

BI (moneter) sudah berusaha demikian, tapi rupiah masih bertahan di pelemahan 17.600-17.800

Ini udah jelas tanda di mana masalah pelemahan rupiah ini besar terjadi pada Fiskal (pemerintah) yang rusak
Pemerintah sampai saat ini belum melakukan strategi jitu dalam penguatan rupiah
Belum memperbaiki fiskal yang rusak

Semoga bisa dipahami dengan baik ya hehe😉

rt $MSIN $BBCA $DSSA",rupiah mengalami pelemahan bank indonesia moneter menaikkan suku bunga rupiah memanh menguat tidak melemah bi menaikkan menguat melemah ribu bi moneter berusaha rupiah bertahan pelemahan tanda pelemahan rupiah fiskal pemerintah rusak pemerintah belum strategi jitu penguatan rupiah belum memperbaiki fiskal rusak semoga dipahami ya hehe rt,Positif (+1),21.0,Negatif (-1),0.4811,BEDA ⚠️,
954,30994076,2026-04-28 21:11:10,"@CEPPY76 $BBCA punya aset ratusan T dan tiap orang bisa lihat di laporan keungan jumlahnya ada berapa dengan jelas, kenapa BBCA ngga tutup laporan saja, karena saya yakin ngga ada orang Indonesia yg punya aset sebanyak BCA 😂",aset ratusan orang lihat laporan keungan bbca ngga tutup laporan ngga orang indonesia yg aset bca,Negatif (-1),-3.0,Negatif (-1),0.4323,SAMA ✅,
955,16551266,2024-12-02 19:33:24,"Mulai masuk selot dulu di $BBCA .. turun lagi cocol lagi 

All hail the king 👑",masuk selot turun cocol all hail the king,Negatif (-1),-1.5,Negatif (-1),0.4012,SAMA ✅,
956,17268496,2025-01-24 16:14:56,"$BBCA sabar 🤣🙏 

kita lagi ada di era, ""pink is the new black""",sabar era pink is the new black,Positif (+1),5.0,Negatif (-1),0.4444,BEDA ⚠️,
957,6641608,2021-07-01 11:25:26,"Jakarta, CNBC Indonesia - Indeks Harga Saham Gabungan (IHSG) dibuka dengan apresiasi 0,26% ke level 6.001,12. Selang 5 menit IHSG terpantau lanjut menghijau 0,44% ke level 6.009,22 pada perdagangan awal bulan Juli Kamis (1/7/21) di tengah finalisasi PPKM Mikro Darurat oleh Presiden Joko Widodo. Ni...",jakarta cnbc indonesia indeks harga saham gabungan ihsg dibuka apresiasi level selang menit ihsg terpantau menghijau level perdagangan juli kamis finalisasi ppkm mikro darurat presiden joko widodo ni,Positif (+1),1.0,Negatif (-1),0.4827,BEDA ⚠️,
958,31399021,2026-05-07 15:16:41,$BBCA teknikal rebound atau rebound beneran🤣🤣🤔,teknikal untung untung beneran,Positif (+1),11.0,Negatif (-1),0.4108,BEDA ⚠️,
959,30838850,2026-04-24 13:09:25,$BBCA pelan pelan king awokawok,pelan pelan king awokawok,Netral (0),0.0,Negatif (-1),0.4717,BEDA ⚠️,
960,18974603,2025-06-23 09:01:52,"🔔 Teng teng teng.. 23 Juni 2025
$IHSG $BBCA $BBRI @BMRI @BBNI 

Akan... 
1. Naik 
2. turun 
3. Sideways 
???",teng teng teng juni turun tahan,Negatif (-1),-2.0,Negatif (-1),0.4921,SAMA ✅,
961,32653842,2026-06-11 09:12:38,$BBCA kan menolak merah🤣🤣,menolak turun,Negatif (-1),-7.0,Negatif (-1),0.4108,SAMA ✅,
962,8187664,2022-03-12 15:58:15,"MNC Daily Scope Wave11 Maret 2022IHSG kembali ditutup menguat 0,9% ke level 6,924 pada perdagangan kemarin (10/3), pergerakan IHSG pun menguji resistance di 6,930. Kami perkirakan, apabila IHSG mampu menembus level resistance tersebut, maka saat ini posisi IHSG sedang berada di awal wave iii dari wa...",mnc daily scope wave maret ihsg ditutup menguat level perdagangan kemarin pergerakan ihsg menguji resistance perkirakan ihsg menembus level resistance posisi ihsg wave wa,Negatif (-1),-5.0,Negatif (-1),0.482,SAMA ✅,
963,10743522,2023-02-10 11:34:56,"jelek, dibanding $BBCA",jelek dibanding,Negatif (-1),-3.0,Negatif (-1),0.4986,SAMA ✅,
964,31870276,2026-05-19 16:15:19,"Transaksi IHSG Hari Ini Tembus 25 Triliun

22 Triliun di reguler dan 3 Triliun di nego 19 Mei 2026 
Sangat ramai IHSG hari ini.

Apakah ini indikasi banyak investor serok bawah karena IHSG udah diskon berat banget? 🤔

Segala isu datang bertubi-tubi
Antek aseng
Dollar meroket
Ekspor satu pintu
Dll
Tapi pada akhirnya kita investor ritel akan tetap strong.

Keep selot selot, jangan takut sama antek aseng dan berbagai isu negatif. Karena kenapa? Karena orang desa tidak punya dollar dan tidak punya saham. 🗿
Ganyang antek aseng 🗿🗿🗿

It's not your financial advisor. Ini bukan rekomendasi penasihat investasi untuk jual dan beli saham. Keputusan ada di tangan masing-masing investor. 

Untuk diskusi lebih lanjut bisa lewat External Community Pintar Nyangkut di Telegram dengan mendaftarkan diri ke External Community menggunakan kode: A38138
Link Panduan https://stockbit.com/post/13223345

Kunjungi Insight Pintar Nyangkut di sini https://cutt.ly/ne0pqmLm

Disclaimer: http://bit.ly/3RznNpU
$BBRI $BBCA $GOTO",transaksi ihsg tembus triliun triliun reguler triliun nego mei ramai ihsg indikasi investor beli ihsg diskon berat banget isu bertubi tubi antek aseng dollar meroket ekspor pintu dll investor ritel strong keep selot selot jangan takut antek aseng isu negatif orang desa tidak dollar tidak saham ganyang antek aseng it not your financial advisor bukan rekomendasi penasihat investasi jual beli saham keputusan tangan investor diskusi external community pintar rugi telegram mendaftarkan external community kode link panduan kunjungi insight pintar rugi disclaimer,Positif (+1),6.0,Negatif (-1),0.4669,BEDA ⚠️,
965,6465458,2021-06-07 07:55:30,"JAKARTA, Perusahaan e-commerce Indonesia, Bukalapak makin mantap untuk mencatatkan sahamnya di Bursa Efek Indonesia (BEI). Bukalapak dikabarkan menargetkan perolehan dana sebesar US$ 300 juta atau sekitar Rp 4,2 triliun dari penawaran umum perdana (initial public offering/IPO) saham.Seperti dilapork...",jakarta perusahaan commerce indonesia bukalapak mantap mencatatkan sahamnya bursa efek indonesia bei bukalapak dikabarkan menargetkan perolehan dana us juta rp triliun penawaran perdana initial public offering ipo saham dilapork,Positif (+1),17.0,Negatif (-1),0.4938,BEDA ⚠️,
966,17313140,2025-01-31 14:17:38,"$BBCA ngelihat ARA nya manteb bet, semoga bisa jemput wkwkwk",ngelihat nya manteb bet semoga jemput wkwkwk,Positif (+1),3.0,Negatif (-1),0.4079,BEDA ⚠️,
967,27798680,2026-02-02 18:17:46,"keluar lah bang, mata kalian udah rusak butuh asupan yang ijo²🙏 $BBRI $BBCA $GOTO",bang mata rusak butuh asupan,Negatif (-1),-4.0,Negatif (-1),0.4636,SAMA ✅,
968,17929734,2025-03-18 10:05:32,Bang udah bang $BBCA,bang bang,Netral (0),0.0,Negatif (-1),0.4285,BEDA ⚠️,
969,18081354,2025-03-29 22:56:39,"Gagal ngebul.

 $HMSP $BBRI $BBCA",jelek rugi ngebul,Negatif (-1),-7.0,Negatif (-1),0.4907,SAMA ✅,
970,18207226,2025-04-16 08:00:35,"Bagi yg sudah TP saham2 nya, dan bukan SS aja, mulai hari ini sudah bisa mulai shopping santai lagi ya, bertahap sampai tanggal 28 april, 
silahkan dipilih2 saham nya 😉
$BBRI $BBCA $BMRI
sukses slalu 😇",yg untung saham nya bukan ss aja shopping santai ya bertahap tanggal april silahkan dipilih saham nya sukses slalu,Positif (+1),11.0,Negatif (-1),0.4175,BEDA ⚠️,
971,27446651,2026-01-28 11:21:43,"$ELIT $BUMI $BBCA kalau yang begini bursa efek indonesia gak suspend, giliran emiten naik malah di kasih UMA, kocak, memang dah sifat iri gak mau lihat orang senang",bursa efek indonesia tidak suspend giliran emiten kasih uma kocak sifat iri tidak lihat orang senang,Positif (+1),1.0,Negatif (-1),0.4657,BEDA ⚠️,
972,12342226,2023-09-19 11:29:36,kangen $BBCA 7000 an,kangen an,Positif (+1),3.0,Negatif (-1),0.4553,BEDA ⚠️,
973,10961202,2023-03-17 08:28:51,"@goldenfleece harga segitu kalo ada market crash gasi? bukan the so called cyle

semua emiten gede juga bisa turun segitu kalo market crash.

saya dah lihat timelinenya.

$BYAN $ITMG $BMRI $BBCA",harga segitu kalo market crash gasi bukan the so called cyle emiten gede turun segitu kalo market crash lihat timelinenya,Negatif (-1),-12.0,Negatif (-1),0.4888,SAMA ✅,
974,11256435,2023-05-08 13:50:32,"mungkin agak telat (?) hehehe menurut aku, BBCA sudah buat base supportnya, kalau enggak falsebreak dan baik baik saja mungkin bisa ke 9300. Buy or Nay?

 $IHSG  $BBCA $BBRI $BBNI",telat hehehe bbca base supportnya falsebreak buy or nay,Negatif (-1),-3.0,Negatif (-1),0.4716,SAMA ✅,
975,10986500,2023-03-22 09:13:35,"$BMRI $BBCA $BBRI$BBNI market ternyata libur anjirr, nungguin dari tadi lohh😅🤣🤣",market libur anjirr nungguin lohh,Positif (+1),4.0,Negatif (-1),0.389,BEDA ⚠️,
976,6341915,2021-05-11 15:34:11,"Ciyeee closing ditarik $IHSG tau sendiri kan minggu depan gimana:rofl:
$BBCA",ciye closing ditarik tau minggu gimana rofl,Negatif (-1),-4.0,Negatif (-1),0.4371,SAMA ✅,
977,17256442,2025-01-24 09:49:29,$BBRI $BBCA tiap jumat knp sll merah yah,jumat knp sll turun yah,Negatif (-1),-1.0,Negatif (-1),0.4125,SAMA ✅,
978,32656941,2026-06-11 09:33:35,$BBCA we are so bakkkkk,we are so bak,Netral (0),0.0,Negatif (-1),0.4727,BEDA ⚠️,
979,32539555,2026-06-08 20:57:27,"Besok: Hari yang Sangat Mendebarkan bagi Ekonomi Dunia, Akankah Market Mengalami Goncangan Besar?

Besok berpotensi menjadi salah satu hari yang cukup menarik bagi pelaku pasar global. Berdasarkan kalender ekonomi yang akan dirilis, perhatian investor akan tertuju pada sejumlah data penting dari dua kekuatan ekonomi terbesar dunia, yaitu Amerika Serikat dan China. Data perdagangan China, data ekspor-impor Amerika Serikat, indikator sektor perumahan AS, hingga proyeksi pertumbuhan ekonomi Atlanta Fed GDPNow akan menjadi bahan bakar utama pergerakan pasar. Dalam kondisi global yang masih dibayangi ketidakpastian pertumbuhan ekonomi, perang dagang, serta kebijakan suku bunga bank sentral, setiap angka yang keluar di luar ekspektasi berpotensi memicu volatilitas yang cukup besar pada saham, komoditas, maupun mata uang.

Fokus pertama akan tertuju pada China yang akan merilis data Trade Balance, Export, dan Import bulan Mei. Data ini sangat penting karena China merupakan mesin manufaktur dunia sekaligus konsumen utama berbagai komoditas seperti batu bara, nikel, tembaga, minyak, hingga CPO. Jika angka ekspor China kembali menunjukkan pertumbuhan kuat di atas ekspektasi, pasar dapat menafsirkan bahwa permintaan global masih cukup sehat sehingga berpotensi menjadi sentimen positif bagi harga komoditas dan saham-saham berbasis sumber daya alam. Sebaliknya, apabila ekspor maupun impor China melemah tajam, kekhawatiran perlambatan ekonomi global bisa kembali meningkat. Kondisi tersebut dapat menekan harga komoditas dan mendorong investor mencari aset yang dianggap lebih aman seperti dolar AS dan obligasi pemerintah Amerika.

Di sisi lain, Amerika Serikat juga akan menjadi pusat perhatian melalui rilis data Trade Balance, Existing Home Sales, serta proyeksi Atlanta Fed GDPNow yang sering dijadikan petunjuk mengenai kekuatan ekonomi AS pada kuartal berjalan. Jika data-data tersebut menunjukkan ekonomi AS masih sangat kuat, pasar dapat mulai berspekulasi bahwa Federal Reserve tidak memiliki alasan untuk terburu-buru menurunkan suku bunga. Dampaknya, dolar AS berpotensi menguat, sementara aset berisiko seperti saham negara berkembang dapat menghadapi tekanan. Namun jika data ekonomi mulai menunjukkan pelemahan, pasar bisa kembali berharap pada pemangkasan suku bunga yang lebih cepat sehingga memberikan dorongan bagi pasar saham global.

Untuk pasar saham, reaksi terbesar kemungkinan akan terjadi pada indeks-indeks utama seperti S&P 500, Nasdaq, Hang Seng, Shanghai Composite, hingga berbagai bursa negara berkembang termasuk IHSG. Investor saat ini berada dalam kondisi yang sangat sensitif terhadap data ekonomi karena valuasi pasar saham di banyak negara sudah berada pada level yang relatif tinggi. Sedikit saja kejutan negatif dapat memicu aksi ambil untung yang agresif. Sebaliknya, kombinasi data China yang kuat dan data AS yang mulai melambat secara moderat bisa menjadi skenario ideal yang mendorong reli pasar saham lebih lanjut.

Pasar mata uang juga berpotensi mengalami pergerakan tajam. Dolar AS kemungkinan menjadi mata uang yang paling diperhatikan. Data ekonomi AS yang lebih kuat dari perkiraan berpotensi memperkuat dolar terhadap berbagai mata uang dunia termasuk rupiah. Sebaliknya, data yang lebih lemah dapat memicu pelemahan dolar dan memberikan ruang bagi mata uang negara berkembang untuk menguat. Pergerakan ini sangat penting karena nilai tukar mata uang sering kali menjadi indikator awal perubahan arus modal global.

Di pasar komoditas, dampaknya bisa terasa pada harga minyak, emas, batu bara, tembaga, dan nikel. Data perdagangan China yang kuat biasanya dianggap sebagai sinyal positif bagi permintaan bahan baku industri sehingga mendukung kenaikan harga logam dan energi. Namun jika data menunjukkan perlambatan aktivitas ekonomi, harga komoditas berpotensi terkoreksi. Emas sendiri dapat bergerak dua arah: naik jika pasar takut terhadap perlambatan ekonomi, atau turun jika data AS sangat kuat dan mendorong penguatan dolar.

Pada akhirnya, apakah besok akan menjadi hari goncangan besar atau hanya volatilitas sesaat akan sangat bergantung pada seberapa jauh hasil aktual menyimpang dari ekspektasi pasar. Yang perlu diingat, pasar keuangan sering kali tidak bereaksi terhadap angka yang baik atau buruk semata, melainkan terhadap perbedaan antara hasil aktual dan prediksi sebelumnya. Oleh karena itu, para trader dan investor di seluruh dunia akan menunggu dengan penuh ketegangan. Besok bukan sekadar hari rilis data ekonomi biasa, melainkan hari ketika pasar akan mencoba menjawab satu pertanyaan besar: apakah ekonomi global masih cukup kuat untuk mempertahankan optimisme, atau justru mulai menunjukkan tanda-tanda retakan yang lebih dalam?

$IHSG $BBCA $BBRI",besok mendebarkan ekonomi dunia market mengalami goncangan besok berpotensi salah menarik pelaku pasar global berdasarkan kalender ekonomi dirilis perhatian investor data kekuatan ekonomi terbesar dunia amerika serikat china data perdagangan china data ekspor impor amerika serikat indikator sektor perumahan as proyeksi pertumbuhan ekonomi atlanta fed gdpnow bahan bakar utama pergerakan pasar kondisi global dibayangi ketidakpastian pertumbuhan ekonomi perang dagang kebijakan suku bunga bank sentral angka ekspektasi berpotensi memicu volatilitas saham komoditas mata uang fokus china merilis data trade balance export import mei data china mesin manufaktur dunia konsumen utama komoditas batu bara nikel tembaga minyak cpo angka ekspor china pertumbuhan kuat ekspektasi pasar menafsirkan permintaan global sehat berpotensi sentimen positif harga komoditas saham saham berbasis sumber daya alam ekspor impor china melemah tajam kekhawatiran perlambatan ekonomi global meningkat kondisi menekan harga komoditas mendorong investor mencari aset dianggap aman dolar as obligasi pemerintah amerika sisi amerika serikat pusat perhatian rilis data trade balance existing home sales proyeksi atlanta fed gdpnow dijadikan petunjuk kekuatan ekonomi as kuartal berjalan data data ekonomi as kuat pasar berspekulasi federal reserve tidak memiliki alasan terburu buru menurunkan suku bunga dampaknya dolar as berpotensi menguat aset berisiko saham negara berkembang menghadapi tekanan data ekonomi pelemahan pasar berharap pemangkasan suku bunga cepat dorongan pasar saham global pasar saham reaksi terbesar indeks indeks utama nasdaq hang seng shanghai composite bursa negara berkembang ihsg investor kondisi sensitif data ekonomi valuasi pasar saham negara level relatif kejutan negatif memicu aksi ambil untung agresif kombinasi data china kuat data as melambat moderat skenario ideal mendorong reli pasar saham pasar mata uang berpotensi mengalami pergerakan tajam dolar as mata uang diperhatikan data ekonomi as kuat perkiraan berpotensi memperkuat dolar mata uang dunia rupiah data lemah memicu pelemahan dolar ruang mata uang negara berkembang menguat pergerakan nilai tukar mata uang kali indikator perubahan arus modal global pasar komoditas dampaknya harga minyak emas batu bara tembaga nikel data perdagangan china kuat dianggap sinyal positif permintaan bahan baku industri mendukung kenaikan harga logam energi data perlambatan aktivitas ekonomi harga komoditas berpotensi terkoreksi emas bergerak pasar takut perlambatan ekonomi turun data as kuat mendorong penguatan dolar besok goncangan volatilitas bergantung hasil aktual menyimpang ekspektasi pasar pasar keuangan kali tidak bereaksi angka buruk perbedaan hasil aktual prediksi trader investor dunia menunggu penuh ketegangan besok bukan rilis data ekonomi pasar mencoba ekonomi global kuat mempertahankan optimisme tanda tanda retakan,Positif (+1),25.0,Negatif (-1),0.4764,BEDA ⚠️,
980,30822334,2026-04-24 10:26:31,$BBCA ga abis pikir bisa ampek harga segini bjirrr,tidak abis pikir ampek harga segini bjir,Negatif (-1),-2.0,Negatif (-1),0.4379,SAMA ✅,
981,18992284,2025-06-24 08:48:46,"$BBRI $ASII $BBCA

Hati hati guys si trump itu nampaknya seorang trader , situasi belum kondusif , dia blg mau gencatan senjata antara iran dan israel ,, logika aja habis serang iran lalu ajak gencatan senjata ,, tapi yaa mudah”an sii damai aja ,, kita semua pasti gk ada yg mau terjadi perang karna kita juga sbenarnya terdampak secara gk langsung 

Salam Damai 🙏🙏🙏",hati hati guys si trump nampaknya trader situasi belum kondusif blg gencatan senjata iran israel logika aja habis serang iran ajak gencatan senjata yaa mudah an sii damai aja gk yg perang karna sbenarnya terdampak gk langsung salam damai,Positif (+1),11.0,Negatif (-1),0.4381,BEDA ⚠️,
982,33797199,2026-07-16 09:35:54,$BBCA kalah sama $BMRI,kalah,Negatif (-1),-4.0,Negatif (-1),0.464,SAMA ✅,
983,34101448,2026-07-23 14:09:36,@JustinSuryaWijaya sehat sehat holder $BBCA😂,sehat sehat holder,Positif (+1),8.0,Negatif (-1),0.4595,BEDA ⚠️,
984,31646728,2026-05-12 15:46:34,"$BBCA
serius ini pembukan sm penutupan gk ada perubahan? 
wkwkw",serius pembukan sm penutupan gk perubahan wkwkw,Negatif (-1),-1.0,Negatif (-1),0.4201,SAMA ✅,
985,25136343,2025-12-18 14:31:28,"$FPNI porto turun semua kecuali $BBCA wkwkw

$INET",porto turun kecuali wkwkw,Negatif (-1),-3.0,Negatif (-1),0.463,SAMA ✅,
986,31719756,2026-05-13 16:13:06,"$BBRI $BBCA emang kejam kak, kukira paling bawah neraka lantai 7 ternyata ada neraka lantai 11",emang kejam kak kukira neraka lantai neraka lantai,Negatif (-1),-14.0,Negatif (-1),0.4578,SAMA ✅,
987,30839904,2026-04-24 13:33:04,"$IHSG $BBCA $BBRI yahahaha pada merah, lagian pada pede banget ihsg udh rebound. ihsg bakal begini gini terus bahkan ke 6500an sampe agustus. trader scalping, kapan kayanya merasa jago kalo lg bullish lgsg koar koar bilang tuhkan bener tapi kalo lg crash ngilang nangis dipojokan",yahahaha turun pede banget ihsg untung ihsg gini an sampe agustus trader scalping jago kalo lg lgsg koar koar bilang tuhkan bener kalo lg crash ngilang nangis dipojokan,Negatif (-1),-8.0,Negatif (-1),0.464,SAMA ✅,
988,7675327,2021-12-11 03:27:02,"Baru daftar masih bingung
$BBCA",daftar bingung,Positif (+1),1.0,Negatif (-1),0.4287,BEDA ⚠️,
989,32634315,2026-06-10 14:59:38,$BBCA jemputt uyyy,jemputt uy,Netral (0),0.0,Negatif (-1),0.4706,BEDA ⚠️,
990,17986030,2025-03-21 09:53:36,"Kenapa Indonesia ku 🫣😭
$IHSG $BBCA $BMRI",indonesia ku rugi turun,Negatif (-1),-7.0,Negatif (-1),0.5028,SAMA ✅,
991,20538751,2025-09-01 11:14:37,"$BBCA ga peduli, selama bumi masih utuh tetap hold dan serok 😁",tidak peduli bumi utuh tahan beli,Negatif (-1),-1.0,Negatif (-1),0.4185,SAMA ✅,
992,32052751,2026-05-22 13:01:58,"Indeks Harga Saham Gabungan atau IHSG berbalik arah (rebound) dengan kenaikan 0,30% atau 18,50 poin ke 6.113 pada perdagangan sesi pertama, Jumat (22/5). Secara intraday, indeks sempat tenggelam ke level 5.976 pada pembukaan perdagangan pagi ini.
Merujuk data perdagangan Bursa Efek Indonesia (BEI),...",indeks harga saham gabungan ihsg berbalik untung kenaikan poin perdagangan sesi jumat intraday indeks turun level pembukaan perdagangan pagi merujuk data perdagangan bursa efek indonesia bei,Positif (+1),1.0,Negatif (-1),0.5038,BEDA ⚠️,
993,33654201,2026-07-13 11:13:59,"indonesia sedang mengambil alih kembali jalan yg sudah lama di dimanfaatkan singapore 😂


$IHSG $BBCA $BBRI",indonesia mengambil alih jalan yg dimanfaatkan singapore,Netral (0),0.0,Negatif (-1),0.4819,BEDA ⚠️,
994,22545948,2025-10-22 09:07:51,$BBCA semenjak ada berita berita kek buyback akuisisi kok saham saham ada yang naik ada yg turun yak 🗿 apakah big player keluar good news time to sell gitu kah,semenjak berita berita kek beli akuisisi saham saham yg turun yak big player good news time to sell gitu kah,Negatif (-1),-6.0,Negatif (-1),0.443,SAMA ✅,
995,8510620,2022-04-25 10:12:03,$BBCA perlu ditiup dulu ya biar terbang ,ditiup ya biar,Positif (+1),5.0,Negatif (-1),0.4342,BEDA ⚠️,
996,6125632,2021-04-05 11:54:49,"Reporter: Herlina KD | Editor: Herlina Kartika DewiKONTAN.CO.ID - JAKARTA. Indeks Harga Saham Gabungan (IHSG) ditutup melemah 27,69 poin atau 0,49% ke 5.983,76 pada akhir perdagangan sesi I hari ini, Senin (5/4).  Sebanyak 187 saham naik, 275 saham turun dan 159 saham stagnan. Hanya satu sektor sa...",reporter herlina kd editor herlina kartika dewikontan co id jakarta indeks harga saham gabungan ihsg ditutup melemah poin perdagangan sesi senin saham saham turun saham stagnan sektor sa,Negatif (-1),-3.0,Negatif (-1),0.4739,SAMA ✅,
997,17983722,2025-03-21 08:58:35,@VirtoHardiman mendadak investor $BBCA $BBRI,mendadak investor,Netral (0),0.0,Negatif (-1),0.4675,BEDA ⚠️,
998,21968588,2025-10-09 13:43:00,"$BBCA $BMRI $BBRI
klo naik harga tinggi cepet kena suspend 
giliran bluechip tiap hari turun ga kena suspend kah ??",harga cepet kena suspend giliran bluechip turun tidak kena suspend kah,Positif (+1),2.0,Negatif (-1),0.4652,BEDA ⚠️,
999,17827878,2025-03-11 08:55:30,"70.000xRp5M = 350T
Dari mana duitnya? Tenang, ada bank Himbara, hahaha. 

Dulu bank jadi satu2nya sektor bumn yang bisa di banggakan, sekarang mulai dah ini tangan2 birokrasi mengobok2 proses bisnisnya.
Luar biasa, saya kasih selamat kepada investor $BBCA , wkwkwk.
 $BBRI $BMRI",xrp duitnya tenang bank himbara hahaha bank nya sektor bumn banggakan tangan birokrasi mengobok proses bisnisnya kasih selamat investor wkwkwk,Positif (+1),17.0,Negatif (-1),0.4949,BEDA ⚠️,
1000,32017334,2026-05-21 19:03:43,"$BBCA
ini udah diskon banget asyu secara pbv dan PE cepatlah loncat be be ce a",diskon banget asyu pbv pe cepatlah loncat be be ce,Positif (+1),3.0,Negatif (-1),0.4252,BEDA ⚠️,
