Date,Close,High,Low,Open,Volume
2016-01-04,2089.024658203125,2120.6167135256674,2077.1776374571714,2081.1266443724894,77479500
2016-01-05,2112.71875,2140.3617990654207,2085.0757009345793,2085.0757009345793,96609000
2016-01-06,2085.0751953125,2132.463267933239,2085.0751953125,2104.8202255711412,105370000
2016-01-07,2053.483642578125,2077.177684607873,2053.483642578125,2069.2796705979567,146746500
2016-01-08,2053.483642578125,2069.2796705979567,2045.5856285682091,2045.5856285682091,125820000
2016-01-11,2013.9931640625,2049.534219898897,2013.9931640625,2045.5852136948529,75952000
2016-01-12,2069.279541015625,2089.024574803942,2037.6874869543176,2037.6874869543176,86093500
2016-01-13,2081.127197265625,2100.8722370878795,2077.178189301174,2089.0252131945267,76587000
2016-01-14,2057.43310546875,2077.178144868642,2049.5350897087933,2053.4840975887714,119213500
2016-01-15,2053.483642578125,2077.177684607873,2053.483642578125,2069.2796705979567,68326000
2016-01-18,2049.53466796875,2069.279703305636,2025.840625564487,2029.7896326318642,81317000
2016-01-19,2065.330810546875,2069.2798178328153,2045.5857741171724,2061.3818032609342,54711000
2016-01-20,2057.43310546875,2065.3311212287067,2049.5350897087933,2053.4840975887714,75676000
2016-01-21,2045.5855712890625,2061.381598866584,2045.5855712890625,2061.381598866584,76938000
2016-01-22,2053.483642578125,2069.2796705979567,2045.5856285682091,2061.381656588041,71511000
2016-01-25,2073.229248046875,2089.0252804129464,2057.4332156808036,2085.0762723214284,56835500
2016-01-26,2053.483642578125,2077.177684607873,2049.534635573167,2061.381656588041,57143000
2016-01-27,2069.279541015625,2085.0755680462785,2065.3305342579615,2069.279541015625,122278500
2016-01-28,2077.177490234375,2096.922523411508,2069.279476963522,2069.279476963522,126774000
2016-01-29,2069.279541015625,2089.024574803942,2049.534507227308,2085.0755680462785,175698000
2016-02-01,2089.024658203125,2089.024658203125,2049.5345890499466,2069.279623626536,89371000
2016-02-02,2069.279541015625,2089.024574803942,2065.3305342579615,2089.024574803942,96631000
2016-02-03,2061.381591796875,2069.279605558549,2049.534571154364,2053.4835780352014,65229000
2016-02-04,2077.177490234375,2092.9735167760814,2053.4834504218156,2053.4834504218156,82874000
2016-02-05,2120.616455078125,2144.31049368235,2069.279371435638,2069.279371435638,265133500
2016-02-09,2100.871826171875,2120.616862132137,2085.0757974036655,2116.6678549400845,54516500
2016-02-10,2096.9228515625,2116.6678878295666,2092.9738443090864,2092.9738443090864,69001500
2016-02-11,2108.769775390625,2140.361831950784,2085.0757329705057,2085.0757329705057,159586000
2016-02-12,2096.9228515625,2140.361931350047,2092.9738443090864,2112.7188805761534,121062500
2016-02-15,2108.769775390625,2124.5658036707046,2104.820768320605,2116.667789530665,64452500
2016-02-16,2116.66796875,2136.4130057719217,2104.820946536847,2104.820946536847,100538500
2016-02-17,2116.66796875,2128.5149909631527,2108.769953941231,2116.66796875,76406500
2016-02-18,2116.66796875,2144.31102058069,2116.66796875,2132.4639983675374,146528500
2016-02-19,2061.381591796875,2100.8716606052444,2041.6365573926905,2100.8716606052444,147712000
2016-02-22,2081.127197265625,2092.974221158978,2053.484141514469,2057.4331494789194,55658000
2016-02-23,2069.279541015625,2096.922588319269,2057.4325207426346,2085.0755680462785,92492000
2016-02-24,2057.43310546875,2077.178144868642,2033.7390581888794,2057.43310546875,84799500
2016-02-25,2065.330810546875,2085.0758469765774,2057.432795974994,2069.2798178328153,74008000
2016-02-26,2108.769775390625,2132.4638178107443,2077.177718830466,2077.177718830466,141175000
2016-02-29,2128.515380859375,2136.4133971148826,2112.7193483483593,2132.464388987129,138837000
2016-03-01,2116.66796875,2140.362013176306,2108.769953941231,2128.5149909631527,79590500
2016-03-02,2124.56591796875,2140.361947098629,2104.8208815564008,2136.4129398161595,126069500
2016-03-03,2136.412841796875,2140.3618488981633,2120.6168133917226,2120.6168133917226,115057500
2016-03-04,2144.310546875,2164.0555795349906,2136.4125338110034,2148.259553406998,102347000
2016-03-07,2144.310546875,2156.1575664709944,2132.4635272790056,2148.259553406998,105623000
2016-03-08,2116.66796875,2144.31102058069,2085.075909514925,2132.4639983675374,110122000
2016-03-10,2116.66796875,2124.5659835587685,2077.1778947061566,2104.820946536847,109073500
2016-03-11,2116.66796875,2116.66796875,2116.66796875,2116.66796875,0
2016-03-14,2116.66796875,2116.66796875,2116.66796875,2116.66796875,0
2016-03-15,2144.310546875,2148.259553406998,2132.4635272790056,2144.310546875,70072000
2016-03-16,2148.260009765625,2152.2090171365176,2136.412987652947,2148.260009765625,72058000
2016-03-17,2168.0048828125,2187.749918175091,2152.208854522427,2160.1068686674635,125371000
2016-03-18,2164.056640625,2199.597716839644,2140.3625898152372,2156.1586236884123,120955000
2016-03-21,2175.903076171875,2195.6481131607306,2156.15803918302,2164.056053978562,46224000
2016-03-22,2156.158447265625,2171.9544798463257,2144.3114228300997,2171.9544798463257,47434000
2016-03-23,2132.463623046875,2156.1576633029513,2120.6166029188366,2156.1576633029513,52128000
2016-03-24,2104.820556640625,2124.5655900049837,2092.9735366220098,2116.6675766592402,73214500
2016-03-28,2081.127197265625,2104.8212450523306,2061.3821574433705,2104.8212450523306,59829500
2016-03-29,2065.330810546875,2089.0248542625177,2065.330810546875,2081.1268396906366,88822500
2016-03-30,2073.229248046875,2124.566353236607,2073.229248046875,2073.229248046875,137086000
2016-03-31,2100.871826171875,2104.8208333639272,2081.126790211613,2096.9228189798228,107951000
2016-04-01,2100.871826171875,2104.8208333639272,2085.0757974036655,2100.871826171875,73802500
2016-04-04,2104.820556640625,2120.616583332112,2100.8715499677533,2120.616583332112,49630500
2016-04-05,2104.820556640625,2124.5655900049837,2100.8715499677533,2104.820556640625,83700500
2016-04-06,2061.381591796875,2120.616695009429,2061.381591796875,2100.8716606052444,89264000
2016-04-07,2069.279541015625,2092.9735815616054,2069.279541015625,2085.0755680462785,101318500
2016-04-08,2065.330810546875,2085.0758469765774,2065.330810546875,2069.2798178328153,70473500
2016-04-11,2065.330810546875,2065.330810546875,2065.330810546875,2065.330810546875,0
2016-04-12,2061.381591796875,2073.228612439386,2049.534571154364,2053.4835780352014,56727000
2016-04-13,2061.381591796875,2061.381591796875,2061.381591796875,2061.381591796875,0
2016-04-14,2061.381591796875,2061.381591796875,2061.381591796875,2061.381591796875,0
2016-04-15,2078.101806640625,2078.101806640625,2078.101806640625,2078.101806640625,0
2016-04-18,2078.101806640625,2078.101806640625,2078.101806640625,2078.101806640625,0
2016-04-19,2078.101806640625,2078.101806640625,2078.101806640625,2078.101806640625,0
2016-04-20,2086.06396484375,2094.0260410454434,2070.1398124403627,2074.120850541209,69313000
2016-04-21,2086.06396484375,2090.045002944597,2070.1398124403627,2086.06396484375,62586000
2016-04-22,2090.044921875,2094.025959821429,2078.1018080357144,2086.0638839285716,39264000
2016-04-25,2086.06396484375,2090.045002944597,2058.196698137822,2086.06396484375,62079000
2016-04-26,2062.177978515625,2078.102132789877,2034.3107085356842,2078.102132789877,129737500
2016-04-27,2078.101806640625,2078.101806640625,2058.1966169218454,2062.177654865601,64185500
2016-04-28,2074.12109375,2098.00732515595,2070.1400551823417,2090.045248020633,68854000
2016-04-29,2078.101806640625,2090.044920471893,2070.1397307531133,2074.120768696869,61001500
2016-05-02,2086.06396484375,2090.045002944597,2066.1587743395157,2086.06396484375,26048000
2016-05-03,2078.101806640625,2098.006996359405,2074.120768696869,2090.044920471893,82224500
2016-05-04,2086.06396484375,2086.06396484375,2074.120850541209,2078.101888642056,75545000
2016-05-09,2090.044921875,2101.9880357142856,2078.1018080357144,2086.0638839285716,91446000
2016-05-10,2098.00732421875,2117.91251704815,2078.1021313893502,2078.1021313893502,158328000
2016-05-11,2094.026611328125,2117.912846438332,2086.064532958056,2094.026611328125,91480000
2016-05-12,2094.026611328125,2101.988689698194,2086.064532958056,2086.064532958056,43259500
2016-05-13,2094.026611328125,2101.988689698194,2070.1403762179184,2070.1403762179184,75686000
2016-05-16,2074.12109375,2086.064209452975,2062.177978047025,2086.064209452975,84077000
2016-05-17,2070.14013671875,2078.102214167668,2054.2159818209134,2074.121175443209,64829000
2016-05-18,2074.12109375,2078.1021323176583,2054.215900911708,2054.215900911708,66771000
2016-05-19,2066.158935546875,2074.121012369792,2062.177897135417,2070.1399739583335,105881500
2016-05-20,2074.12109375,2074.12109375,2062.177978047025,2062.177978047025,68004000
2016-05-23,2086.06396484375,2086.06396484375,2058.196698137822,2070.1398124403627,31748500
2016-05-24,2066.158935546875,2082.0830891927085,2066.158935546875,2078.10205078125,69157000
2016-05-25,2070.14013671875,2074.121175443209,2050.234943096454,2070.14013671875,84150500
2016-05-26,2074.12109375,2082.0831708853166,2054.215900911708,2082.0831708853166,42055000
2016-05-27,2070.14013671875,2074.121175443209,2054.2159818209134,2070.14013671875,80811500
2016-05-30,2101.988525390625,2117.9126808860087,2066.159175526012,2074.121253273704,99330000
2016-05-31,2070.14013671875,2117.9126014122594,2070.14013671875,2117.9126014122594,160724000
2016-06-01,2098.00732421875,2098.00732421875,2078.1021313893502,2086.0642085211102,82418000
2016-06-02,2094.026611328125,2101.988689698194,2082.083493773022,2086.064532958056,88747000
2016-06-03,2090.044921875,2094.025959821429,2074.120770089286,2078.1018080357144,53839500
2016-06-06,2090.044921875,2101.9880357142856,2082.0828459821428,2090.044921875,105900000
2016-06-07,2086.06396484375,2094.0260410454434,2082.082926742903,2094.0260410454434,87665500
2016-06-08,2086.06396484375,2090.045002944597,2070.1398124403627,2082.082926742903,89579500
2016-06-09,2070.14013671875,2078.102214167668,2062.1780592698315,2074.121175443209,67474500
2016-06-10,2058.19677734375,2070.1398921058994,2054.2157390897005,2066.15885385185,77928000
2016-06-13,2034.3104248046875,2062.1776908979027,2030.3293867913712,2046.253538844637,75798500
2016-06-14,2046.2537841796875,2046.2537841796877,2018.386514745334,2022.367553235956,78620500
2016-06-15,2058.19677734375,2062.1778155978,2038.291586073501,2046.2536625816008,35512500
2016-06-16,2070.14013671875,2074.121175443209,2058.1970205453727,2062.1780592698315,49661000
2016-06-17,2054.215576171875,2074.120765863463,2046.2535002952397,2070.139727925145,60702000
2016-06-20,2042.2723388671875,2062.177527355172,2026.3481880768002,2054.215451959978,46267000
2016-06-21,2042.2723388671875,2054.215451959978,2026.3481880768002,2042.2723388671877,89712000
2016-06-22,2054.215576171875,2082.082841740098,2042.2724623569222,2042.2724623569222,60166000
2016-06-23,2062.177978515625,2074.1210942213143,2046.2538242413732,2054.215901378499,30252000
2016-06-24,2034.3104248046875,2062.1776908979027,2010.4241967247892,2050.2345768579535,86883500
2016-06-27,2038.2918701171875,2042.2729089260101,2014.4056372642517,2014.4056372642517,44316000
2016-06-28,2074.12109375,2090.045248020633,2042.2727852087332,2042.2727852087332,121856000
2016-06-29,2117.912109375,2117.912109375,2094.0258825775377,2094.0258825775377,200147000
2016-06-30,2121.893798828125,2141.798993939083,2113.9317207837416,2133.8369158947,186770500
2016-07-01,2105.969970703125,2145.7803671247343,2101.988931060964,2129.8562085560907,126695500
2016-07-11,2149.760498046875,2165.684649884259,2109.9501184534142,2125.8742702907984,197073000
2016-07-12,2189.571044921875,2209.4762362393467,2157.7227388139204,2165.684815340909,190642000
2016-07-13,2197.532958984375,2201.5139969535494,2189.5708830460258,2197.532958984375,138530500
2016-07-14,2205.4951171875,2221.4192696581677,2201.514079069833,2213.457193422834,148394000
2016-07-15,2229.38232421875,2233.3633640834264,2201.5150451660156,2201.5150451660156,195893000
2016-07-18,2221.41943359375,2229.381510416667,2201.5142415364585,2213.4573567708335,116023000
2016-07-19,2277.153564453125,2281.134602153218,2229.3811120520104,2229.3811120520104,195665500
2016-07-20,2301.0400390625,2305.0210771923657,2281.1348484131704,2285.115886543036,142149000
2016-07-21,2316.964599609375,2336.8697937640945,2309.002521947487,2312.983560778431,202871500
2016-07-22,2312.9833984375,2324.9265140920825,2269.191974370697,2309.0023598859725,111507000
2016-07-25,2309.002685546875,2320.9458028859103,2289.0974899818157,2312.983724659887,111434500
2016-07-26,2285.1162109375,2312.9834818025915,2261.2299787674215,2312.9834818025915,138118000
2016-07-27,2316.964599609375,2332.8887549331507,2293.078366623711,2297.059405454655,208198500
2016-07-28,2297.059814453125,2309.002933072465,2277.154616754224,2309.002933072465,94670000
2016-07-29,2301.0400390625,2328.9073059715615,2301.0400390625,2309.002115322232,115674000
2016-08-01,2368.7177734375,2384.641926536239,2289.0970079438025,2289.0970079438025,221091000
2016-08-02,2388.623046875,2388.623046875,2360.755777994792,2368.7178548177085,158875000
2016-08-03,2384.641845703125,2396.5849601223395,2376.679769423649,2388.622883842863,115363500
2016-08-04,2388.623046875,2400.566162109375,2384.642008463542,2388.623046875,131859500
2016-08-05,2404.54736328125,2428.4335953668256,2388.623208557533,2396.5852859193915,175943500
2016-08-08,2404.54736328125,2436.3956727286836,2384.642169876604,2412.5094406431085,79174000
2016-08-09,2388.623046875,2404.5472005208335,2380.6609700520835,2404.5472005208335,96702000
2016-08-10,2380.660888671875,2388.622965222617,2364.736735570391,2388.622965222617,64883500
2016-08-11,2380.660888671875,2404.547118324101,2372.698812121133,2404.547118324101,107876500
2016-08-12,2388.623046875,2424.452392578125,2380.6609700520835,2392.6040852864585,131484500
2016-08-15,2396.584716796875,2424.4519809456756,2388.622641325789,2412.5088677390468,104034500
2016-08-16,2408.528076171875,2420.4711905991735,2404.547038029442,2420.4711905991735,60200500
2016-08-18,2420.4716796875,2436.395835474918,2408.528562846937,2408.528562846937,186254500
2016-08-19,2436.395751953125,2460.2819848154104,2428.433674332363,2452.3199071946487,169403500
2016-08-22,2436.395751953125,2452.3199071946487,2432.414713142744,2452.3199071946487,110468500
2016-08-23,2432.414794921875,2468.2441454199056,2404.5475223122953,2468.2441454199056,76704500
2016-08-24,2436.395751953125,2444.3578295738866,2432.414713142744,2436.395751953125,111416000
2016-08-25,2428.433349609375,2444.3575027215675,2384.6419285508455,2444.3575027215675,71705000
2016-08-26,2420.4716796875,2428.433757581209,2412.5096017937913,2428.433757581209,48785500
2016-08-29,2392.6044921875,2424.4528048954867,2380.661374922005,2424.4528048954867,40904000
2016-08-30,2388.623046875,2392.6040852864585,2380.6609700520835,2392.6040852864585,70749500
2016-08-31,2396.584716796875,2416.4899054745897,2364.736414912531,2364.736414912531,169155000
2016-09-01,2388.623046875,2400.566162109375,2364.73681640625,2364.73681640625,56229500
2016-09-02,2388.623046875,2436.3955078125,2384.642008463542,2396.585123697917,63478000
2016-09-05,2388.623046875,2432.414469401042,2384.642008463542,2432.414469401042,74444000
2016-09-06,2392.6044921875,2404.547609452995,2380.661374922005,2396.585531275998,70876500
2016-09-07,2420.4716796875,2436.395835474918,2404.5475239000825,2436.395835474918,137103000
2016-09-08,2416.49072265625,2436.39591806528,2412.509683574444,2436.39591806528,88467500
2016-09-09,2396.584716796875,2416.4899054745897,2384.641603590246,2416.4899054745897,86764000
2016-09-13,2392.6044921875,2404.547609452995,2364.7372185680115,2396.585531275998,108835000
2016-09-14,2384.641845703125,2388.622883842863,2356.7745787249582,2380.6608075633867,92904000
2016-09-15,2404.54736328125,2436.3956727286836,2384.642169876604,2420.471518004967,159713000
2016-09-16,2404.54736328125,2424.452556685896,2388.623208557533,2404.54736328125,151477000
2016-09-19,2428.433349609375,2432.4143878874233,2404.547119941086,2428.433349609375,70684000
2016-09-20,2404.54736328125,2432.4146340477546,2404.54736328125,2420.471518004967,74726500
2016-09-21,2416.49072265625,2424.452800819862,2400.566566329026,2404.547605410832,93367000
2016-09-22,2444.357666015625,2484.168051455619,2440.376627471626,2444.357666015625,112772500
2016-09-23,2464.2626953125,2484.167886712439,2448.338542192548,2464.2626953125,111259000
2016-09-26,2444.357666015625,2464.262858735622,2428.4335118396275,2464.262858735622,56087500
2016-09-27,2547.864990234375,2547.864990234375,2388.6234283447266,2404.5475845336914,121486000
2016-09-28,2456.301025390625,2496.1114147810727,2452.3199864515805,2480.1872590248936,104262000
2016-09-29,2504.0732421875,2531.9405119733706,2468.2438953199526,2468.2438953199526,131983000
2016-09-30,2500.092529296875,2547.864998009554,2468.2442168217553,2543.883958950164,146694500
2016-10-03,2543.8837890625,2579.7131382042253,2539.902750268975,2539.902750268975,78715000
2016-10-04,2539.90283203125,2579.713221248041,2531.940754187892,2579.713221248041,81285000
2016-10-05,2516.016845703125,2547.865160205696,2508.054767077482,2508.054767077482,63367500
2016-10-06,2512.03564453125,2555.8270741506535,2508.0546054749407,2547.864996038035,58324500
2016-10-07,2516.016845703125,2547.865160205696,2508.054767077482,2547.865160205696,46006500
2016-10-10,2500.092529296875,2535.921880831384,2492.130451178095,2500.092529296875,24959000
2016-10-11,2516.016845703125,2535.922042267232,2504.073727764661,2535.922042267232,72176500
2016-10-12,2484.16796875,2523.9783528645835,2448.338623046875,2516.016276041667,78936000
2016-10-13,2460.281494140625,2496.110836288304,2444.35734207499,2484.1677222390776,57745000
2016-10-14,2516.016845703125,2555.827238831339,2448.3391773851613,2464.263334636447,107271500
2016-10-17,2531.9404296875,2535.9214680989585,2516.016276041667,2516.016276041667,114630500
2016-10-18,2555.826416015625,2559.807454046802,2539.9022638909173,2547.864339953271,160526000
2016-10-19,2543.8837890625,2571.7510606171754,2519.99755630135,2543.8837890625,43748000
2016-10-20,2508.054443359375,2539.9027537512397,2508.054443359375,2523.9785985553076,38996000
2016-10-21,2516.016845703125,2523.978924328768,2512.0358063903036,2523.978924328768,52681000
2016-10-24,2496.111572265625,2527.9598857873552,2476.2063763145434,2527.9598857873552,64539500
2016-10-25,2468.243896484375,2500.092204826109,2464.2628579416582,2488.149089197959,105666000
2016-10-26,2468.243896484375,2484.168050655242,2464.2628579416582,2484.168050655242,61653500
2016-10-27,2472.224853515625,2480.186930338542,2464.2627766927085,2468.243815104167,79667000
2016-10-28,2484.16796875,2484.16796875,2456.300699869792,2472.224853515625,72105000
2016-10-31,2472.224853515625,2484.16796875,2456.300699869792,2468.243815104167,65543500
2016-11-01,2460.281494140625,2492.129798271895,2460.281494140625,2468.2435701734425,77657500
2016-11-02,2464.2626953125,2472.2247718724757,2440.3764656325725,2460.281657032512,101446000
2016-11-03,2456.301025390625,2468.2441422077595,2436.395830695401,2468.2441422077595,68455000
2016-11-04,2468.243896484375,2468.243896484375,2436.395588142641,2444.3576652280744,62182500
2016-11-07,2452.319091796875,2472.2242792302914,2404.546641956676,2428.4328668767757,110497000
2016-11-08,2468.243896484375,2484.168050655242,2452.319742313508,2452.319742313508,106514500
2016-11-09,2436.395751953125,2480.187178867315,2428.433674332363,2468.244062436172,126875000
2016-11-10,2424.45263671875,2456.3009472175186,2424.45263671875,2436.3957531557885,69882500
2016-11-11,2336.869384765625,2388.6228805100086,2309.0021178263414,2388.6228805100086,222566500
2016-11-14,2289.096923828125,2293.0779619565214,2221.4192756453804,2293.0779619565214,156689000
2016-11-15,2316.964599609375,2368.718104411646,2245.305900652384,2277.1542112999355,135474500
2016-11-16,2344.831787109375,2376.6800966117094,2320.945554982624,2320.945554982624,129035500
2016-11-17,2348.812744140625,2364.736898338189,2340.8506670418433,2348.812744140625,120499000
2016-11-18,2344.831787109375,2348.8128257971666,2328.9076323582076,2340.850748421583,80701500
2016-11-21,2344.831787109375,2352.7938644849587,2328.9076323582076,2340.850748421583,87375000
2016-11-22,2332.888671875,2344.8317879426195,2309.002439739761,2309.002439739761,129317000
2016-11-23,2340.8505859375,2348.812662760417,2328.907470703125,2332.8885091145835,51143500
2016-11-24,2316.964599609375,2340.850832595039,2293.078366623711,2309.002521947487,83313000
2016-11-25,2312.9833984375,2316.9644369890275,2301.0402827829175,2309.0023598859725,71262500
2016-11-28,2289.096923828125,2312.9831525985055,2281.134847571331,2301.0400382133153,75786000
2016-11-29,2285.1162109375,2297.059327022539,2249.2868626823824,2281.135172242487,101969000
2016-11-30,2277.153564453125,2293.0777152534965,2273.1725267530323,2285.1156398533108,163078500
2016-12-01,2320.361083984375,2332.3629516601563,2284.3554809570314,2288.356103515625,107127500
2016-12-02,2348.364990234375,2420.3761824391772,2332.3625030777525,2344.3643684452195,137411500
2016-12-05,2344.3642578125,2372.3686090150386,2320.3605282103244,2348.3648794128626,64879000
2016-12-06,2348.364990234375,2360.366855601842,2336.363124866908,2352.3656120235305,59009500
2016-12-07,2344.3642578125,2356.3661226135882,2336.363014611775,2352.3655010132256,69524500
2016-12-08,2352.365478515625,2380.3698294503347,2320.360506018814,2320.360506018814,121795500
2016-12-09,2352.365478515625,2368.3679647640306,2344.364235391422,2368.3679647640306,86596000
2016-12-13,2352.365478515625,2364.367343201929,2320.360506018814,2348.3648569535235,121360000
2016-12-14,2360.366455078125,2400.3726661811443,2352.3652128575213,2352.3652128575213,128356000
2016-12-15,2364.3671875,2372.3684300972927,2352.365323604061,2356.3659449027073,125417000
2016-12-16,2368.3681640625,2400.3731392525337,2344.3644326699746,2352.3656764674834,105628500
2016-12-19,2356.365966796875,2372.368452140148,2320.360374774512,2320.360374774512,53658000
2016-12-20,2364.3671875,2368.3678087986464,2328.3615958121827,2328.3615958121827,37145000
2016-12-21,2348.364990234375,2368.3680991801534,2340.3637466560635,2368.3680991801534,97165000
2016-12-22,2328.36181640625,2332.3624380839237,2304.3580863402062,2320.360573050902,75773000
2016-12-23,2312.359130859375,2336.3628588613756,2284.354781523708,2304.3578881920416,73656500
2016-12-27,2368.3681640625,2376.3694078600083,2260.351372796136,2288.3557260874154,41749000
2016-12-28,2356.365966796875,2404.3734228266926,2356.365966796875,2384.370316147602,70098000
2016-12-29,2456.382080078125,2468.3839469188974,2356.3665230716865,2368.3683899124594,122316500
2016-12-30,2480.385986328125,2488.3872314453124,2452.381628417969,2456.3822509765623,235500500
2017-01-02,2480.385986328125,2480.385986328125,2480.385986328125,2480.385986328125,0
2017-01-03,2524.392822265625,2524.392822265625,2436.3791264021643,2480.3859743338944,46748000
2017-01-04,2512.390869140625,2540.395225962256,2504.3896243344448,2536.394603559166,85216500
2017-01-05,2508.39013671875,2524.3926256292366,2500.388892263507,2512.3907589463715,97909000
2017-01-06,2496.3876953125,2512.3901805388623,2472.3839674729566,2472.3839674729566,36603000
2017-01-09,2456.382080078125,2496.3883028807004,2424.377101836065,2488.387058320185,88087500
2017-01-10,2464.383056640625,2480.3855440214084,2452.3811911050375,2472.3843003310167,52004500
2017-01-11,2448.380859375,2492.3877048866425,2448.380859375,2488.387082567402,43772500
2017-01-12,2452.38134765625,2472.3844581591557,2444.3801034550875,2448.380725555669,30781000
2017-01-13,2444.379638671875,2492.387094750537,2432.3777746522096,2432.3777746522096,69512500
2017-01-16,2428.377685546875,2440.3795521970246,2400.37333002986,2432.3783077635917,62039500
2017-01-17,2428.377685546875,2440.3795521970246,2424.3770633301588,2428.377685546875,22368500
2017-01-18,2448.380859375,2448.380859375,2424.377125459559,2444.38023705576,93410500
2017-01-19,2460.382568359375,2464.383190421748,2440.37945804751,2456.3819462970023,34360500
2017-01-20,2440.379150390625,2444.3797719486424,2408.3741779264856,2440.379150390625,44242500
2017-01-23,2408.373779296875,2448.379988255295,2408.373779296875,2432.377504671927,21962000
2017-01-24,2408.373779296875,2440.378746463611,2408.373779296875,2432.377504671927,36251000
2017-01-25,2392.37158203125,2444.3796599014945,2392.37158203125,2444.3796599014945,33161500
2017-01-26,2448.380859375,2468.383970971201,2400.3733915441176,2400.3733915441176,53606000
2017-01-27,2464.383056640625,2488.3867877118,2424.3768381886666,2424.3768381886666,37555500
2017-01-30,2472.38427734375,2492.387386383748,2452.381168303752,2492.387386383748,33673000
2017-01-31,2448.380859375,2488.387082567402,2440.3796147365197,2448.380859375,36946500
2017-02-01,2468.383544921875,2480.385409808043,2468.383544921875,2480.385409808043,43359000
2017-02-02,2472.38427734375,2476.3848991517493,2444.379924687753,2452.381168303752,61584000
2017-02-03,2476.384765625,2480.385387217286,2468.383522440428,2472.384144032714,44754000
2017-02-06,2496.3876953125,2508.3895592322715,2480.3852100861377,2492.3870740059097,63275000
2017-02-07,2500.38916015625,2500.38916015625,2468.3841789062503,2468.3841789062503,47873500
2017-02-08,2496.3876953125,2504.388937925681,2484.3858313927285,2500.388316619091,73968000
2017-02-09,2500.38916015625,2504.3897828125,2496.3885375,2496.3885375,134806500
2017-02-10,2400.373046875,2512.3904557291667,2400.373046875,2500.3885904947915,82921000
2017-02-13,2484.38623046875,2504.389340214875,2456.3818768241745,2480.385608519525,98775500
2017-02-14,2480.385986328125,2488.3872314453124,2460.3828735351562,2472.3847412109376,68492000
2017-02-15,2480.385986328125,2480.385986328125,2480.385986328125,2480.385986328125,0
2017-02-16,2480.385986328125,2496.3884765625,2460.3828735351562,2496.3884765625,109934500
2017-02-17,2476.384765625,2492.3872519941438,2456.3816576635704,2472.384144032714,54111500
2017-02-20,2472.38427734375,2496.3880081917473,2464.383033727751,2496.3880081917473,49225000
2017-02-21,2480.385986328125,2484.386608886719,2464.38349609375,2464.38349609375,47016500
2017-02-22,2480.385986328125,2492.3878540039063,2464.38349609375,2464.38349609375,47767500
2017-02-23,2480.385986328125,2492.3878540039063,2464.38349609375,2464.38349609375,81655500
2017-02-24,2480.385986328125,2496.3884765625,2480.385986328125,2484.386608886719,33280500
2017-02-27,2480.385986328125,2484.386608886719,2464.38349609375,2480.385986328125,28618000
2017-02-28,2472.38427734375,2488.386764575748,2464.383033727751,2480.385520959749,110184500
2017-03-01,2480.385986328125,2484.386608886719,2464.38349609375,2464.38349609375,102209000
2017-03-02,2480.385986328125,2508.390344238281,2476.385363769531,2504.3897216796877,78309500
2017-03-03,2476.384765625,2488.386630401858,2468.383522440428,2472.384144032714,88454000
2017-03-06,2476.384765625,2476.384765625,2456.3816576635704,2464.382900848142,44661500
2017-03-07,2472.38427734375,2480.385520959749,2464.383033727751,2464.383033727751,52582000
2017-03-08,2480.385986328125,2484.386608886719,2472.3847412109376,2480.385986328125,87391500
2017-03-09,2500.38916015625,2512.391028125,2480.3860468750004,2500.38916015625,47322000
2017-03-10,2500.38916015625,2512.391028125,2476.3854242187504,2512.391028125,34386000
2017-03-13,2488.38720703125,2504.3896971086215,2476.3853394732214,2496.3884520699357,24933000
2017-03-14,2508.39013671875,2544.3957367673443,2504.3895144911285,2512.3907589463715,62225000
2017-03-15,2504.389404296875,2524.3925145548374,2484.386294038913,2524.3925145548374,70286000
2017-03-16,2540.39453125,2560.3976377952754,2528.3926673228343,2544.395152559055,186021500
2017-03-17,2552.39697265625,2592.4031947981975,2540.3951060136656,2560.3982170846393,223808500
2017-03-20,2572.399658203125,2596.4033875176174,2552.3965504410476,2576.4002797555404,191276500
2017-03-21,2600.404296875,2604.4049188701924,2584.4018088942307,2596.4036748798076,133231500
2017-03-22,2612.40625,2616.406872128637,2568.3994065849924,2568.3994065849924,178821000
2017-03-23,2656.412353515625,2680.41607960161,2620.4067643866483,2624.407385400979,195774000
2017-03-24,2648.41162109375,2688.4178389350454,2632.409133957232,2688.4178389350454,86403000
2017-03-27,2648.41162109375,2660.4134864461384,2640.4103775254907,2648.41162109375,74524000
2017-03-29,2672.41552734375,2692.418637578359,2660.4136612029847,2668.4149052968282,112645500
2017-03-30,2692.41845703125,2700.4197005885494,2672.4153481380013,2692.41845703125,96488000
2017-03-31,2648.41162109375,2720.4228132080816,2648.41162109375,2692.4184607191746,81642500
2017-04-03,2652.41259765625,2712.421932444853,2652.41259765625,2652.41259765625,186889000
2017-04-04,2680.41650390625,2704.4202337919774,2664.414017315765,2680.41650390625,74096500
2017-04-05,2680.41650390625,2680.41650390625,2680.41650390625,2680.41650390625,0
2017-04-06,2772.430908203125,2780.432151805443,2752.4277991973304,2752.4277991973304,117034500
2017-04-07,2776.431640625,2796.434750427774,2752.4279088616713,2796.434750427774,133337000
2017-04-10,2776.431640625,2840.441591993876,2760.429152782781,2820.438482191102,79805500
2017-04-11,2792.4345703125,2816.4383058739254,2760.4295895639325,2800.4358154996416,88702000
2017-04-12,2824.439208984375,2832.440453202461,2788.4336100029877,2792.4342321120307,56825500
2017-04-13,2776.431640625,2832.4403480727665,2752.4279088616713,2832.4403480727665,52786000
2017-04-17,2728.867919921875,2797.3919297278894,2692.5905029657497,2797.3919297278894,93984000
2017-04-18,2728.867919921875,2749.022040453056,2716.7754476031664,2736.9295681343474,102219500
2017-04-19,2728.867919921875,2728.867919921875,2728.867919921875,2728.867919921875,0
2017-04-20,2793.361083984375,2845.761796959551,2761.114491384267,2773.2069636093074,146846500
2017-04-21,2817.54638671875,2821.5772113063304,2744.9915441423013,2753.0531933174625,86655500
2017-04-25,2805.4541015625,2845.762350148168,2789.330802128233,2845.762350148168,111180500
2017-04-26,2902.193603515625,2902.193603515625,2789.330518934462,2845.7620612250435,82166000
2017-04-27,2825.607666015625,2841.7309622553717,2805.4535457159413,2805.4535457159413,68316500
2017-04-28,2861.884765625,2865.915589238556,2825.607353102993,2825.607353102993,68971000
2017-05-02,2886.070068359375,2894.131716595016,2861.885123652453,2861.885123652453,138473000
2017-05-03,2861.884765625,2878.0080600792253,2861.884765625,2869.9464128521126,43521500
2017-05-04,2873.977294921875,2902.1930607906734,2865.91564753079,2869.9464712263325,123050500
2017-05-05,2865.915771484375,2873.9774192241343,2833.6691805253386,2861.8849476144956,33583500
2017-05-08,2894.130859375,2926.3774427663648,2873.976744755397,2882.038390603238,64042500
2017-05-09,2902.193603515625,2958.6251458062065,2878.0086568196616,2950.5634969075522,50148500
2017-05-10,2890.100830078125,2914.2857742628794,2861.885061862579,2861.885061862579,78922000
2017-05-12,2902.193603515625,2990.8717414008247,2878.0086568196616,2986.8409169514975,141996500
2017-05-15,2942.50146484375,2942.50146484375,2902.1932255993147,2902.1932255993147,41290500
2017-05-16,2805.4541015625,2894.13224845097,2777.2383275525326,2886.0705987338365,237774500
2017-05-17,2732.8984375,2809.4840869284662,2728.8676138458704,2805.453263274336,166786000
2017-05-18,2805.4541015625,2813.5157512796336,2708.7143049568967,2708.7143049568967,203136500
2017-05-19,2886.070068359375,2914.2858371841176,2757.0836965891235,2805.453586002968,182948000
2017-05-22,2845.761474609375,2942.50124145162,2809.4840620435334,2926.377946977913,81751500
2017-05-23,2853.823486328125,2861.8851345945886,2793.3611243296477,2845.7618380616614,87609500
2017-05-24,2817.54638671875,2817.54638671875,2801.423088368428,2813.5155621311696,97663500
2017-05-26,2833.669677734375,2857.8546251972575,2813.51555484864,2821.577204002934,126066500
2017-05-29,2865.915771484375,2894.131538573532,2825.607532785579,2849.792476004857,103340500
2017-05-30,2837.70068359375,2869.9472822709517,2837.70068359375,2853.8239829323506,56862000
2017-05-31,2765.144775390625,2845.761241145454,2765.144775390625,2837.699594569971,1062861500
2017-06-01,2765.144775390625,2765.144775390625,2765.144775390625,2765.144775390625,0
2017-06-02,2829.637939453125,2845.7612325554223,2793.360529972957,2809.483823075254,241656500
2017-06-05,2857.854248046875,2873.9775442276755,2817.546007594874,2869.9467201824755,102575000
2017-06-06,2829.637939453125,2849.7920558309966,2821.5762929019766,2821.5762929019766,87003500
2017-06-07,2869.947021484375,2878.008670421129,2837.7004257373596,2845.7620746741136,74324000
2017-06-08,2890.100830078125,2910.254950232087,2878.0083579857483,2878.0083579857483,92743000
2017-06-09,2853.823486328125,2918.316672459834,2825.6077173955023,2918.316672459834,101066500
2017-06-12,2861.884765625,2886.069707306338,2837.699823943662,2853.8231183978874,38489500
2017-06-13,2882.0390625,2894.131534090909,2857.854119318182,2861.884943181818,49797000
2017-06-14,2898.162353515625,2898.162353515625,2853.823291083536,2853.823291083536,79121500
2017-06-15,2910.25439453125,2918.3160410534974,2882.038631703385,2902.1927480090026,116159000
2017-06-16,2869.947021484375,2926.378564041652,2869.947021484375,2926.378564041652,607322000
2017-06-19,2890.100830078125,2910.254950232087,2882.0391820165405,2902.193302170502,56511500
2017-06-20,2918.31640625,2930.408877546616,2890.1006398912295,2890.1006398912295,87824500
2017-06-21,2934.440185546875,2938.4710099775716,2910.2552389626976,2918.31688782409,68809000
2017-06-22,2926.377685546875,2954.593448355178,2898.161922738572,2942.500978580191,82107500
2017-06-23,2926.377685546875,2926.377685546875,2926.377685546875,2926.377685546875,0
2017-06-26,2926.377685546875,2926.377685546875,2926.377685546875,2926.377685546875,0
2017-06-27,2926.377685546875,2926.377685546875,2926.377685546875,2926.377685546875,0
2017-06-28,2926.377685546875,2926.377685546875,2926.377685546875,2926.377685546875,0
2017-06-29,2926.377685546875,2926.377685546875,2926.377685546875,2926.377685546875,0
2017-06-30,2926.377685546875,2926.377685546875,2926.377685546875,2926.377685546875,0
2017-07-03,2982.8095703125,2982.8095703125,2914.2855666701857,2966.6862753378377,213038500
2017-07-04,2990.87158203125,3019.0873516730544,2970.717460858533,2982.809933562163,64599000
2017-07-05,2958.624755859375,3011.025466794214,2950.5631080232456,2990.871347203891,56981000
2017-07-06,2938.470458984375,2958.6245773587534,2918.3163406099966,2934.4396353094994,89306500
2017-07-07,2982.8095703125,2990.871217799831,2954.593804106841,2958.6246278505064,82260000
2017-07-10,2950.56298828125,3006.9945208440063,2942.501340772285,2982.8095783171107,40506000
2017-07-11,2954.593994140625,2974.748114155227,2942.501522131864,2954.593994140625,61603500
2017-07-12,2970.716796875,2978.7784435422323,2918.316093537992,2934.439386872456,89196500
2017-07-13,2982.8095703125,2986.840394056165,2946.53215661951,2982.8095703125,64456000
2017-07-14,2966.686279296875,2990.871221791143,2950.5629843006964,2990.871221791143,41700000
2017-07-17,2950.56298828125,2966.6862832991806,2942.501340772285,2942.501340772285,61702000
2017-07-18,2958.624755859375,2958.624755859375,2930.408988432923,2934.4398123509877,39056500
2017-07-19,2978.779052734375,2978.779052734375,2950.563283628637,2958.624931944562,45057500
2017-07-20,2974.747802734375,2982.809449896257,2958.6245084106117,2978.778626315316,59790000
2017-07-21,2938.470458984375,2978.778695733132,2938.470458984375,2974.7478720582562,25438500
2017-07-24,2994.90234375,3002.9639920508075,2934.4399814939434,2958.624926396366,91781000
2017-07-25,2994.90234375,3011.025640351615,2966.6865746971735,3006.994816201211,64479500
2017-07-26,3027.14892578125,3047.3030464588883,2990.8715085615013,3006.9948051036117,118081000
2017-07-27,3031.179443359375,3039.241090815118,3015.056148447889,3027.1486196315036,63409500
2017-07-28,3031.179443359375,3063.426033182347,3015.056148447889,3063.426033182347,84735000
2017-07-31,3015.056396484375,3035.210516781731,2994.9022761870197,2998.933100246491,65311000
2017-08-01,3051.333984375,3059.3956329466646,3019.087390088342,3043.2723358033354,88810000
2017-08-02,3051.333984375,3059.3956329466646,3035.210687231671,3051.333984375,62681500
2017-08-03,3023.117919921875,3071.487806640625,2990.8713287760415,3071.487806640625,43917500
2017-08-04,2994.90234375,3023.118112802826,2990.871519599596,3023.118112802826,70007000
2017-08-07,3002.963623046875,3023.1177413223572,2994.9019757366823,3023.1177413223572,57609000
2017-08-08,3063.426513671875,3071.488162392064,3015.0566213507404,3015.0566213507404,58013000
2017-08-09,3059.395263671875,3067.456911270483,3023.117849478137,3067.456911270483,62335500
2017-08-10,3035.210693359375,3071.4881120051045,3019.087396183495,3071.4881120051045,38466500
2017-08-11,3011.02587890625,3035.210825724774,2994.902581027234,3019.0875278457584,68837000
2017-08-14,3023.117919921875,3035.2103916015626,3006.9946243489585,3011.0254482421874,32254000
2017-08-15,3011.02587890625,3031.18000125502,2982.810107617972,3015.0567033760044,42814000
2017-08-16,3047.302734375,3051.333558097718,3006.9944971478176,3019.086968315972,54188500
2017-08-17,3047.302734375,3047.302734375,3047.302734375,3047.302734375,0
2017-08-18,3015.056396484375,3047.302988960144,3002.963924305962,3023.1180446033172,54443500
2017-08-21,3031.179443359375,3035.2102670872464,3015.056148447889,3031.179443359375,20734000
2017-08-22,3031.179443359375,3043.2719145429896,3031.179443359375,3031.179443359375,35817000
2017-08-23,3087.61083984375,3087.61083984375,3039.2409572352317,3047.3026043366517,48576500
2017-08-24,3055.364501953125,3087.611093002762,3043.272030309511,3087.611093002762,57641000
2017-08-25,3079.5498046875,3095.6731020942407,3059.3956829290737,3079.5498046875,43855500
2017-08-28,3075.5185546875,3079.549378481324,3043.2719643369105,3047.302788130734,28840500
2017-08-29,3075.5185546875,3075.5185546875,3047.302788130734,3071.4877308936766,32155000
2017-08-30,3079.5498046875,3095.6731020942407,3051.3340342257034,3095.6731020942407,42254000
2017-08-31,3055.364501953125,3095.6727407651715,3055.364501953125,3055.364501953125,65610500
2017-09-01,3055.364501953125,3055.364501953125,3055.364501953125,3055.364501953125,0
2017-09-04,3043.272216796875,3063.4263374379143,3015.0564478994206,3059.395513309706,37213500
2017-09-05,3063.426513671875,3063.426513671875,3011.0257969906456,3063.426513671875,73701500
2017-09-06,3047.302734375,3067.4568529885914,3031.179439484127,3063.4260292658732,59771000
2017-09-07,3055.364501953125,3079.5494452403527,3023.117910903488,3079.5494452403527,44964000
2017-09-08,3039.240966796875,3067.4567317406127,3015.0560254165284,3019.0868489799195,51583000
2017-09-11,3047.302734375,3067.4568529885914,3047.302734375,3059.395205543155,36496500
2017-09-12,3067.457275390625,3079.5497482239653,3051.3339782795047,3055.3648025572847,52225000
2017-09-13,3071.48779296875,3083.580264594611,3039.2412019664534,3039.2412019664534,29835000
2017-09-14,3079.5498046875,3087.6114533908703,3071.4881559841297,3083.580629039185,37754000
2017-09-15,3043.272216796875,3067.457161566122,3035.2105685404595,3063.4263374379143,163473500
2017-09-18,3059.395263671875,3063.426087471179,3035.2103208760495,3063.426087471179,30903500
2017-09-19,3075.5185546875,3091.641849862795,3035.210316749263,3039.2411405430867,59579500
2017-09-20,3071.48779296875,3079.549440719324,3059.3953213428886,3079.549440719324,76382000
2017-09-21,3071.48779296875,3071.48779296875,3071.48779296875,3071.48779296875,0
2017-09-22,3204.505615234375,3220.628913927378,3067.4575763438484,3079.550050363601,125871000
2017-09-25,3172.2587890625,3192.4129109752225,3164.1971402974114,3184.3512622101334,97549500
2017-09-26,3168.226806640625,3188.380921186685,3160.165160822201,3172.257629549837,99934500
2017-09-27,3184.350830078125,3192.412477749209,3168.2275347359573,3192.412477749209,122173500
2017-09-28,3196.44287109375,3200.473694386428,3168.227108045003,3196.44287109375,101703500
2017-09-29,3273.029296875,3285.1217696467056,3196.443635987531,3220.628581530942,188602500
2017-10-02,3277.0595703125,3321.3986296894223,3260.9362759936193,3313.336982529982,52865500
2017-10-03,3281.090576171875,3305.2755189937807,3256.9056333499693,3277.059752368224,48209500
2017-10-04,3277.0595703125,3313.336982529982,3268.9979231530597,3313.336982529982,101610500
2017-10-05,3268.998046875,3277.05969433955,3236.7514570168,3277.05969433955,120569000
2017-10-06,3297.2138671875,3309.3063385830533,3240.782334008252,3264.9672767993584,100290500
2017-10-09,3281.090576171875,3289.152223779177,3264.967280957271,3273.028928564573,65156500
2017-10-10,3285.121337890625,3289.152161618098,3256.905571798313,3256.905571798313,55606000
2017-10-11,3285.121337890625,3293.1829853455715,3256.905571798313,3256.905571798313,67298000
2017-10-12,3353.645263671875,3357.6760873060957,3285.1212618901177,3285.1212618901177,103676500
2017-10-13,3333.4912109375,3377.8302717843108,3313.337092370768,3353.6453295042324,55690000
2017-10-16,3341.55322265625,3393.9539366424156,3333.491574350686,3353.6456951145956,54328000
2017-10-17,3305.275634765625,3345.5838742139863,3232.7208037585747,3345.5838742139863,115934500
2017-10-18,3256.906005859375,3337.522491152924,3236.7518845359878,3337.522491152924,124576000
2017-10-19,3277.0595703125,3281.09039389222,3248.843805254459,3256.905452413899,68639000
2017-10-20,3281.090576171875,3377.8303474594977,3281.090576171875,3305.2755189937807,60758000
2017-10-23,3385.892333984375,3446.354697091239,3329.4607950846357,3329.4607950846357,62843500
2017-10-24,3321.399169921875,3426.200600040769,3321.399169921875,3385.8923576873485,65380000
2017-10-25,3393.953369140625,3393.953369140625,3289.151958692102,3321.398546522417,69421500
2017-10-26,3349.6142578125,3385.8916685469317,3321.3984939079423,3353.645081227437,41336000
2017-10-27,3273.029296875,3345.5841335052337,3256.905999846059,3345.5841335052337,101701000
2017-10-30,3293.18359375,3301.2452426943087,3273.029471389229,3277.060295861383,55210500
2017-10-31,3369.768310546875,3373.7991338848497,3309.3059604772543,3357.675840532951,78009000
2017-11-01,3438.293701171875,3446.355351116006,3385.8929765350235,3385.8929765350235,103776500
2017-11-02,3462.477783203125,3486.6627269740434,3450.385311317666,3466.508607164945,95839000
2017-11-03,3389.922607421875,3466.508254914165,3337.52190124294,3466.508254914165,70070000
2017-11-06,3385.892333984375,3418.1389276413693,3385.892333984375,3418.1389276413693,38234000
2017-11-07,3393.953369140625,3397.9841926194144,3345.583487395153,3361.7067813103104,49234500
2017-11-08,3353.645263671875,3406.045970916748,3353.645263671875,3369.768558208759,61518000
2017-11-09,3353.645263671875,3393.953500014085,3349.614440037654,3377.830205477201,51541000
2017-11-10,3329.46044921875,3369.7686871027545,3321.3988016419494,3353.645391949153,79178500
2017-11-13,3301.24462890625,3337.5220424107147,3289.1521577380954,3309.306276351687,56963000
2017-11-14,3301.24462890625,3313.337100074405,3293.1829814608136,3305.2754526289687,54986000
2017-11-15,3389.922607421875,3410.076725183004,3305.275312825134,3321.398607034037,94253500
2017-11-16,3389.922607421875,3418.1383722874552,3377.8301367651975,3418.1383722874552,61512500
2017-11-17,3414.107666015625,3418.1384897063162,3357.6761343459452,3410.0768423249333,126881500
2017-11-20,3389.922607421875,3430.2308429441327,3389.922607421875,3414.1075487352296,90902500
2017-11-21,3406.04638671875,3422.1696832239277,3365.7381454558063,3422.1696832239277,63695000
2017-11-22,3414.107666015625,3422.169313397008,3385.891900180785,3385.891900180785,86719000
2017-11-23,3385.892333984375,3426.2005760556176,3361.7073887416295,3426.2005760556176,66003500
2017-11-24,3385.892333984375,3393.953982398624,3349.614916120257,3365.7382129487537,60888000
2017-11-27,3434.262451171875,3434.2624511718745,3357.6767861809526,3357.6767861809526,78146500
2017-11-28,3434.262451171875,3434.2624511718745,3393.9542064398106,3434.2624511718745,77432000
2017-11-29,3426.979248046875,3451.255370229025,3386.5190444099576,3447.2093498653335,103370500
2017-11-30,3293.4609375,3447.2097281941033,3293.4609375,3447.2097281941033,205897500
2017-12-01,3293.4609375,3293.4609375,3293.4609375,3293.4609375,0
2017-12-04,3366.288818359375,3422.9331013606143,3342.0126970731294,3370.334838573749,128402500
2017-12-05,3398.657470703125,3418.887574695406,3382.4733875093007,3406.749512300037,62670500
2017-12-06,3447.20947265625,3459.3475341796875,3398.6572265625,3422.933349609375,106299500
2017-12-07,3394.611083984375,3447.2093486945023,3378.427002535105,3447.2093486945023,69664000
2017-12-08,3418.88671875,3435.070797892012,3402.702639607988,3414.840698964497,40480000
2017-12-11,3410.795166015625,3439.11730855668,3398.6571049266017,3439.11730855668,32973500
2017-12-12,3439.1171875,3439.1171875,3374.380863970588,3426.979126838235,67854000
2017-12-13,3386.519287109375,3426.9794936459266,3386.519287109375,3426.9794936459266,61131000
2017-12-14,3414.841064453125,3422.9331048902177,3378.426882486208,3386.5189229233006,75550000
2017-12-15,3414.841064453125,3414.841064453125,3382.4729027047542,3382.4729027047542,64630500
2017-12-18,3414.841064453125,3414.841064453125,3374.3808622676615,3382.4729027047542,76474000
2017-12-19,3414.841064453125,3439.117185764403,3390.564943141847,3390.564943141847,76553500
2017-12-20,3386.519287109375,3406.749390377651,3378.4272458020646,3406.749390377651,102963500
2017-12-21,3414.841064453125,3422.9331048902177,3390.564943141847,3390.564943141847,61100000
2017-12-22,3479.5771484375,3507.8992880178052,3394.6107296965843,3426.978889216933,94573000
2017-12-25,3479.5771484375,3479.5771484375,3479.5771484375,3479.5771484375,0
2017-12-26,3479.5771484375,3479.5771484375,3479.5771484375,3479.5771484375,0
2017-12-27,3483.623291015625,3511.9454315929875,3463.3931906032226,3479.5772709331445,86689000
2017-12-28,3548.35986328125,3560.497924387115,3475.5314966460587,3479.577517014681,106501000
2017-12-29,3544.3134765625,3681.8781548765696,3503.853277058362,3568.589596264983,81347000
2018-01-01,3544.3134765625,3544.3134765625,3544.3134765625,3544.3134765625,0
2018-01-02,3544.3134765625,3645.4639753228453,3532.1754167112585,3544.3134765625,82303500
2018-01-03,3544.3134765625,3552.405516463328,3451.2550177029825,3548.3594965129137,68214000
2018-01-04,3596.911376953125,3596.911376953125,3544.313122846949,3544.313122846949,76567000
2018-01-05,3600.957275390625,3625.233391853933,3588.8192171589712,3609.0493142117275,65268000
2018-01-08,3617.141845703125,3653.556025357854,3596.9117458949418,3600.9577658565786,57928000
2018-01-09,3645.464111328125,3649.510131429488,3633.3260510240357,3641.4180912267616,61213000
2018-01-10,3633.326416015625,3677.8326416015625,3613.0963134765625,3645.4644775390625,47292000
2018-01-11,3673.786376953125,3673.786376953125,3609.0500531301623,3633.3261745637733,57569000
2018-01-12,3629.280517578125,3677.8327653049223,3613.0964350025256,3673.7867446610226,66590500
2018-01-15,3637.372314453125,3641.4183348251527,3609.050171848929,3633.326294081097,41875000
2018-01-16,3657.6025390625,3669.7406005859375,3633.326416015625,3633.326416015625,50055000
2018-01-17,3584.7734375,3673.7858704853275,3584.7734375,3673.7858704853275,183003000
2018-01-18,3653.55615234375,3657.6021724460134,3600.9578910143273,3600.9578910143273,84980500
2018-01-19,3633.326416015625,3665.694580078125,3625.234375,3661.6485595703125,50450500
2018-01-22,3637.372314453125,3653.5563959412366,3629.2802737090688,3649.5103755692085,81367500
2018-01-23,3665.6943359375,3673.7863764141835,3645.464234745792,3665.6943359375,68752000
2018-01-24,3653.55615234375,3661.6481925482767,3641.4180920369604,3661.6481925482767,94254500
2018-01-25,3653.55615234375,3665.69421265054,3633.3260518324337,3649.5101322414866,53653500
2018-01-26,3673.786376953125,3698.062498386736,3645.464235280579,3661.6483162363193,58121000
2018-01-29,3689.970703125,3694.0167236328125,3649.510498046875,3689.970703125,114814500
2018-01-30,3689.970703125,3795.167236328125,3665.694580078125,3673.78662109375,114055000
2018-01-31,3677.83203125,3706.1541701045103,3673.7860114136415,3689.970090759076,106803000
2018-02-01,3783.02880859375,3791.1208488260363,3698.062386154746,3698.062386154746,138208000
2018-02-02,3880.133056640625,3997.467632910258,3819.442758570125,3823.488778441492,98474000
2018-02-05,3851.811279296875,3888.225461559135,3803.2590362805277,3843.7192387941504,49501500
2018-02-06,3807.305419921875,3831.581543747094,3770.8912341840464,3795.1673580092656,117589500
2018-02-07,3803.259033203125,3880.1334179168052,3799.213012955037,3827.535154691656,121947000
2018-02-08,3835.626708984375,3851.810787925237,3803.25855110265,3811.3505905730813,68461000
2018-02-09,3815.39599609375,3839.6721105969978,3778.9818243388786,3787.073862506628,71076500
2018-02-12,3803.259033203125,3851.8112761801863,3803.259033203125,3851.8112761801863,38409500
2018-02-13,3851.811279296875,3872.041380553686,3843.7192387941504,3851.8112792968745,59406000
2018-02-14,3835.626708984375,3863.9488471308837,3811.3505905730813,3839.6727287195904,75553000
2018-02-15,3795.167236328125,3872.0416259765625,3795.167236328125,3867.99560546875,52958500
2018-02-16,3795.167236328125,3795.167236328125,3795.167236328125,3795.167236328125,0
2018-02-19,3924.6396484375,3924.6396484375,3827.535162290593,3831.581182546714,50185500
2018-02-20,3888.225830078125,3916.5479745219823,3863.9497062691044,3900.363891982635,34830000
2018-02-21,3888.225830078125,3912.501953887145,3839.6735824600837,3876.0877681736147,62499000
2018-02-22,3867.9951171875,3912.5013371551386,3843.718997205152,3900.3632771639645,47217000
2018-02-23,3924.6396484375,3961.05383074259,3876.0874053640464,3888.2254661324096,82233000
2018-02-26,3807.305419921875,3920.593997772898,3803.2593992843385,3908.4559358602883,85227500
2018-02-27,3811.3505859375,3847.764763510151,3770.8903886345543,3839.672724049562,87429500
2018-02-28,3750.660888671875,3795.1671128092976,3734.476807167358,3787.075072057039,132869000
2018-03-01,3750.660888671875,3758.7529294241335,3738.522827543487,3738.522827543487,125474500
2018-03-02,3702.108154296875,3742.568352704491,3681.878055093067,3734.476313022968,151511000
2018-03-05,3702.108154296875,3770.8904915898224,3702.108154296875,3746.614372545253,87744000
2018-03-06,3685.923583984375,3754.7059121158068,3677.831545380677,3750.659892813958,75907000
2018-03-07,3657.6025390625,3746.614990234375,3645.4644775390625,3738.52294921875,106152000
2018-03-08,3770.891357421875,3787.0754405009384,3681.8789004870237,3722.339108184683,102994500
2018-03-09,3770.891357421875,3770.8913574218745,3718.2930874149174,3770.8913574218745,66797000
2018-03-12,3823.489990234375,3827.536011388062,3778.983757543816,3787.0757998511904,111180500
2018-03-13,3795.167236328125,3835.62744140625,3766.8450927734375,3819.443359375,80643000
2018-03-14,3787.075439453125,3819.443605602297,3758.7532940725996,3799.2135017590645,54505500
2018-03-15,3783.02880859375,3791.1208488260363,3762.7987080130347,3787.074828709893,60774500
2018-03-16,3778.982666015625,3831.580925820982,3722.338386225241,3827.5349058359543,193122000
2018-03-19,3778.982666015625,3783.0286860006527,3754.7065461054603,3770.89062604557,74200000
2018-03-20,3766.84521484375,3770.89123548268,3722.338987815521,3766.84521484375,89683500
2018-03-21,3783.02880859375,3807.3049292906085,3766.844728129178,3778.982788477607,67617500
2018-03-22,3795.167236328125,3803.25927734375,3778.983154296875,3799.2132568359375,60791500
2018-03-23,3851.811279296875,3851.8112792968745,3722.3386312532825,3722.3386312532825,62978000
2018-03-26,3766.84521484375,3795.1673593162595,3754.70715292696,3787.0753180383995,100407000
2018-03-27,3795.167236328125,3847.7655029296875,3791.1212158203125,3827.535400390625,66088000
2018-03-28,3774.936279296875,3795.1663772566653,3746.614142153169,3795.1663772566653,36212500
2018-03-29,3770.891357421875,3774.9373781916406,3694.0169627963214,3746.615232803279,77650500
2018-03-30,3770.891357421875,3770.8913574218745,3770.8913574218745,3770.8913574218745,0
2018-04-02,3787.075439453125,3799.2135017590645,3738.523190229367,3795.167480990418,37162500
2018-04-03,3787.075439453125,3803.259522527711,3774.9373771471855,3783.0294186844785,56261000
2018-04-04,3770.891357421875,3803.259523580002,3726.385128954449,3803.259523580002,49877000
2018-04-05,3730.431396484375,3803.2597751576054,3730.431396484375,3803.2597751576054,22521500
2018-04-06,3677.83203125,3742.568348631738,3657.6019320682067,3742.568348631738,47941500
2018-04-09,3685.923583984375,3706.15368049362,3653.555429569584,3698.0616418899217,51013000
2018-04-10,3770.891357421875,3795.1674820404705,3689.9709420265553,3702.1090043358536,79533500
2018-04-11,3774.936279296875,3827.53453399233,3770.890259704917,3803.2584164405816,41891500
2018-04-12,3746.61474609375,3774.936887802882,3730.430665117103,3774.936887802882,45957000
2018-04-13,3734.38427734375,3775.152664650996,3734.38427734375,3766.998987189547,70179500
2018-04-16,3734.38427734375,3734.38427734375,3734.38427734375,3734.38427734375,0
2018-04-17,3734.38427734375,3734.38427734375,3734.38427734375,3734.38427734375,0
2018-04-18,3746.614990234375,3746.614990234375,3705.8466007867755,3722.1539565658154,43716000
2018-04-19,3746.614990234375,3746.614990234375,3746.614990234375,3746.614990234375,0
2018-04-20,3746.614990234375,3746.614990234375,3746.614990234375,3746.614990234375,0
2018-04-23,3750.69140625,3783.3061141304347,3738.460890794837,3783.3061141304347,46236000
2018-04-24,3738.461181640625,3771.0758920584276,3730.307504036174,3766.9990532562024,72223500
2018-04-25,3738.461181640625,3738.461181640625,3738.461181640625,3738.461181640625,0
2018-04-26,3738.461181640625,3738.461181640625,3738.461181640625,3738.461181640625,0
2018-04-27,3738.461181640625,3738.461181640625,3738.461181640625,3738.461181640625,0
2018-04-30,3603.92578125,3652.847850678733,3497.9279641544117,3506.081642392534,90414000
2018-05-01,3603.92578125,3603.92578125,3603.92578125,3603.92578125,0
2018-05-02,3734.38427734375,3734.38427734375,3603.9254379605622,3603.9254379605622,82346000
2018-05-03,3636.5400390625,3730.3073270652326,3636.5400390625,3718.0768112387896,138704500
2018-05-04,3591.6953125,3640.617382590806,3587.618473325766,3636.540543416572,74133500
2018-05-07,3636.5400390625,3636.5400390625,3555.003266886211,3595.7716529743557,49054500
2018-05-08,3591.6953125,3591.6953125,3538.69640323496,3587.618473325766,70739000
2018-05-09,3734.38427734375,3734.38427734375,3510.158147153896,3510.158147153896,72094000
2018-05-10,3734.38427734375,3734.38427734375,3734.38427734375,3734.38427734375,0
2018-05-11,3709.92333984375,3758.8454058636676,3677.3086291638047,3709.92333984375,80000500
2018-05-14,3746.614990234375,3746.614990234375,3640.6171776706165,3661.001372394416,57370500
2018-05-15,3620.23291015625,3701.7696874120215,3587.6181992539414,3697.692848549233,130583000
2018-05-16,3648.770263671875,3652.847101955307,3571.310336286662,3571.310336286662,87185000
2018-05-17,3587.617919921875,3632.4631439208983,3587.617919921875,3620.2326282848007,84030500
2018-05-18,3538.696533203125,3591.6954444146927,3538.696533203125,3587.618605090726,88681000
2018-05-21,3530.542236328125,3542.772752158361,3502.0043660575743,3514.2348818878104,82237000
2018-05-22,3587.617919921875,3603.925274103338,3538.6958573774855,3579.464242831143,62761000
2018-05-23,3587.617919921875,3644.6936595569955,3587.617919921875,3603.925274103338,79515500
2018-05-24,3661.00146484375,3689.5393381777217,3632.463591509779,3636.540430557489,77697000
2018-05-25,3677.30859375,3697.6927877286585,3648.770722179878,3656.924399771341,63913500
2018-05-28,3726.230224609375,3750.6912545302243,3652.847134846827,3669.1544881273935,64104500
2018-05-29,3726.230224609375,3726.230224609375,3726.230224609375,3726.230224609375,0
2018-05-30,3701.76953125,3746.6147568488436,3661.0011443419608,3726.230563394824,109761500
2018-05-31,3701.76953125,3742.5379181580397,3661.0011443419608,3730.307402085628,178023000
2018-06-01,3701.76953125,3701.76953125,3701.76953125,3701.76953125,0
2018-06-04,3738.461181640625,3746.6148592450754,3718.0769876294985,3742.53802044285,89585000
2018-06-05,3705.845947265625,3738.460653072143,3652.847050330033,3718.0764619430693,77233000
2018-06-06,3754.7685546875,3775.152748795467,3689.539133542006,3705.8464888283793,57913500
2018-06-07,3746.614990234375,3775.1528628476945,3734.384473400095,3775.1528628476945,40681500
2018-06-08,3628.385986328125,3750.691131934691,3603.9249572068115,3726.2301028133775,170845000
2018-06-11,3628.385986328125,3628.385986328125,3628.385986328125,3628.385986328125,0
2018-06-12,3628.385986328125,3628.385986328125,3628.385986328125,3628.385986328125,0
2018-06-13,3628.385986328125,3628.385986328125,3628.385986328125,3628.385986328125,0
2018-06-14,3628.385986328125,3628.385986328125,3628.385986328125,3628.385986328125,0
2018-06-15,3628.385986328125,3628.385986328125,3628.385986328125,3628.385986328125,0
2018-06-18,3628.385986328125,3628.385986328125,3628.385986328125,3628.385986328125,0
2018-06-19,3628.385986328125,3628.385986328125,3628.385986328125,3628.385986328125,0
2018-06-20,3506.0810546875,3591.6946618368456,3449.005316587936,3587.6178234011627,253439000
2018-06-21,3449.005615234375,3579.4644564725545,3449.005615234375,3526.465552219544,90593500
2018-06-22,3575.3876953125,3575.3876953125,3440.8520123645953,3489.774078891106,96509500
2018-06-25,3620.23291015625,3665.0781376469245,3559.0803272144217,3575.387682665576,62513000
2018-06-26,3485.69677734375,3636.539795778509,3485.69677734375,3603.925089089912,54763500
2018-06-27,3481.62060546875,3538.696353099385,3481.62060546875,3489.7742837016976,67309500
2018-06-28,3416.390869140625,3485.6971278224755,3412.314030394634,3485.6971278224755,118098500
2018-06-29,3502.0048828125,3502.0048828125,3396.007063309444,3416.391259367724,119188000
2018-07-02,3497.927001953125,3530.54170593404,3493.8501639555107,3530.54170593404,59441500
2018-07-03,3359.3154296875,3526.465833349135,3359.3154296875,3522.3889942354367,73038000
2018-07-04,3461.236572265625,3489.7744474197584,3375.6229468032243,3420.4681791882913,61994500
2018-07-05,3461.236572265625,3473.467090188825,3424.5450184960246,3432.698697111491,34144000
2018-07-06,3412.314453125,3432.6986493802274,3412.314453125,3420.4681316270908,37609000
2018-07-09,3571.310546875,3587.6179009703196,3436.774875588613,3457.1590682077626,80049500
2018-07-10,3571.310546875,3587.6179009703196,3489.773776398402,3563.1568698273404,116639500
2018-07-11,3640.61767578125,3661.001873294023,3506.0819721969483,3506.0819721969483,95570000
2018-07-12,3722.154541015625,3734.3850597703313,3616.1567118081703,3620.233551393072,79008000
2018-07-13,3754.7685546875,3762.9222323306867,3718.0770052931593,3750.691715865906,73936000
2018-07-16,3771.075927734375,3771.075927734375,3734.3843781672294,3758.845411211993,71571000
2018-07-17,3705.845947265625,3750.6911677495873,3673.231241459107,3738.460653072143,30322000
2018-07-18,3783.305908203125,3783.3059082031245,3742.537525571626,3742.537525571626,80090500
2018-07-19,3783.305908203125,3783.3059082031245,3758.844878624225,3766.998555150525,76925500
2018-07-20,3766.998291015625,3775.1519669702043,3738.4604251745973,3775.1519669702043,57104000
2018-07-23,3807.76708984375,3832.228120399491,3766.9987055841807,3783.3060592880083,70157500
2018-07-24,3836.3056640625,3836.3056640625,3799.6141114837937,3832.228824887088,88291000
2018-07-25,3844.4580078125,3844.4580078125,3819.996981251657,3836.304332292219,50131500
2018-07-26,3803.68994140625,3852.6119985304463,3787.382589031518,3787.382589031518,54317500
2018-07-27,3787.38330078125,3807.7674950803953,3771.075945341933,3799.6138173607374,46642500
2018-07-30,3795.537353515625,3815.921549828813,3750.6921216266114,3815.921549828813,40096500
2018-07-31,3795.537353515625,3799.614192778263,3693.6163719496844,3783.306835727712,66803000
2018-08-01,3828.15234375,3828.15234375,3791.4607877396165,3815.921825079872,56594000
2018-08-02,3824.074951171875,3897.4580525802908,3824.0749511718755,3848.5359849746806,79333000
2018-08-03,3824.074951171875,3856.689662908949,3807.7675953033386,3824.0749511718755,41404000
2018-08-06,3881.150390625,3881.150390625,3815.9209722951678,3815.9209722951678,63000500
2018-08-07,3881.150390625,3893.3809065618434,3864.843036042542,3864.843036042542,114379000
2018-08-08,3901.53515625,3905.6119954937303,3840.382567594044,3897.4583170062697,64702500
2018-08-09,3930.072998046875,3930.072998046875,3897.4582843701373,3913.765641208506,65947500
2018-08-10,3893.380615234375,3925.9953219588515,3864.842746850458,3913.7648069371726,80348000
2018-08-13,3803.68994140625,3840.381484249397,3758.8447223757366,3836.304646155714,80184000
2018-08-14,3832.228515625,3897.457937167553,3754.7685775432183,3824.074837932181,85527500
2018-08-15,3824.074951171875,3848.5359849746806,3799.61391736907,3848.5359849746806,57330500
2018-08-16,3811.84423828125,3828.15159331133,3783.3063669786093,3824.0747545538097,52903500
2018-08-17,3811.84423828125,3811.8442382812495,3811.8442382812495,3811.8442382812495,0
2018-08-20,3897.45751953125,3897.4575195312505,3819.9975897497716,3832.228104978426,96832000
2018-08-21,3893.380615234375,3909.6879685966132,3889.303776893815,3889.303776893815,67938000
2018-08-22,3893.380615234375,3893.380615234375,3893.380615234375,3893.380615234375,0
2018-08-23,4007.5322265625,4019.762742004705,3877.0733951789803,3881.150233659715,145868000
2018-08-24,4089.069580078125,4154.299005084356,4007.532798820336,4011.6096378832253,103975000
2018-08-27,4040.146484375,4133.913758987134,4023.839132268542,4093.145378720989,91285000
2018-08-28,4072.76220703125,4093.146402261637,4003.4559432479355,4093.146402261637,63353500
2018-08-29,4044.22412109375,4044.22412109375,3991.225216281029,3995.302055112777,87695500
2018-08-30,4089.069580078125,4101.300097266793,4064.6085457007885,4072.7622238265676,96273500
2018-08-31,4044.22412109375,4084.9925094112273,4044.22412109375,4076.8388317477315,111563000
2018-09-03,4040.146484375,4089.0685406943744,4011.6086181886985,4084.99170266776,38489500
2018-09-04,4036.07080078125,4060.5318359374996,3995.3024088541665,4048.301318359375,42271500
2018-09-05,3913.765625,3995.3024088541665,3856.689876302083,3995.3024088541665,95608500
2018-09-06,4027.916748046875,4109.453524323128,3848.5358402391194,3917.842100073934,95265000
2018-09-07,4052.377197265625,4052.377197265625,3974.917270959743,4048.3003590389994,72551500
2018-09-10,4036.07080078125,4036.0708007812495,3938.2266601562496,4011.609765625,66696500
2018-09-11,4036.07080078125,4036.0708007812495,4036.0708007812495,4036.0708007812495,0
2018-09-12,3897.45751953125,4048.3005406846564,3885.2270043025956,4036.070025456002,87900500
2018-09-13,3913.765625,3974.9182128906245,3897.4582682291666,3946.3803385416663,94051000
2018-09-14,3909.68798828125,3946.379533531022,3864.8427663093066,3897.457473197993,72473500
2018-09-17,3901.53515625,3909.6888347374606,3872.997281543887,3872.997281543887,39478000
2018-09-18,3913.765625,3954.534016927083,3864.8435546875,3864.8435546875,75119500
2018-09-19,3913.765625,3950.457177734375,3885.2277506510413,3925.996142578125,111558500
2018-09-20,3905.61181640625,3950.457046030956,3897.4581382926667,3946.3802069741646,60786000
2018-09-21,3864.8427734375,3938.2258640723894,3864.8427734375005,3897.4574803863397,152052000
2018-09-24,3901.53515625,3925.9961917123824,3881.150960031348,3897.4583170062697,59902000
2018-09-25,3901.53515625,3913.765673981191,3885.2277992750783,3913.765673981191,42771000
2018-09-26,3946.379150390625,3962.686502251743,3881.1497429461515,3881.1497429461515,71715500
2018-09-27,3913.765625,3934.1498209635415,3889.30458984375,3897.4582682291666,71001000
2018-09-28,3938.2265625,3938.2265625,3897.458171583851,3897.458171583851,96975000
2018-10-01,3905.61181640625,3946.3802069741646,3905.61181640625,3913.765494519833,36388000
2018-10-02,3905.61181640625,3946.3802069741646,3872.997103951918,3925.996011690207,50639500
2018-10-03,3901.53515625,3909.6888347374606,3868.9204423001565,3872.997281543887,33524500
2018-10-04,3848.5361328125,3901.5350414211466,3832.2287763175314,3901.5350414211466,67869500
2018-10-05,3758.84619140625,3840.3829851460823,3746.6156723452755,3840.3829851460823,98249500
2018-10-08,3824.074951171875,3905.611730514559,3762.9223666648622,3762.9223666648622,57250000
2018-10-09,3872.996826171875,3872.996826171875,3815.9210834703945,3832.2284385279604,36940000
2018-10-10,3811.84423828125,3934.1494010068513,3791.4600444936495,3897.457852189171,59394500
2018-10-11,3705.845947265625,3799.613226459365,3665.0775650074775,3750.6911677495873,102336000
2018-10-12,3791.46044921875,3828.152001953125,3750.6920572916665,3750.6920572916665,82574500
2018-10-15,3889.304443359375,3889.304443359375,3828.1518577719635,3832.2286968111243,65950000
2018-10-16,3930.072998046875,3930.072998046875,3832.2288570166625,3889.304605950953,47449000
2018-10-17,3917.84228515625,3942.3033191946865,3877.073895092189,3938.22648018828,38359000
2018-10-18,3848.5361328125,3893.3813631736625,3848.5361328124995,3881.1508458024364,29360500
2018-10-19,3811.84423828125,3856.6894646139704,3787.3832057361296,3799.6137220086894,45219500
2018-10-22,3775.15283203125,3848.535932437905,3775.15283203125,3811.8443822345776,63484000
2018-10-23,3742.53857421875,3819.998522922624,3730.308056002349,3815.921683517157,62162500
2018-10-24,3693.615966796875,3775.1527431058566,3693.615966796875,3750.691710213162,59493500
2018-10-25,3734.38427734375,3779.229503381721,3616.1559541527363,3616.1559541527363,87732500
2018-10-26,3848.5361328125,3848.5361328124995,3750.6919938426904,3766.9993503376586,83994000
2018-10-29,3771.075927734375,3840.3821880278715,3771.075927734375,3799.6137996199323,34553000
2018-10-30,3832.228515625,3856.6895487034576,3766.999094082447,3771.075932928856,68882500
2018-10-31,3856.689453125,3893.3810018333775,3832.2284206527484,3872.996808106501,128908500
2018-11-01,3881.150390625,3921.918777081145,3868.919874688156,3889.3040679162286,117906500
2018-11-02,3913.765625,3942.303499348958,3881.150911458333,3913.7656249999995,114054500
2018-11-05,3942.302734375,3954.533249579886,3905.611188760341,3913.7648655635985,76754500
2018-11-06,3978.99560546875,4031.994522344871,3954.5345669105404,3962.688246429944,94410500
2018-11-07,3930.072998046875,4011.6097822387187,3897.4582843701373,4011.6097822387187,83875500
2018-11-08,3913.765625,3995.3024088541665,3897.4582682291666,3978.995052083333,99739000
2018-11-09,3913.765625,3921.9193033854162,3901.5351074218747,3913.7656249999995,62938500
2018-11-12,3864.8427734375,3942.3027024409944,3864.8427734375005,3938.2258640723894,65125000
2018-11-13,3925.99560546875,3930.0724441037123,3807.7672850548415,3864.8430259443144,61231500
2018-11-14,3921.91943359375,3954.5341482182303,3897.45839762539,3925.99627292181,68511500
2018-11-15,3942.302734375,3970.840603186401,3905.611188760341,3958.610087981515,87085500
2018-11-16,4048.301025390625,4060.5315420836478,3962.6874085394634,3970.841086334812,134145500
2018-11-19,4093.146728515625,4142.0688009680025,4060.5320135473726,4076.8393710314986,103822500
2018-11-20,4093.146728515625,4093.1467285156245,4093.1467285156245,4093.1467285156245,0
2018-11-21,4044.22412109375,4084.9925094112273,4040.147282262002,4076.8388317477315,107889000
2018-11-22,4093.146728515625,4109.4540859997505,4027.9172985791206,4027.9172985791206,87270000
2018-11-23,4093.146728515625,4150.222479710065,4056.455174176341,4125.761443483877,57460000
2018-11-26,4113.53076171875,4142.068636180625,4044.224495168484,4044.224495168484,64336500
2018-11-27,4158.375,4158.375,4076.8382352941176,4109.452941176471,73989000
2018-11-28,4150.22216796875,4178.760041422366,4142.0684898391455,4178.760041422366,90687500
2018-11-29,4272.5263671875,4272.5263671875,4158.37489936188,4158.37489936188,113847500
2018-11-30,4248.06689453125,4272.52793231166,4203.221658600498,4272.52793231166,178034500
2018-12-03,4221.07080078125,4413.309490351714,4171.988582167514,4266.062834510508,100923000
2018-12-04,4286.51318359375,4331.505211284142,4216.980049890416,4221.0702342259065,119232500
2018-12-05,4278.33349609375,4278.33349609375,4184.259241399528,4188.349426386233,74994000
2018-12-06,4302.875,4302.875,4188.349809885932,4229.251663498098,75450000
2018-12-07,4245.6123046875,4261.973045746026,4221.071193099711,4245.6123046875,71070000
2018-12-10,4237.4306640625,4257.881584255852,4188.348455598456,4188.348455598456,81221000
2018-12-11,4221.07080078125,4253.7922798570735,4192.439506589904,4196.529691474382,93017000
2018-12-12,4225.16015625,4245.611076657793,4196.52886767909,4245.611076657793,121623000
2018-12-13,4225.16015625,4257.881628902468,4208.7994199237655,4253.791444820909,84280500
2018-12-14,4225.16015625,4237.430708494676,4204.709235842207,4221.069972168441,184435000
2018-12-17,4225.16015625,4253.791444820909,4212.889604005324,4241.5208925762345,101438500
2018-12-18,4143.35693359375,4184.258778940183,4073.823796504812,4171.988225336253,132039000
2018-12-19,4278.33349609375,4278.33349609375,4122.906466598948,4122.906466598948,102220500
2018-12-20,4184.25927734375,4229.251312584005,4147.447612147177,4188.3494623655915,94455000
2018-12-21,4229.251953125,4233.34213876632,4122.9071264506765,4122.9071264506765,89979500
2018-12-24,4229.251953125,4229.251953125,4229.251953125,4229.251953125,0
2018-12-25,4229.251953125,4229.251953125,4229.251953125,4229.251953125,0
2018-12-26,4274.2421875,4274.2421875,4204.709061004784,4229.250164473684,66511500
2018-12-27,4249.70263671875,4298.784861589419,4237.432080501083,4286.514305371752,50265500
2018-12-28,4253.79248046875,4286.51396108774,4237.431740159254,4249.7022953913765,54467500
2018-12-31,4253.79248046875,4253.79248046875,4253.79248046875,4253.79248046875,0
2019-01-01,4253.79248046875,4253.79248046875,4253.79248046875,4253.79248046875,0
2019-01-02,4286.51318359375,4290.60336792924,4253.791708909828,4253.791708909828,35956000
2019-01-03,4237.4306640625,4270.152136371863,4184.2582715597855,4253.791400217182,72358000
2019-01-04,4257.8828125,4257.8828125,4192.439849003363,4233.341701188761,51465000
2019-01-07,4290.60498046875,4356.047954432048,4290.60498046875,4306.9657239595745,73438000
2019-01-08,4286.51318359375,4351.9561329615935,4257.881893245319,4278.33281492277,66247500
2019-01-09,4298.78369140625,4351.956087208611,4274.242585651315,4335.595350038654,84871000
2019-01-10,4298.78369140625,4335.595350038654,4245.61129560389,4335.595350038654,114314500
2019-01-11,4294.693359375,4335.595200892857,4282.422806919642,4319.234464285714,84826500
2019-01-14,4253.79248046875,4282.423776010366,4212.890629695012,4270.153220778245,87547500
2019-01-15,4302.875,4302.875,4245.612404942965,4278.3338878326995,87763000
2019-01-16,4323.3251953125,4323.3251953125,4290.603717959141,4302.874271966651,94972500
2019-01-17,4360.13671875,4360.13671875,4323.325057897514,4327.415242436679,91654000
2019-01-18,4437.8505859375,4437.8505859375,4347.8665187572005,4368.31744311636,100873500
2019-01-21,4536.0146484375,4581.006678313796,4409.218927877029,4437.85021961649,87118000
2019-01-22,4581.00732421875,4597.368064662389,4458.301770891462,4581.00732421875,91907000
2019-01-23,4499.203125,4581.006818181818,4478.752201704546,4581.006818181818,98512500
2019-01-24,4466.4814453125,4486.932367681147,4380.587571364183,4441.940338470124,106781000
2019-01-25,4499.203125,4515.563863636364,4417.399431818182,4417.399431818182,68944000
2019-01-28,4495.1123046875,4511.473041010293,4478.751568364706,4511.473041010293,69704000
2019-01-29,4531.92578125,4540.106152696299,4450.122066787004,4454.212252510153,77679000
2019-01-30,4515.56396484375,4548.285442849864,4495.113041089929,4548.285442849864,76285000
2019-01-31,4609.6376953125,4613.727879602928,4515.563456632653,4515.563456632653,135904500
2019-02-01,4609.6376953125,4703.7119339923465,4548.284930956078,4646.449353926353,57719500
2019-02-04,4499.203125,4609.638110795455,4499.203125,4609.638110795455,113846500
2019-02-05,4499.203125,4499.203125,4499.203125,4499.203125,0
2019-02-06,4527.83447265625,4531.924657365063,4495.112994985744,4499.203179694557,121996500
2019-02-07,4523.7451171875,4527.835302646078,4503.294189894609,4527.835302646078,63697500
2019-02-08,4515.56396484375,4527.834519096043,4499.2032258406925,4523.744334345279,65268500
2019-02-11,4495.1123046875,4523.743593252389,4466.481016122611,4515.563225090991,37639000
2019-02-12,4466.4814453125,4523.744027944712,4458.301076365042,4523.744027944712,95883500
2019-02-13,4433.76025390625,4491.0228402113125,4425.579884434098,4466.481731794857,103115500
2019-02-14,4401.0380859375,4421.489006411187,4401.0380859375,4421.489006411187,108738500
2019-02-15,4384.67822265625,4425.5800717481925,4364.227298110279,4384.67822265625,81340000
2019-02-18,4482.84228515625,4499.203023423243,4425.579701221773,4425.579701221773,62991000
2019-02-19,4401.0380859375,4482.841767832249,4401.0380859375,4433.759558695399,64469000
2019-02-20,4499.203125,4576.916633522727,4450.120909090909,4458.301278409091,89583000
2019-02-21,4503.29345703125,4548.285489753633,4474.662163480642,4531.924750581858,54561500
2019-02-22,4491.0234375,4519.654734460382,4466.482325819672,4478.752881659836,48271500
2019-02-25,4491.0234375,4499.203808060109,4462.392140539617,4491.0234375,47887000
2019-02-26,4544.1953125,4544.1953125,4495.11309490324,4499.203279702971,98446000
2019-02-27,4552.376953125,4556.467139066712,4536.016209358154,4552.376953125,78519500
2019-02-28,4511.474609375,4564.647020908885,4507.384423872393,4556.466649903672,99366000
2019-03-01,4531.92578125,4581.0080099277975,4527.83559552685,4552.376709865749,72589500
2019-03-04,4527.83447265625,4531.924657365063,4511.473733820997,4515.56391852981,63910500
2019-03-05,4495.1123046875,4503.2926728488965,4450.120279799818,4499.202488768198,46499500
2019-03-06,4491.0234375,4544.19584614071,4491.0234375,4544.19584614071,37777000
2019-03-07,4491.0234375,4491.0234375,4491.0234375,4491.0234375,0
2019-03-08,4450.12109375,4556.465899299173,4450.12109375,4536.014975155102,61126000
2019-03-11,4503.29345703125,4523.74438099597,4466.481793894754,4523.74438099597,32469000
2019-03-12,4499.203125,4531.9246022727275,4458.301278409091,4531.9246022727275,40178500
2019-03-13,4499.203125,4503.2933096590905,4458.301278409091,4458.301278409091,17722000
2019-03-14,4482.84228515625,4495.112838856495,4458.301177755759,4458.301177755759,41096000
2019-03-15,4531.92578125,4536.01596697315,4486.933738295352,4515.565038357401,41759500
2019-03-18,4540.10498046875,4548.285349802928,4527.834426467483,4544.1951651358395,42791000
2019-03-19,4491.0234375,4536.015475580601,4486.933252219945,4531.925290300546,51527000
2019-03-20,4474.662109375,4544.1952500142825,4470.571924631513,4531.92469578382,42388500
2019-03-21,4478.7529296875,4515.56459760274,4470.572559039669,4491.023485659246,39866000
2019-03-22,4486.93310546875,4499.2036609075885,4470.572364883631,4470.572364883631,29601000
2019-03-25,4462.3916015625,4499.203264636802,4450.1210472043995,4450.1210472043995,23054500
2019-03-26,4474.662109375,4507.383587322897,4462.391555144539,4482.842478861974,19895500
2019-03-27,4486.93310546875,4507.3840312001485,4466.4821797373515,4507.3840312001485,17804500
2019-03-28,4474.662109375,4486.932663605462,4437.850446683615,4466.481739888026,32187500
2019-03-29,4507.38330078125,4523.74403871512,4466.481455946574,4511.473485264717,36234000
2019-04-01,4499.203125,4540.104971590909,4482.842386363636,4540.104971590909,21786000
2019-04-02,4499.203125,4556.465710227273,4482.842386363636,4523.744232954546,36853000
2019-04-03,4499.203125,4499.203125,4499.203125,4499.203125,0
2019-04-04,4531.92578125,4548.2865241426,4491.023924018502,4531.92578125,48112000
2019-04-05,4523.7451171875,4548.28622993897,4519.654931728922,4548.28622993897,21913500
2019-04-08,4482.84228515625,4531.924499957231,4458.301177755759,4503.293207989992,39910000
2019-04-09,4527.83447265625,4540.1050267826895,4511.473733820997,4527.83447265625,29447000
2019-04-10,4519.654296875,4544.1954061792985,4511.473927106901,4540.105221295249,19508500
2019-04-11,4482.84228515625,4548.2852382242245,4482.84228515625,4548.2852382242245,25356000
2019-04-12,4499.203125,4507.383494318182,4466.4816477272725,4466.4816477272725,18577000
2019-04-15,4503.29345703125,4556.465859339521,4491.022902652418,4548.285489753633,68152000
2019-04-16,4495.1123046875,4503.2926728488965,4478.751568364706,4495.1123046875,71017000
2019-04-17,4495.1123046875,4495.1123046875,4495.1123046875,4495.1123046875,0
2019-04-18,4601.45703125,4748.70365625,4564.645375,4581.006111111111,129332500
2019-04-19,4601.45703125,4601.45703125,4601.45703125,4601.45703125,0
2019-04-22,4601.45703125,4646.449055555556,4568.7355590277775,4601.45703125,62837500
2019-04-23,4605.548828125,4670.9917954873445,4576.917529903974,4646.450682726466,48654000
2019-04-24,4647.64990234375,4655.905053147202,4622.884449933393,4655.905053147202,46975000
2019-04-25,4618.7568359375,4639.394712773682,4560.970780796191,4569.225931530664,61482500
2019-04-26,4639.3935546875,4660.031426372053,4598.117811318394,4610.500534329126,66204500
2019-04-29,4693.05322265625,4701.308373443684,4618.756865569344,4631.139591750495,65480500
2019-04-30,4746.7109375,4754.966086956521,4680.669741847826,4680.669741847826,107607500
2019-05-01,4746.7109375,4746.7109375,4746.7109375,4746.7109375,0
2019-05-02,4693.05322265625,4796.242607499175,4684.798071868816,4787.987456711741,80879500
2019-05-03,4684.79736328125,4746.710984822412,4635.266466048321,4688.924938050661,58244500
2019-05-06,4639.3935546875,4672.414149382785,4618.755683002947,4622.883257339858,36649500
2019-05-07,4672.41552734375,4713.691282885656,4664.160376235369,4684.798254006321,59177000
2019-05-08,4705.43505859375,4705.43505859375,4618.755991724917,4622.8835663377195,59062000
2019-05-09,4647.64990234375,4705.435957967918,4643.522326942024,4705.435957967918,126636500
2019-05-10,4631.1396484375,4688.925704656863,4622.88449754902,4631.1396484375,76130500
2019-05-13,4631.1396484375,4701.308430989584,4622.88449754902,4688.925704656863,63720500
2019-05-14,4536.2041015625,4647.648606332462,4536.2041015625,4589.862566822111,114800500
2019-05-15,4507.31103515625,4585.734945108602,4494.9283125321945,4585.734945108602,72065000
2019-05-16,4358.71923828125,4523.8222397312975,4358.71923828125,4507.311939586292,87939000
2019-05-17,4276.1669921875,4383.483924423866,4276.1669921875,4358.718478523166,74207000
2019-05-20,4441.27001953125,4449.525168266438,4243.1464498867335,4276.167044827486,54764500
2019-05-21,4507.31103515625,4536.20405461238,4457.780144660028,4515.566183572287,97371000
2019-05-22,4507.31103515625,4565.09707406851,4457.780144660028,4565.09707406851,38519000
2019-05-23,4627.01123046875,4627.01123046875,4408.249771757917,4490.801265611061,54926000
2019-05-24,4631.1396484375,4647.649950214461,4627.01207299326,4631.1396484375,37402000
2019-05-27,4693.05322265625,4705.435948837401,4565.098385451022,4569.225960844739,68564000
2019-05-28,4734.32861328125,4763.2216388200195,4668.287412049777,4668.287412049777,209923000
2019-05-29,4738.45556640625,4866.410376997359,4730.2004173358555,4787.986460828614,133044500
2019-05-30,4738.45556640625,4738.45556640625,4738.45556640625,4738.45556640625,0
2019-05-31,4804.49755859375,4845.773310815346,4734.328779817037,4738.456355039197,96875000
2019-06-03,4804.49755859375,4804.49755859375,4804.49755859375,4804.49755859375,0
2019-06-04,4804.49755859375,4804.49755859375,4804.49755859375,4804.49755859375,0
2019-06-05,4804.49755859375,4804.49755859375,4804.49755859375,4804.49755859375,0
2019-06-06,4804.49755859375,4804.49755859375,4804.49755859375,4804.49755859375,0
2019-06-07,4804.49755859375,4804.49755859375,4804.49755859375,4804.49755859375,0
2019-06-10,4854.0283203125,5109.937976655506,4796.242268880208,4953.090122767857,179238000
2019-06-11,4878.79296875,4920.068712986464,4825.134501242597,4870.537819902707,72901000
2019-06-12,4825.13525390625,4870.538579648738,4804.497378568755,4821.007678838751,69255500
2019-06-13,4792.11474609375,4858.155948451631,4779.732020651647,4858.155948451631,78802500
2019-06-14,4787.98779296875,4825.135974121094,4779.732641601562,4825.135974121094,57220500
2019-06-17,4783.85986328125,4821.008041684642,4779.732287903095,4796.242589415714,83624000
2019-06-18,4870.5380859375,4870.5380859375,4783.859018306409,4783.859018306409,78788000
2019-06-19,4903.55859375,4920.068892045455,4862.282848011364,4870.537997159091,66944500
2019-06-20,4878.79296875,4903.558415291878,4792.113905853426,4870.537819902707,59504500
2019-06-21,4854.0283203125,4899.431646437872,4821.007719494048,4878.79377092634,144149000
2019-06-24,4849.900390625,4870.53826462766,4841.645241023936,4866.410689827128,30084000
2019-06-25,4878.79296875,4920.068712986464,4849.899947784475,4895.3032664445855,40561500
2019-06-26,4841.6455078125,4903.559133232097,4837.517932784527,4903.559133232097,59334500
2019-06-27,4899.431640625,4899.431640625,4792.114688092354,4829.262863969039,77525000
2019-06-28,4948.962890625,4948.962890625,4920.069862906589,4936.580164459967,80919000
2019-07-01,4944.83447265625,4973.727495451403,4924.196599231141,4948.9620473412715,56612500
2019-07-02,4953.0908203125,4953.0908203125,4911.8150634765625,4944.835668945312,48563500
2019-07-03,4953.0908203125,4953.0908203125,4903.559912109375,4911.8150634765625,43640000
2019-07-04,4944.83447265625,4961.344771396338,4924.196599231141,4953.089622026294,28224500
2019-07-05,4928.32373046875,4969.599473605004,4928.32373046875,4969.599473605004,32722500
2019-07-08,4854.0283203125,4920.069521949405,4841.645595005581,4899.431646437872,38361000
2019-07-09,4953.0908203125,4953.0908203125,4845.773852539062,4845.773852539062,47740500
2019-07-10,4953.0908203125,4986.11142578125,4948.963244628906,4953.0908203125,52183500
2019-07-11,4973.72802734375,4973.72802734375,4936.579851205913,4969.600452217323,34279500
2019-07-12,4961.34521484375,4977.855515059536,4948.9624896819105,4953.090064735857,29838000
2019-07-15,5039.7685546875,5048.023703835228,4981.982510653409,5002.620383522728,61453500
2019-07-16,5023.2587890625,5039.76908910872,5010.876064027835,5019.131214050945,38075000
2019-07-17,5076.91650390625,5076.91650390625,4990.237441644436,5019.130462398374,45487000
2019-07-18,5072.78955078125,5093.427425275885,4998.4932026005645,5035.641376690907,43625500
2019-07-19,5118.19287109375,5126.448020885837,5076.917122133316,5114.065296197707,43973500
2019-07-22,5192.48828125,5192.48828125,5118.191946542131,5167.722836347377,37314500
2019-07-23,5147.08642578125,5192.48975431661,5122.320973852872,5151.214001102646,39129500
2019-07-24,5159.46923828125,5171.851964453125,5089.300456640625,5167.7243890625,51343500
2019-07-25,5159.46923828125,5180.107115234375,5118.1934843750005,5175.97953984375,53477500
2019-07-26,5114.0654296875,5159.468754729116,5109.937854683717,5159.468754729116,51797500
2019-07-29,5109.93701171875,5142.957606301747,5085.171565781502,5134.702457655997,68509500
2019-07-30,5134.703125,5159.468574155949,5109.937675844052,5122.320400422026,38225500
2019-07-31,5109.93701171875,5151.212754947495,5101.681863073,5109.93701171875,64129000
2019-08-01,5126.44775390625,5175.978650079257,5105.80988050083,5109.937455181914,78228000
2019-08-02,5089.30078125,5122.321386481144,5085.173205596107,5085.173205596107,62989500
2019-08-05,4953.0908203125,5130.576574707031,4953.0908203125,5130.576574707031,90924000
2019-08-06,4854.0283203125,4915.941946847098,4759.09409295945,4854.0283203125,183296000
2019-08-07,4961.34521484375,4994.365815275322,4874.6661387108725,4932.452189466124,92102000
2019-08-08,4957.21728515625,5019.130906536219,4936.579411362926,4961.344859914914,58295500
2019-08-09,5006.748046875,5052.15136799258,4998.492897580894,4998.492897580894,48118500
2019-08-12,4986.11083984375,5019.13144143212,4953.09023825538,5010.876291035027,52705000
2019-08-13,4965.47216796875,4986.110040653574,4953.089444357855,4953.089444357855,84406000
2019-08-14,4961.34521484375,5002.620965383216,4936.57976452007,4986.110665167429,81942000
2019-08-15,4953.0908203125,4953.0908203125,4837.518701171875,4887.049609375,52561500
2019-08-16,4920.06982421875,4986.111029912961,4920.06982421875,4986.111029912961,49821500
2019-08-19,4965.47216796875,4977.854891579645,4924.1964225991005,4977.854891579645,30619000
2019-08-20,4940.7060546875,4981.981794492743,4940.7060546875,4981.981794492743,58393500
2019-08-21,4932.4521484375,4957.217598555178,4932.4521484375,4953.090023535565,55927500
2019-08-22,4953.0908203125,4953.0908203125,4887.049609375,4891.177185058594,65888000
2019-08-23,4948.962890625,4948.962890625,4874.6665336348,4887.049259799834,33083500
2019-08-26,4944.83447265625,4953.089622026294,4837.51753084568,4903.55872580603,41388500
2019-08-27,4957.21728515625,4986.110308466902,4911.813962810938,4986.110308466902,123780000
2019-08-28,4948.962890625,4969.600767566722,4940.707739848312,4953.090466013345,55688000
2019-08-29,4957.21728515625,4973.727584190909,4940.706986121591,4944.834560880256,51525500
2019-08-30,5035.64111328125,5035.64111328125,4957.217194303919,5019.13081454918,73650000
2019-09-02,4953.0908203125,5035.642333984375,4953.0908203125,5035.642333984375,42429000
2019-09-03,4998.4931640625,4998.4931640625,4953.08984052436,4953.08984052436,42743500
2019-09-04,4969.60009765625,5002.620696311774,4957.217373160429,5002.620696311774,41979000
2019-09-05,4986.11083984375,5023.259016630665,4965.472963851019,5023.259016630665,53650500
2019-09-06,4973.72802734375,5002.621053228734,4973.72802734375,5002.621053228734,54349000
2019-09-09,4981.98193359375,4998.492229976828,4936.578618540286,4994.364655881058,25912000
2019-09-10,4998.4931640625,4998.4931640625,4940.707115923049,4969.6001399927745,40291000
2019-09-11,5035.64111328125,5035.64111328125,4961.344768986936,4994.365366451076,45243500
2019-09-12,4969.60009765625,5039.768869799237,4961.344947992369,5035.641294967297,40034000
2019-09-13,4977.85498046875,5027.385875796797,4961.344682026067,5019.130726575456,28419500
2019-09-16,4957.21728515625,4965.472434673579,4940.706986121591,4953.089710397585,77289000
2019-09-17,4977.85498046875,4981.98255507942,4940.7068089727145,4944.834383583385,92037500
2019-09-18,4986.11083984375,4986.11083984375,4944.835087858289,4944.835087858289,28667000
2019-09-19,4977.85498046875,4990.237704300762,4953.089532804726,4965.472256636738,61988500
2019-09-20,4944.83447265625,4994.365368876513,4944.83447265625,4994.365368876513,133433000
2019-09-23,4973.72802734375,4977.855602470176,4953.090151711618,4977.855602470176,47231500
2019-09-24,4907.6865234375,4953.089847035324,4903.558948564971,4936.579547545206,79718500
2019-09-25,4899.431640625,4899.431640625,4771.476812605308,4870.538614943134,88620000
2019-09-26,5002.61962890625,5002.61962890625,4928.32329778388,4953.088741491337,109859000
2019-09-27,5010.87646484375,5015.004040185467,4953.09041005972,4957.217985401437,48010000
2019-09-30,5010.87646484375,5010.87646484375,4957.217985401437,5010.87646484375,73391000
2019-10-01,4986.11083984375,5006.748715836481,4961.345388652473,4961.345388652473,40057000
2019-10-02,4994.365234375,5010.875532670455,4961.344637784091,4961.344637784091,52376500
2019-10-03,4986.11083984375,4990.238415042296,4911.814486269919,4961.345388652473,50269000
2019-10-04,4990.23779296875,5006.748091704792,4936.579322076613,4936.579322076613,56890500
2019-10-07,5010.87646484375,5019.131615527183,4994.366163476884,5010.87646484375,56705500
2019-10-08,5035.64111328125,5035.64111328125,4965.472343669954,5019.13081454918,46997500
2019-10-09,5010.87646484375,5035.641916894049,4994.366163476884,5035.641916894049,41496500
2019-10-10,5043.896484375,5043.896484375,4969.600136814648,4969.600136814648,65806500
2019-10-11,5056.279296875,5081.044746492346,5019.131122448979,5019.131122448979,40863500
2019-10-14,5118.19287109375,5118.19287109375,5060.406822549143,5060.406822549143,37514500
2019-10-15,5097.5537109375,5109.936432502531,5072.788267807439,5109.936432502531,40935000
2019-10-16,5130.5751953125,5130.5751953125,5097.554598721591,5118.192471590909,65776500
2019-10-17,5048.0234375,5126.447350265739,5039.768288787816,5105.809478485282,45666500
2019-10-18,5085.17236328125,5093.427513221642,5068.662063400467,5085.17236328125,41008500
2019-10-21,5134.703125,5163.596149015274,5105.810100984727,5118.192825562702,59971500
2019-10-22,5200.744140625,5200.744140625,5138.830519903274,5175.97869233631,67259500
2019-10-23,5180.10595703125,5204.871403837774,5167.723233627988,5200.74382937002,62219000
2019-10-24,5200.744140625,5217.254439484127,5175.97869233631,5192.488991195436,73101000
2019-10-25,5118.19287109375,5221.382243494833,5097.554996613533,5217.25466859879,61929500
2019-10-28,5122.31982421875,5159.467993773922,5118.192249823731,5118.192249823731,43249500
2019-10-29,5134.703125,5151.213424437299,5076.917076969454,5122.320400422026,79861500
2019-10-30,5171.85107421875,5188.361372939321,5118.192603376896,5184.233798259178,60738000
2019-10-31,5192.48828125,5200.743429550875,5159.467688046502,5175.977984648252,58420500
2019-11-01,5221.38232421875,5221.38232421875,5180.106574620183,5200.744449419467,42080500
2019-11-04,5180.10595703125,5266.785020854083,5167.723233627988,5242.019574047559,43794500
2019-11-05,5250.275390625,5250.275390625,5175.979040757665,5242.02024063974,66161500
2019-11-06,5196.61767578125,5266.786460918884,5196.61767578125,5266.786460918884,63393000
2019-11-07,5188.361328125,5229.637074569909,5159.468305613564,5229.637074569909,61972000
2019-11-08,5184.234375,5213.127400975319,5159.4689241640135,5213.127400975319,90040500
2019-11-11,5196.61767578125,5233.765856148232,5171.852222203262,5229.6382805519015,70207000
2019-11-12,5171.85107421875,5184.233798259178,5134.702902097466,5134.702902097466,47635500
2019-11-13,5184.234375,5188.361950139331,5171.851649582007,5171.851649582007,40083500
2019-11-14,5175.978515625,5184.233664772728,5126.447620738637,5171.850941051137,37862000
2019-11-15,5180.10595703125,5192.4886804345115,5163.5956591602335,5184.233531499004,47138000
2019-11-18,5184.234375,5188.361950139331,5126.448323049363,5155.341349024682,65599000
2019-11-19,5213.1279296875,5242.020958593132,5200.745203013658,5225.510656361343,60115000
2019-11-20,5242.01953125,5242.01953125,5163.595617002952,5163.595617002952,43229500
2019-11-21,5200.744140625,5242.019887772817,5200.744140625,5242.019887772817,57523500
2019-11-22,5204.87158203125,5208.999156640315,5175.978559767794,5184.233708985924,56035000
2019-11-25,5180.10595703125,5229.636850644298,5180.10595703125,5225.509276176544,55133500
2019-11-26,5188.361328125,5225.509499925418,5175.978604191528,5225.509499925418,192783500
2019-11-27,5200.744140625,5200.744140625,5151.213244047619,5175.97869233631,58833500
2019-11-28,5159.46923828125,5196.617416796875,5155.341662890625,5196.617416796875,44248000
2019-11-29,5184.234375,5196.617100417994,5138.831048467357,5142.958623606688,52954500
2019-12-02,5303.93310546875,5303.93310546875,5175.978299033317,5184.233447835603,49909000
2019-12-03,5262.658203125,5299.806378676471,5237.892752757353,5299.806378676471,42823000
2019-12-04,5254.40283203125,5283.29585624509,5246.147682255867,5250.2752571435585,37552000
2019-12-05,5233.76513671875,5270.913311979372,5225.509986660834,5250.275436834582,54168000
2019-12-06,5295.87451171875,5295.87451171875,5233.764959196638,5250.3275065358675,69920500
2019-12-09,5295.87451171875,5295.87451171875,5266.890053875098,5275.171327544713,51667500
2019-12-10,5271.0302734375,5300.014728986645,5266.889636930479,5295.874092479625,57654000
2019-12-11,5283.4521484375,5287.592784917467,5258.6083295577,5271.0302389976,48469000
2019-12-12,5250.3271484375,5304.155423618641,5250.3271484375,5300.014787066246,79198500
2019-12-13,5266.89013671875,5316.577779517984,5258.608862918878,5295.874595018303,70822500
2019-12-16,5266.89013671875,5295.874595018303,5250.327589119006,5250.327589119006,78684000
2019-12-17,5382.8271484375,5382.8271484375,5271.029969200721,5295.873786808894,102914500
2019-12-18,5594.0009765625,5631.2667121576615,5333.140827396373,5382.828474856588,181804000
2019-12-19,5465.640625,5565.015909090909,5457.359351325757,5548.453361742424,74171000
2019-12-20,5515.32763671875,5581.577818541197,5473.92127307972,5531.890182174362,99453000
2019-12-23,5515.32763671875,5573.296545813391,5507.046363990944,5531.890182174362,46558500
2019-12-26,5531.89013671875,5569.155863687663,5515.327591399232,5515.327591399232,38188500
2019-12-27,5544.31298828125,5548.453625315067,5523.609803112164,5523.609803112164,29945000
2019-12-30,5536.03125,5565.015706806283,5523.609339940165,5531.890613313389,61168000
2020-01-02,5540.17138671875,5614.702840351738,5531.890114092863,5544.3120230316945,49445000
2020-01-03,5631.265625,5631.265625,5569.156077665441,5589.859260110294,47755500
2020-01-06,5577.4384765625,5589.860388537027,5540.172740638919,5565.016564587973,27300000
2020-01-07,5581.578125,5606.421944547477,5573.296851817508,5577.437488408754,45022500
2020-01-08,5531.89013671875,5585.7184090071805,5523.6088640589915,5523.6088640589915,53692500
2020-01-09,5581.578125,5594.000034773739,5573.296851817508,5581.578125,40363500
2020-01-10,5569.15673828125,5651.969477883945,5556.734827340845,5602.281834122327,73362000
2020-01-13,5585.71826171875,5598.140170380838,5577.436989277358,5581.577625498054,67855000
2020-01-14,5689.23486328125,5701.656773463087,5581.578308371998,5585.718945099276,93582000
2020-01-15,5660.25048828125,5846.5791437111375,5631.266030769934,5689.234945792567,75623500
2020-01-16,5672.67236328125,5705.797457373404,5627.12535890454,5635.406632427578,88931500
2020-01-17,5693.37646484375,5705.798377130682,5631.266903409091,5664.392002840909,38249500
2020-01-20,5660.25048828125,5776.188318326514,5656.109851493919,5755.48513438986,93554500
2020-01-21,5656.10986328125,5709.938141628729,5651.96922648529,5701.656868036809,103984500
2020-01-22,5664.390625,5709.93762563962,5660.249988578216,5676.81253426535,94311500
2020-01-23,5664.390625,5709.93762563962,5656.109352156433,5701.6563527960525,87728000
2020-01-24,5639.54736328125,5697.516278909691,5639.54736328125,5647.828636942456,69653500
2020-01-27,5664.390625,5747.203353435672,5643.687442891081,5685.093807108918,39679000
2020-01-28,5622.98388671875,5668.530884328401,5593.999433694426,5660.249612035737,82615000
2020-01-29,5618.84423828125,5668.5318807715785,5606.422327658668,5631.266148903832,43821000
2020-01-30,5581.578125,5668.5314934161715,5573.296851817508,5668.5314934161715,71990000
2020-01-31,5366.2646484375,5635.406008119936,5366.2646484375,5631.26537181713,163136500
2020-02-03,5333.1396484375,5453.218103254803,5275.170739215353,5366.264739421584,149797000
2020-02-04,5465.640625,5482.203172348485,5399.39043560606,5440.796803977273,113316500
2020-02-05,5573.2978515625,5614.704224902489,5507.047654218518,5614.704224902489,123002500
2020-02-06,5581.578125,5614.70321772997,5531.890485905044,5581.578125,154693500
2020-02-07,5598.14111328125,5614.703660953679,5552.594107182068,5556.734744100176,82609000
2020-02-10,5618.84423828125,5618.84423828125,5490.4844951812365,5598.14105391028,66578500
2020-02-11,5614.7041015625,5618.84473880554,5585.719640861219,5618.84473880554,77526500
2020-02-12,5631.265625,5631.265625,5598.140533088235,5631.265625,69971500
2020-02-13,5622.98388671875,5647.827703596741,5581.57752525543,5647.827703596741,49737000
2020-02-14,5531.89013671875,5627.124772305973,5527.749500388871,5614.702863316335,147028500
2020-02-17,5565.0146484375,5589.85846383231,5531.889561244419,5531.889561244419,115319000
2020-02-18,5544.31298828125,5565.016173450336,5523.609803112164,5536.0317142136155,98436500
2020-02-19,5544.31298828125,5598.141269720873,5519.4691660783465,5519.4691660783465,74594000
2020-02-20,5461.5,5544.31273692191,5436.6561789234265,5540.172100075814,136724500
2020-02-21,5478.06298828125,5515.328722895409,5461.500439563847,5465.641076743197,98261000
2020-02-24,5403.53125,5465.640804597701,5391.10933908046,5436.656345785441,84910000
2020-02-25,5407.671875,5432.515696784073,5391.10932714395,5424.234422856049,86446500
2020-02-26,5316.57763671875,5411.8122828593505,5316.57763671875,5382.827825338298,92824500
2020-02-27,5208.9208984375,5362.124454273897,5134.3894388414155,5357.98381762967,129254500
2020-02-28,5208.9208984375,5208.9208984375,4997.748429581926,5134.3894388414155,169946500
2020-03-02,5035.01416015625,5208.920899240594,4997.748430352462,5208.920899240594,144871500
2020-03-03,5233.7646484375,5258.608467971222,5134.389370302611,5134.389370302611,114663500
2020-03-04,5333.1396484375,5382.827284913626,5184.076739009122,5229.623739112238,83025000
2020-03-05,5329.0,5415.95337995338,5250.327894327895,5415.95337995338,77583000
2020-03-06,5134.3896484375,5258.608752835182,5134.3896484375,5258.608752835182,77835500
2020-03-09,4790.716796875,5001.889274524633,4790.716796875,4968.764179991357,140889500
2020-03-10,4906.6552734375,4977.046108583861,4836.264438291139,4836.264438291139,133667000
2020-03-11,4844.54443359375,4952.2009765625,4794.856798377404,4927.357158954327,93204500
2020-03-12,4604.3876953125,4670.6378779788665,4521.574966979541,4637.512786645683,129845500
2020-03-13,4604.3876953125,4604.3876953125,4604.3876953125,4604.3876953125,0
2020-03-16,4604.3876953125,4604.3876953125,4604.3876953125,4604.3876953125,0
2020-03-17,4240.01123046875,4558.840199947357,4240.01123046875,4550.558928012848,212200000
2020-03-18,4140.63623046875,4455.324583984375,3946.0263276367186,4240.0115,180053500
2020-03-19,3850.791748046875,4136.495651934224,3850.791748046875,4136.495651934224,264419000
2020-03-20,3921.18359375,4459.4664524485215,3581.651329032471,3809.3863846356917,335132000
2020-03-23,3668.604248046875,4140.636848811371,3647.9010638028185,3941.8862800684255,217843500
2020-03-24,3726.57275390625,4136.495756835938,3685.1663899739583,3685.1663899739583,253971000
2020-03-26,4372.51220703125,4467.74684790409,3850.7920005104756,3850.7920005104756,331633000
2020-03-27,4562.9814453125,4881.810457371541,4434.621713184834,4438.762349705082,269683000
2020-03-30,4550.5595703125,4600.247208932837,4268.996284797259,4538.137660657416,159964500
2020-03-31,4575.40380859375,4728.607375035351,4542.278713146918,4687.20100572681,182638500
2020-04-01,4538.13818359375,4761.732583150377,4492.59117627666,4604.3883760549725,152831500
2020-04-02,4480.1689453125,4529.85658611079,4438.762577980591,4529.85658611079,136623500
2020-04-03,4550.5595703125,4579.544026174363,4442.903019968438,4521.575114450637,110506000
2020-04-06,4749.31005859375,4753.450695087729,4550.559506882765,4571.262689352659,78184000
2020-04-07,4683.06005859375,5051.576721029509,4620.950508745026,4749.3102450990555,149153500
2020-04-08,4666.49755859375,4687.200742083518,4538.137820957188,4683.060105385564,106111500
2020-04-09,4633.373046875,4716.185791233803,4554.700939734138,4637.51368409294,89997000
2020-04-13,4554.69970703125,4649.9343372691765,4538.137162642045,4587.824795809659,58043000
2020-04-14,4567.1220703125,4629.231617959542,4509.15315917526,4558.840797292894,95796000
2020-04-15,4542.27880859375,4662.357282111725,4509.15371245086,4567.122630700917,95342000
2020-04-16,4339.38720703125,4571.262859315363,4293.840203904014,4542.278402779849,176990500
2020-04-17,4492.59130859375,4509.15385719686,4372.512831221198,4389.075379824309,160935500
2020-04-20,4434.62255859375,4554.7010405724795,4413.919372045693,4496.73211823792,90744000
2020-04-21,4347.00732421875,4511.283763796784,4347.00732421875,4511.283763796784,73431000
2020-04-22,4334.37158203125,4410.19149308719,4250.127236413538,4347.008233873907,107263500
2020-04-23,4313.3095703125,4418.6149797439575,4313.3095703125,4363.8561668396,105419500
2020-04-24,4144.82177734375,4330.159336493268,4144.82177734375,4313.310467479675,131149500
2020-04-27,4178.51953125,4229.066138482863,4090.0629685924896,4161.670662172379,151103500
2020-04-28,4069.0009765625,4191.155250186012,4047.939894903274,4178.518601190476,180488000
2020-04-29,4085.849609375,4085.849609375,4043.7274484536083,4064.788528914304,121161000
2020-04-30,4355.43212890625,4422.827597051801,4111.123556878627,4111.123556878627,174081000
2020-05-04,4397.5546875,4464.950161637931,4212.21713362069,4338.583647629311,114497500
2020-05-05,4452.3125,4498.64687795648,4380.704824976348,4397.553689687796,118643500
2020-05-06,4511.28515625,4523.92180934874,4464.950761554622,4477.5874146533615,86395500
2020-05-08,4418.61572265625,4549.194452305767,4338.583598032353,4502.860064365616,123028000
2020-05-11,4460.73779296875,4486.011094911915,4418.615623063473,4418.615623063473,40615500
2020-05-12,4397.5546875,4498.647898706897,4237.490436422414,4498.647898706897,118660000
2020-05-13,4304.8857421875,4355.432345813968,4283.824657343139,4347.007911876223,94973000
2020-05-14,4144.82177734375,4304.886032972879,4132.185125583555,4271.188294945694,131268000
2020-05-15,4031.09130859375,4208.0044067765475,3942.634759502351,4144.821157425548,205790000
2020-05-18,4014.242919921875,4081.6383939184648,4001.6062685475144,4043.728439795383,139997500
2020-05-19,3942.635498046875,4178.519673143696,3942.635498046875,4077.426455245059,128504500
2020-05-20,4014.242919921875,4043.728439795383,3951.0596630500722,3976.3329657987933,119158000
2020-05-26,4186.943359375,4212.216659330986,4022.6669096610913,4022.6669096610913,176076500
2020-05-27,4182.7314453125,4212.216964060926,4090.0626721031595,4186.943662276561,151753500
2020-05-28,4460.73779296875,4481.798877921388,4212.2169905276205,4212.2169905276205,229233000
2020-05-29,4372.28076171875,4460.737308921152,4372.28076171875,4460.737308921152,399414000
2020-06-02,4515.4970703125,4633.439157969916,4414.403852320429,4431.252721985775,181369500
2020-06-03,4869.32275390625,4869.32275390625,4549.19426835532,4557.618702185608,279673500
2020-06-04,4877.74755859375,5046.236248009769,4717.683303648532,4869.323124122949,236158500
2020-06-05,4822.98876953125,4932.50641844637,4705.046686084198,4877.74759398881,88157500
2020-06-08,4970.4150390625,4991.476119736493,4848.2607711533365,4848.2607711533365,173557500
2020-06-09,4890.38330078125,5050.447525957553,4881.958867877234,5004.113144985466,100110000
2020-06-10,4886.17138671875,4940.930203983701,4713.470501498518,4886.17138671875,115382500
2020-06-11,4785.078125,4894.5957581426055,4721.894875110035,4844.049158230633,85187500
2020-06-12,4776.654296875,4785.078731261023,4616.590043540565,4785.078731261023,96044000
2020-06-15,4633.43798828125,4810.351075106534,4633.43798828125,4785.077776988636,100844500
2020-06-16,4852.47509765625,4881.960623423258,4700.835250854492,4700.835250854492,91518500
2020-06-17,4818.775390625,4886.170850633741,4785.077660620629,4886.170850633741,79800000
2020-06-18,4705.0458984375,4835.624611822964,4705.0458984375,4818.775745579678,68032000
2020-06-19,4696.6220703125,4759.805326863789,4671.348767691984,4717.683155829596,110071000
2020-06-22,4667.13671875,4768.229932874549,4658.712284239621,4713.471108557085,51590500
2020-06-23,4734.5322265625,4768.2299648298485,4650.287880894129,4692.410053728314,69954000
2020-06-24,4806.1396484375,4852.474035933392,4751.380826851446,4759.805260941608,57333000
2020-06-25,4822.98876953125,4839.837638595114,4751.381076009825,4801.927683201419,51415000
2020-06-26,4755.59326171875,4852.474258193091,4751.381044480735,4818.776520288972,57467500
2020-06-29,4780.86669921875,4797.71556864331,4705.046786808232,4751.381177725771,48796500
2020-06-30,4797.71533203125,4835.625286366879,4768.229811992427,4801.927549179653,74474000
2020-07-01,4886.17138671875,4886.17138671875,4780.865968901535,4801.927052464978,63959000
2020-07-02,4945.14208984375,4945.14208984375,4852.4733283645655,4865.109977657182,75585500
2020-07-03,4945.14208984375,4974.627604859855,4919.868791258518,4945.14208984375,52219000
2020-07-06,4999.90185546875,4999.90185546875,4928.294162509214,4936.718596975043,67800000
2020-07-07,5046.2353515625,5050.447568049614,4970.415454794449,5004.113186691361,74168000
2020-07-08,5223.1494140625,5277.908238564768,5037.8118542086695,5046.236288747479,106444500
2020-07-09,5138.904296875,5256.846362704918,5079.933263960041,5231.573062884221,93543500
2020-07-10,5223.1494140625,5256.8471522177415,5122.056199596774,5138.905068674395,67224000
2020-07-13,5202.08837890625,5256.847203947368,5172.602857730263,5248.422769325658,86006000
2020-07-14,5223.1494140625,5223.1494140625,5147.3295032132055,5202.0883277154735,45616500
2020-07-15,5181.02685546875,5256.846760670732,5181.02685546875,5223.149025025406,61468000
2020-07-16,5206.2998046875,5223.148671369337,5172.602071323827,5181.0265046647455,66520500
2020-07-17,5155.75390625,5206.30051317402,5088.358430351307,5168.390557981005,73348000
2020-07-20,5172.60205078125,5189.450917396172,5105.206584321559,5155.753184166327,59794500
2020-07-21,5223.1494140625,5252.634934948336,5138.905068674395,5138.905068674395,84159500
2020-07-22,5206.2998046875,5265.270838073928,5164.177637982909,5231.5731047102545,44725500
2020-07-23,5223.1494140625,5235.786065870716,5172.602806829637,5206.300544984879,84026500
2020-07-24,5138.904296875,5223.148629610656,5138.904296875,5223.148629610656,58366500
2020-07-27,5138.904296875,5172.602029969262,5054.659964139344,5138.904296875,41972500
2020-07-28,5210.51220703125,5223.148857492926,5105.206786517279,5155.753388363985,65279000
2020-07-29,5168.3896484375,5210.51181346144,5138.904132920742,5210.51181346144,50262500
2020-07-30,5256.84619140625,5256.84619140625,5100.9941809238535,5168.389644916241,80533500
2020-08-03,5164.177734375,5252.63428610573,4907.232512680975,5239.997635858484,137079000
2020-08-04,5231.57373046875,5239.998164817331,5164.178255680103,5185.239341551555,79357000
2020-08-05,5227.36083984375,5239.997489738618,5138.904290579674,5223.148623212127,49393000
2020-08-06,5273.69580078125,5303.18132043418,5210.512544382113,5235.785846941768,55258500
2020-08-07,5206.2998046875,5294.756354767142,5189.450938005663,5277.907488085305,43621000
2020-08-10,5155.75390625,5223.149382148693,5143.117254518996,5206.30051317402,37774500
2020-08-11,5202.08837890625,5223.149465460526,5164.178423108552,5172.602857730263,38795500
2020-08-12,5273.69580078125,5273.69580078125,5189.451458915734,5202.088110195562,35612000
2020-08-13,5307.39306640625,5307.39306640625,5206.299865141369,5273.69533265129,48581000
2020-08-14,5395.84912109375,5395.84912109375,5256.845982142857,5307.392578125,57316000
2020-08-18,5357.93994140625,5412.698761562132,5307.393338185437,5395.849893821861,81563500
2020-08-19,5332.66748046875,5400.062962054453,5315.818610072324,5357.940786063388,58793500
2020-08-24,5320.02978515625,5374.788603214074,5290.544267740499,5341.090869024644,66882500
2020-08-25,5362.15185546875,5374.788505560192,5311.60525510298,5324.2419051944225,49211000
2020-08-26,5341.0908203125,5383.2129876651225,5311.605303165665,5379.000770929861,42983000
2020-08-27,5560.1259765625,5560.1259765625,5341.090710819129,5362.151794063683,68326000
2020-08-28,5471.66943359375,5560.125983328522,5412.698400437235,5526.428250096228,52292500
2020-08-31,5286.33203125,5509.579519422311,5286.33203125,5475.881785358566,97032000
2020-09-01,5492.73046875,5492.73046875,5256.846338190184,5290.5440711273,67446000
2020-09-02,5421.12353515625,5526.4289651320905,5362.15249436978,5492.731227539822,66065000
2020-09-03,5475.88134765625,5475.88134765625,5307.392690805289,5446.395832707332,68208500
2020-09-04,5374.78857421875,5433.759608732122,5277.907588946782,5433.759608732122,80613500
2020-09-07,5294.75732421875,5357.940585844272,5223.149627709825,5336.879498635765,64249500
2020-09-08,5336.87841796875,5357.939500912589,5294.7562520810725,5294.7562520810725,39649000
2020-09-09,5261.05908203125,5324.242337620096,5231.573562756455,5307.393469463071,49285000
2020-09-10,4894.5966796875,5239.9985107842085,4894.5966796875,5239.9985107842085,175735000
2020-09-11,4974.6279296875,5033.598963570333,4734.531577450254,4886.171378863251,403032500
2020-09-14,5096.7822265625,5151.541043872676,5042.023409252324,5054.660059400826,138115000
2020-09-15,4936.71826171875,5138.904675167982,4936.71826171875,5088.358071805674,170087000
2020-09-16,4844.04931640625,4945.14251953125,4839.837099609375,4936.7180859375,158565500
2020-09-17,4848.2607421875,4932.505064380159,4772.4408522141075,4844.048526077867,138796000
2020-09-18,4742.9560546875,4831.412606329096,4692.409453749445,4801.927089115231,316912000
2020-09-21,4721.8955078125,4831.413155629739,4713.47107336502,4751.38102837868,112443000
2020-09-22,4591.31640625,4688.197394638762,4574.467538704129,4650.28744266055,163442500
2020-09-23,4637.650390625,4705.04585497559,4570.25492627441,4591.3160088839695,100517000
2020-09-24,4587.1044921875,4662.9244011492765,4540.770103377526,4574.46784069387,88618500
2020-09-25,4726.10791015625,4738.744562322443,4599.741388494318,4616.590258049242,100705000
2020-09-28,4646.07568359375,4797.715506449031,4633.439031689143,4759.805550735211,93522000
2020-09-29,4637.650390625,4747.168020194709,4599.740441927793,4696.621421931767,117778500
2020-09-30,4566.04296875,4688.197254814345,4566.04296875,4688.197254814345,107377000
2020-10-01,4692.4091796875,4692.4091796875,4616.589282708707,4620.801499207529,56893000
2020-10-02,4637.650390625,4688.196988887943,4582.891575840145,4683.984772366031,66848000
2020-10-05,4650.28662109375,4683.98435023211,4599.7400273862095,4646.074404951455,58291000
2020-10-06,4801.9267578125,4814.563407175165,4717.682428728071,4742.955727453399,141955500
2020-10-07,4848.2607421875,4848.2607421875,4700.833178350348,4717.68204278888,89937500
2020-10-08,4869.32275390625,4886.171621566826,4810.351717094237,4877.747187736538,77384500
2020-10-09,4865.1103515625,4865.1103515625,4818.775967261905,4844.049267789502,54250500
2020-10-12,4932.50634765625,4949.355216478304,4911.445261628683,4919.869696039709,82918500
2020-10-13,4932.50634765625,4936.718564861763,4860.898655162521,4919.869696039709,48250500
2020-10-14,4970.4150390625,4970.4150390625,4894.595148636123,4919.868445444915,83117500
2020-10-15,4873.53466796875,4953.5667843831025,4852.473584701815,4949.354567729715,82067000
2020-10-16,4852.47509765625,4877.748405456543,4827.201789855957,4873.536187489827,89051500
2020-10-19,4970.4150390625,4970.4150390625,4810.350825940148,4844.048555018538,56871500
2020-10-20,4890.38330078125,4953.56654756137,4873.534434973219,4953.56654756137,74995500
2020-10-21,4869.32275390625,4940.9304414636945,4827.200584754812,4936.718224548551,77944000
2020-10-22,4886.17138671875,4886.17138671875,4806.139269177666,4835.624786166487,96872500
2020-10-23,4860.8984375,4919.869475736568,4844.049569432409,4919.869475736568,66328000
2020-10-26,4898.80859375,4915.657462516122,4822.988684302451,4822.988684302451,70452500
2020-10-27,4877.74755859375,4911.445296476953,4848.262037945947,4898.808644770753,89482000
2020-11-02,4903.021484375,4907.233702145081,4818.777128973367,4852.474871134021,151006500
2020-11-03,4961.99169921875,4966.203916280905,4915.657311535044,4919.869528597199,78152000
2020-11-04,4903.021484375,5004.1147108569585,4873.535959984429,4970.416968696306,78626000
2020-11-05,5181.02685546875,5206.300157202743,4970.416007685467,4970.416007685467,161090000
2020-11-06,5307.39306640625,5307.39306640625,5105.206663876488,5189.450998263889,137303500
2020-11-09,5294.75732421875,5391.638325377884,5235.786280034929,5307.3939765438545,82739500
2020-11-10,5459.033203125,5560.126410590278,5374.788863570602,5387.425514503761,191073500
2020-11-11,5509.57958984375,5530.640673902786,5459.032988102064,5509.57958984375,131383500
2020-11-12,5408.48681640625,5471.670073607257,5395.850164966048,5400.062382112782,83082500
2020-11-13,5383.21337890625,5433.7599834030225,5324.242340326682,5408.486681154636,82374500
2020-11-16,5459.033203125,5463.24542010272,5379.001080548322,5463.24542010272,54905000
2020-11-17,5518.0048828125,5530.641535215887,5467.45827319895,5475.882708134542,119784000
2020-11-18,5534.85302734375,5539.0652442595365,5509.57972584903,5518.004159680603,99789000
2020-11-19,5572.763671875,5593.824759070295,5488.51932309382,5492.73154053288,147346500
2020-11-20,5560.1259765625,5602.24814305161,5518.00381007339,5593.823709753788,68468500
2020-11-23,5560.1259765625,5568.550409860321,5518.00381007339,5560.1259765625,75265500
2020-11-24,5530.640625,5560.126142421935,5513.791757901751,5560.126142421935,72349500
2020-11-25,5400.0615234375,5547.489100130411,5374.788224575858,5543.276883653471,170140500
2020-11-26,5459.033203125,5467.45763708044,5307.393391927084,5349.515561704283,64339000
2020-11-27,5379.0009765625,5467.457531384593,5374.788759666209,5459.033097592012,87361500
2020-11-30,5227.36083984375,5391.637288477034,5168.389807001033,5379.000638582166,393091500
2020-12-01,5387.42578125,5421.123518740227,5239.998179730258,5239.998179730258,114563500
2020-12-02,5433.75927734375,5463.244792802205,5341.090514474322,5442.18371033188,93897500
2020-12-03,5442.18408203125,5496.9429001941035,5412.698564558945,5475.881816285314,98210000
2020-12-04,5383.21337890625,5446.396634527216,5357.940076657864,5442.184417485818,64995500
2020-12-07,5492.73046875,5543.277068155675,5459.032735812883,5475.881602281442,96636000
2020-12-08,5484.02001953125,5509.369880946649,5429.095319797886,5509.369880946649,70561500
2020-12-10,5555.84423828125,5576.96912131654,5526.269402031844,5568.5191681024235,151420500
2020-12-11,5691.04345703125,5729.068246276448,5572.744112712858,5576.969089295658,214160000
2020-12-14,5762.8681640625,5771.3181173822395,5741.74328076315,5745.96825742302,179785500
2020-12-15,5737.51806640625,5830.467549072625,5581.193936467346,5771.317878284932,164024500
2020-12-16,5872.7177734375,5872.7177734375,5779.7682834982015,5796.668190759892,138674000
2020-12-17,5860.04296875,5914.9676685292,5762.868499909877,5885.3928301865535,91920000
2020-12-18,5745.96826171875,5860.042631620519,5707.943471751493,5860.042631620519,147238500
2020-12-21,5771.318359375,5822.01808141929,5745.968498352855,5822.01808141929,93692500
2020-12-22,5674.1435546875,5762.868062988645,5669.918578101731,5695.268437616343,61790500
2020-12-23,5682.59326171875,5834.692412218285,5593.868757260688,5834.692412218285,76948000
2020-12-28,5729.068359375,5762.868172704646,5627.668919386062,5737.5183127074115,60234000
2020-12-29,5716.3935546875,5754.418345516907,5695.268670893385,5724.843508205146,34212500
2020-12-30,5720.61865234375,5745.968513432423,5661.468976470181,5745.968513432423,52675500
2021-01-04,5775.54296875,5792.442875022861,5678.368507681053,5745.968132772495,47937000
2021-01-05,5991.0166015625,5991.0166015625,5788.217732116097,5796.6676850096965,104831000
2021-01-06,5868.4921875,5978.341573299136,5813.567494600432,5957.216691414687,89753500
2021-01-07,5885.392578125,5957.21718245244,5838.91783414842,5914.967415201005,71360000
2021-01-08,5957.216796875,5982.566655585107,5893.842150099735,5944.541867519947,75033500
2021-01-11,6206.490234375,6219.165163376446,6037.491181022378,6041.716157356194,169034500
2021-01-12,6050.16650390625,6236.065474696666,6050.16650390625,6206.490638434554,95235000
2021-01-13,6016.3671875,6147.341473182935,5974.11741792486,6121.991611437851,76581500
2021-01-14,5931.8671875,5991.016860309829,5910.742304353632,5957.217047275641,89319500
2021-01-15,5876.9423828125,5999.466702799245,5779.767922133357,5995.241726247978,89853500
2021-01-18,6016.3671875,6020.592164457514,5783.993454836727,5876.942947902036,86343000
2021-01-19,5995.24169921875,6016.366581879845,5919.192121638808,6016.366581879845,73777000
2021-01-20,5995.24169921875,6164.2407605075105,5974.1168165576555,6054.391370669816,107216000
2021-01-21,5978.34130859375,6168.465237135601,5965.666380024293,6151.565332376325,66428000
2021-01-22,5982.56591796875,6050.165532861052,5978.340942037981,5978.340942037981,80829000
2021-01-25,5944.5419921875,6083.966218017057,5914.967156405472,6083.966218017057,76836500
2021-01-26,5762.8681640625,5914.967323817815,5762.8681640625,5876.942533878986,98658000
2021-01-27,5737.51806640625,5855.817407981636,5665.693466164051,5762.867925315261,97920000
2021-01-28,5830.46728515625,5851.5921666242075,5737.517806697237,5737.517806697237,104627000
2021-01-29,5712.16845703125,5914.967337162537,5712.16845703125,5830.467803774501,132762500
2021-02-01,5762.8681640625,5847.367697259897,5572.744214368356,5712.168444144061,113129000
2021-02-02,5745.96826171875,5898.067421587775,5745.96826171875,5885.39249159869,86741000
2021-02-03,5767.09326171875,5914.967447916667,5767.09326171875,5914.967447916667,67291000
2021-02-04,5792.44287109375,5914.967191488877,5775.542964832353,5847.367566443289,80950500
2021-02-05,5843.142578125,5872.717414022957,5792.442859442787,5805.11778911334,51602000
2021-02-08,5847.36767578125,5961.442045178716,5813.567862626445,5957.217068534366,45604000
2021-02-09,5898.0673828125,5940.317149165025,5876.942499636237,5914.96728935351,75574000
2021-02-10,5847.36767578125,5957.217068534366,5830.467769203848,5957.217068534366,44984500
2021-02-11,5813.56884765625,5902.293372220771,5779.769028774527,5902.293372220771,36926000
2021-02-15,5745.96826171875,5822.017841653263,5678.368635110293,5771.318121696921,83922000
2021-02-16,5864.26708984375,5868.492066133263,5771.317611474468,5813.567374369596,47221000
2021-02-17,5830.46728515625,5881.167000679347,5788.217522220335,5822.017332569067,66011500
2021-02-18,5691.04345703125,5830.467684263642,5691.04345703125,5788.217918435645,91204000
2021-02-19,5767.09326171875,5788.21814546131,5712.168563988095,5729.0684709821435,70487500
2021-02-22,5737.51806640625,5864.267360951307,5737.51806640625,5830.467549072625,68913000
2021-02-23,5767.09326171875,5783.993168712798,5724.843494233632,5762.868284970238,58360000
2021-02-24,5682.59326171875,5775.542742579577,5682.59326171875,5767.092789774048,71869000
2021-02-25,5665.69287109375,5720.617559627844,5644.567990888329,5695.267703381339,78688000
2021-02-26,5669.91845703125,5754.417986942297,5614.99376258907,5665.693480535698,173631500
2021-03-01,5952.9912109375,5952.9912109375,5745.96738600071,5771.317242115419,205539000
2021-03-02,5927.6416015625,6050.1659112170355,5914.966672977548,6016.366101657163,81446500
2021-03-03,5914.966796875,5986.791393694197,5914.966796875,5969.891488560268,84470000
2021-03-04,5678.369140625,5914.967854817708,5678.369140625,5834.693291073753,120802500
2021-03-05,5745.96826171875,5851.592678294462,5678.368635110293,5678.368635110293,111871500
2021-03-08,5678.369140625,5872.718084426153,5678.369140625,5872.718084426153,90883000
2021-03-09,5581.19482421875,5674.144321669782,5576.969847061885,5661.469390199187,135582000
2021-03-10,5665.69287109375,5678.367799217002,5593.868278395321,5678.367799217002,50302000
2021-03-12,5716.3935546875,5813.568020140428,5674.14378709927,5809.343043381606,74328000
2021-03-15,5631.8935546875,5762.867823401163,5631.8935546875,5758.642846991045,57416000
2021-03-16,5598.09375,5669.918349056604,5593.868773584906,5669.918349056604,70755500
2021-03-17,5585.4189453125,5631.893686914948,5581.193968803186,5619.218757387008,71474500
2021-03-18,5665.69287109375,5678.367799217002,5585.418326313153,5593.868278395321,70067500
2021-03-19,5712.16845703125,5720.618410370053,5598.094086957401,5720.618410370053,125853000
2021-03-22,5593.86962890625,5644.569353639539,5585.419674784035,5610.76953715068,67523500
2021-03-23,5547.39453125,5678.368811881188,5538.944577660891,5678.368811881188,127762500
2021-03-24,5441.77001953125,5534.719507442498,5424.870112638296,5505.144670379828,152050000
2021-03-25,5382.62060546875,5441.770282451923,5348.820790049794,5407.970467032967,119101500
2021-03-26,5420.64453125,5445.994388761691,5323.470077455183,5382.619744982463,134467500
2021-03-29,5374.17041015625,5505.1446890201205,5374.17041015625,5416.420177531692,113370500
2021-03-30,5403.74560546875,5454.445329679559,5382.620720380913,5382.620720380913,83115500
2021-03-31,5251.64599609375,5403.745156077157,5192.4963227668695,5399.520179410951,223390500
2021-04-01,5260.09619140625,5298.120983151355,5200.946515358308,5251.646237685115,112286000
2021-04-05,5200.9462890625,5315.020659334383,5200.9462890625,5281.220845920491,73311500
2021-04-06,5209.39599609375,5213.620972570711,5137.571395985401,5184.04613723198,80215000
2021-04-07,5281.22119140625,5302.346076171874,5184.046721484375,5200.946629296875,107908000
2021-04-08,5256.71484375,5325.262062576406,5248.1464413967,5312.409459046455,123697500
2021-04-09,5312.40966796875,5415.230500252016,5265.283453172253,5410.946298906881,116961000
2021-04-12,5196.736328125,5393.809593659831,5192.45212670033,5393.809593659831,110411500
2021-04-13,5141.0419921875,5192.452412109375,5123.905185546875,5183.884008789062,119211500
2021-04-14,5402.37841796875,5402.37841796875,5192.452531782811,5231.010347612882,135519500
2021-04-15,5380.95654296875,5406.661749384206,5295.272521583897,5402.377548314963,102686500
2021-04-16,5376.6728515625,5458.072679594124,5325.262433858317,5458.072679594124,79293500
2021-04-19,5372.38818359375,5380.956585800439,5338.114574766996,5376.6723846970945,47095000
2021-04-20,5342.39892578125,5355.251529451934,5299.556913545634,5312.40951721632,72721000
2021-04-21,5282.419921875,5333.830334739963,5282.419921875,5312.409329379562,68397000
2021-04-22,5325.26220703125,5376.6726225456305,5295.272797981194,5312.409603152655,63758000
2021-04-23,5475.20947265625,5479.4936741215515,5333.830824301276,5380.9570404196,108498500
2021-04-26,5385.24072265625,5483.777346857598,5380.956521604017,5479.493145805365,108742000
2021-04-27,5488.0625,5513.767710772833,5445.220482045277,5458.073087431694,132650000
2021-04-28,5415.23046875,5488.061891193632,5410.9462674297865,5483.777689873417,87660000
2021-04-29,5492.34619140625,5535.188205379778,5449.504177432723,5535.188205379778,57355000
2021-04-30,5488.0625,5526.62031615925,5466.641491022639,5526.62031615925,65829500
2021-05-03,5475.20947265625,5552.32509903169,5436.65165946853,5552.32509903169,42065500
2021-05-04,5483.77783203125,5509.483040618897,5432.367414855958,5440.935817718506,50123500
2021-05-05,5505.1982421875,5509.482443154183,5483.777237354086,5500.914041220817,51685000
2021-05-06,5505.1982421875,5526.619247020914,5483.777237354086,5483.777237354086,38115500
2021-05-07,5483.77783203125,5535.188249206543,5470.925227737427,5535.188249206543,48864000
2021-05-10,5500.91455078125,5500.91455078125,5479.4935439635665,5483.777745327103,68180500
2021-05-11,5552.3251953125,5552.3251953125,5402.378141426746,5483.7779706790125,70680000
2021-05-17,5569.4609375,5569.4609375,5462.355919471154,5569.4609375,129058500
2021-05-18,5475.20947265625,5530.904091705179,5453.788465329739,5483.777875586854,73563000
2021-05-19,5436.6513671875,5483.777580772262,5428.082964717543,5466.6407758323485,64912500
2021-05-20,5466.640625,5513.766837284483,5440.935418299373,5475.209027233542,64950000
2021-05-21,5449.5048828125,5526.62051794664,5363.820843774568,5526.62051794664,92620000
2021-05-24,5419.5146484375,5466.640862771739,5389.525239315712,5445.219856256175,59210000
2021-05-25,5445.2197265625,5518.051146980723,5398.093513350708,5398.093513350708,87470000
2021-05-27,5372.38818359375,5552.324629934211,5372.38818359375,5518.051021107456,537971500
2021-05-28,5432.3671875,5458.07239501183,5423.798784996056,5423.798784996056,102108500
2021-05-31,5462.35693359375,5475.209538143383,5419.514918428309,5449.504329044118,101442000
2021-06-02,5539.47216796875,5582.314180095345,5500.914357054815,5569.461576457367,141732500
2021-06-03,5655.1455078125,5655.1455078125,5509.482668974905,5565.177283824573,133810500
2021-06-04,5638.0087890625,5672.282398722455,5569.461569742592,5672.282398722455,62108500
2021-06-07,5595.16748046875,5629.441094437931,5509.483445545798,5620.872690945635,62576000
2021-06-08,5509.482421875,5633.724249428946,5509.482421875,5633.724249428946,64348000
2021-06-09,5595.16748046875,5599.451682214897,5449.504621099732,5449.504621099732,77198000
2021-06-10,5672.2822265625,5672.2822265625,5560.892998548433,5616.587612555466,73262500
2021-06-11,5543.7568359375,5638.009270551584,5535.188432790766,5629.44086740485,72780500
2021-06-14,5492.34619140625,5586.598622148011,5483.777788611545,5586.598622148011,61478500
2021-06-15,5543.7568359375,5543.7568359375,5488.062215483723,5522.3358280706625,87799000
2021-06-16,5470.92529296875,5513.767307792311,5449.504285556969,5500.914703345243,48984000
2021-06-17,5423.79833984375,5475.208750647956,5376.672129939894,5475.208750647956,68448500
2021-06-18,5419.5146484375,5436.651453649951,5380.956836709486,5398.093641921936,118043000
2021-06-21,5355.25146484375,5398.0934765625,5320.97785546875,5398.0934765625,60823500
2021-06-22,5432.3671875,5475.209200019716,5346.6831624605675,5355.251564964511,65824000
2021-06-23,5338.11572265625,5432.368167197532,5338.11572265625,5393.810348976099,52451000
2021-06-24,5320.97802734375,5406.662053548964,5312.409624723229,5406.662053548964,56010000
2021-06-25,5303.84130859375,5363.820127915489,5303.84130859375,5338.114919634743,68939500
2021-06-28,5188.16796875,5269.567796500825,5188.16796875,5226.7257818951275,84420500
2021-06-29,5179.60009765625,5218.157914760391,5175.31589575579,5183.88429955671,53704000
2021-06-30,5162.46142578125,5201.01922896136,5141.0404240145235,5141.0404240145235,65795000
2021-07-01,5162.46142578125,5205.303429314705,5141.0404240145235,5192.4508282546685,58153000
2021-07-02,5226.7255859375,5260.99919633709,5175.3151703381145,5201.020378137808,67392500
2021-07-05,5235.2939453125,5252.430750370806,5201.020335195888,5226.725542783347,39710500
2021-07-06,5188.16796875,5235.294184816267,5188.16796875,5235.294184816267,34279500
2021-07-07,5196.736328125,5295.2729608924155,5166.746918152308,5295.2729608924155,35595000
2021-07-08,5153.89453125,5175.3155392768085,5123.905120012469,5141.041926433915,47297000
2021-07-09,5158.17822265625,5158.17822265625,5132.473015566601,5149.609820293033,40707500
2021-07-12,5286.70458984375,5295.272992744631,5158.1785463305305,5201.020560834937,65981500
2021-07-13,5179.60009765625,5290.989347068213,5153.89488625349,5286.705145167753,65946500
2021-07-14,5132.47314453125,5166.746754845315,5123.904741952734,5158.178352266799,59321000
2021-07-15,5239.578125,5239.578125,5136.757295073589,5141.041496320523,49724000
2021-07-16,5235.2939453125,5286.704360487418,5188.167731402158,5286.704360487418,47998500
2021-07-19,5145.326171875,5235.29440635408,5145.326171875,5235.29440635408,47119000
2021-07-21,5149.609375,5243.861792845258,5149.609375,5183.882981489185,55009500
2021-07-22,5273.85205078125,5273.85205078125,5183.883819208215,5239.578438753427,60792000
2021-07-23,5171.03125,5303.841497514499,5162.462846934549,5295.273094449048,79938000
2021-07-26,5145.326171875,5192.45238993547,5145.326171875,5175.315583368027,48171500
2021-07-27,5145.326171875,5192.45238993547,5141.041970233139,5145.326171875,53107500
2021-07-28,5123.90478515625,5149.609993108539,5115.336382505487,5145.325791783157,74133000
2021-07-29,5175.31494140625,5213.872751400171,5123.904528081022,5188.167544737557,84605000
2021-07-30,5115.33544921875,5226.724663355842,5106.767048131282,5175.31425683103,105685000
2021-08-02,5106.767578125,5196.735798880558,5059.641367253041,5192.451597892198,119981500
2021-08-03,5265.283203125,5295.272611116761,5128.188766591233,5162.4623757246745,110071500
2021-08-04,5243.86279296875,5269.568002738205,5192.452373429841,5265.283801109962,41112000
2021-08-05,5398.0927734375,5406.661174665179,5260.998353794643,5286.703557477678,93768000
2021-08-06,5278.13623046875,5449.504289899553,5256.7152230399,5449.504289899553,67285000
2021-08-09,5312.40966796875,5312.40966796875,5231.009842411165,5256.715050481981,52858500
2021-08-10,5398.0927734375,5398.0927734375,5239.577350725446,5355.250767299107,60446000
2021-08-12,5398.0927734375,5415.229575892858,5243.861551339286,5243.861551339286,118325500
2021-08-13,5492.34619140625,5513.767198393014,5419.514767651253,5440.935774638017,86929000
2021-08-16,5500.91455078125,5500.91455078125,5402.377919419904,5500.91455078125,69282000
2021-08-18,5655.1455078125,5792.23994436553,5535.187875828598,5586.598289535985,186354500
2021-08-19,5655.1455078125,5655.1455078125,5595.166691820549,5655.1455078125,100926000
2021-08-20,5655.1455078125,5655.1455078125,5578.02988725142,5655.1455078125,120163500
2021-08-23,5646.57666015625,5646.57666015625,5582.313648090739,5582.313648090739,68253000
2021-08-24,5655.1455078125,5655.1455078125,5569.461484966856,5629.440300958807,59561500
2021-08-25,5655.1455078125,5659.429708954782,5642.292904385653,5655.1455078125,80751500
2021-08-26,5620.87255859375,5638.009365174828,5543.756928978896,5620.87255859375,74337000
2021-08-27,5578.0302734375,5595.167079193068,5560.893467681932,5560.893467681932,71572500
2021-08-30,5625.15673828125,5638.009343166888,5586.598923624333,5595.167326881426,74564500
2021-08-31,5612.3037109375,5629.440516161737,5582.314301795086,5586.598503101145,115373500
2021-09-01,5625.15673828125,5655.146149681073,5599.451528509972,5612.304133395611,67362500
2021-09-02,5603.7353515625,5633.724760936306,5530.903928797544,5590.882747545155,53257000
2021-09-03,5655.1455078125,5655.1455078125,5582.314088393702,5620.871898674242,35764500
2021-09-06,5633.72509765625,5659.430307227305,5612.30408968037,5655.14610563213,36780000
2021-09-07,5629.4404296875,5659.429838369245,5629.4404296875,5650.861435888746,53902000
2021-09-08,5518.05126953125,5650.861509714067,5500.914464346371,5612.303698048087,77888000
2021-09-09,5629.4404296875,5629.4404296875,5492.345989999524,5492.345989999524,110074000
2021-09-10,5586.59912109375,5625.156937113569,5565.178112193851,5565.178112193851,41483500
2021-09-13,5616.587890625,5620.872091914569,5590.882682887585,5620.872091914569,29929000
2021-09-14,5608.01953125,5650.861544475745,5565.177518024256,5646.577343153171,51990500
2021-09-15,5565.17822265625,5612.30444317143,5556.6098189262175,5608.0202413064135,44514000
2021-09-16,5569.4609375,5638.008149038462,5552.3241346153845,5638.008149038462,58672500
2021-09-17,5586.59912109375,5599.45172643369,5552.325506853911,5560.893910413871,117540000
2021-09-20,5642.29345703125,5646.577658593157,5578.030433602648,5629.4408523455295,73157500
2021-09-21,5560.8935546875,5599.451368240803,5543.756748663809,5578.03036071119,57115500
2021-09-22,5616.587890625,5638.008897072845,5569.461676439741,5569.461676439741,68722000
2021-09-23,5638.0087890625,5646.577191477489,5608.01938061004,5616.587783025028,60998500
2021-09-24,5642.29345703125,5642.29345703125,5569.462030478834,5569.462030478834,60539500
2021-09-27,5638.0087890625,5650.861392684983,5616.587783025028,5642.292990269994,55052500
2021-09-28,5586.59912109375,5620.872735333589,5569.4623139738305,5603.7359282136695,80186000
2021-09-29,5638.0087890625,5638.0087890625,5582.314173365074,5586.598374572568,74079000
2021-09-30,5997.8818359375,5997.8818359375,5650.861529715401,5655.145731026785,156848000
2021-10-01,5792.240234375,5912.1978723650145,5749.3982208071375,5912.1978723650145,103954500
2021-10-04,5963.6083984375,5963.6083984375,5775.1035352684985,5775.1035352684985,74719000
2021-10-05,5950.7548828125,5950.7548828125,5877.923469559935,5920.765477355562,54986500
2021-10-06,6152.11328125,6152.11328125,5972.176820377786,5980.745223276463,174312000
2021-10-07,6134.9765625,6147.829167030377,6066.429338337988,6147.829167030377,107263500
2021-10-08,6246.3662109375,6254.934614519033,6147.829569749872,6169.2505787037035,94643500
2021-10-11,6216.3759765625,6246.365385133098,6194.9549704406445,6203.523372889387,47201000
2021-10-12,6272.0703125,6272.0703125,6207.8072970030735,6216.375699069331,91067000
2021-10-13,6447.72265625,7068.931815822259,6340.617628737541,6340.617628737541,210893300
2021-10-14,6640.51220703125,6769.038249747984,6511.986164314516,6511.986164314516,138811900
2021-10-15,6554.82763671875,6747.616684857537,6383.459593928717,6683.3536688112745,142378200
2021-10-18,6447.72265625,6576.24868926495,6404.880645245016,6554.827683762458,116644300
2021-10-19,6426.302734375,6447.723743489583,6297.7766796875,6404.881725260417,134601200
2021-10-21,6340.61767578125,6469.143709749789,6297.775664458404,6426.3016984269425,106120100
2021-10-22,6447.72265625,6469.143661752491,6362.038634240033,6383.459639742525,96730700
2021-10-25,6447.72265625,6447.72265625,6340.617628737541,6340.617628737541,60329800
2021-10-26,6447.72265625,6511.985672757475,6426.301650747509,6511.985672757475,70103000
2021-10-27,6383.46044921875,6490.565490313024,6362.039440999894,6490.565490313024,57067000
2021-10-28,6319.1962890625,6362.038297801907,6297.775284692796,6297.775284692796,75271900
2021-10-29,6404.88134765625,6404.88134765625,6319.197316249478,6383.4603398045565,60639200
2021-11-01,6340.61767578125,6469.143709749789,6340.61767578125,6469.143709749789,38593400
2021-11-02,6254.93359375,6362.038621040239,6212.091582833904,6319.196610124144,90535400
2021-11-03,6297.7763671875,6340.618383290816,6212.092334980867,6254.934351084184,61621500
2021-11-04,6319.1962890625,6404.880306541313,6319.1962890625,6362.038297801907,61081400
2021-11-05,6383.46044921875,6404.881457437605,6319.197424562185,6404.881457437605,43120400
2021-11-08,6490.56494140625,6511.985947813531,6383.459909369843,6426.301922184406,85441700
2021-11-09,6576.25,6576.25,6490.565960912052,6511.986970684039,101785800
2021-11-10,6554.82763671875,6576.248642067504,6490.564620672488,6576.248642067504,47503900
2021-11-11,6576.25,6640.513029315961,6511.986970684039,6597.671009771987,55790000
2021-11-12,6447.72265625,6640.511705772426,6447.72265625,6640.511705772426,52590100
2021-11-15,6426.302734375,6533.407779947916,6426.302734375,6533.407779947916,67344200
2021-11-16,6404.88134765625,6404.88134765625,6276.355300546091,6340.61832410117,98616900
2021-11-17,6512.34521484375,6512.34521484375,6383.387883856745,6447.866549350248,61968100
2021-11-18,6361.89501953125,6447.86657384924,6361.89501953125,6383.387908110747,78839600
2021-11-19,6383.38818359375,6404.8810731008,6340.402404579651,6383.38818359375,68203700
2021-11-22,6426.3740234375,6469.359802858487,6361.89535430602,6383.388244016513,66328300
2021-11-23,6426.3740234375,6447.866913147993,6361.89535430602,6361.89535430602,43477500
2021-11-24,6426.3740234375,6512.345582279473,6383.388244016513,6512.345582279473,35181400
2021-11-25,6383.38818359375,6469.359741621949,6383.38818359375,6404.8810731008,40216100
2021-11-26,6254.4306640625,6404.8808862220785,6232.93777518256,6361.8951084621995,113288400
2021-11-29,6361.89501953125,6383.387908110747,6168.459022315773,6254.430576633762,87907900
2021-11-30,6254.4306640625,6383.387997342139,6254.4306640625,6297.416441822379,144923700
2021-12-01,6275.92333984375,6404.880668744649,6254.4304516936,6254.4304516936,76538100
2021-12-02,6447.8671875,6447.8671875,6275.9240625,6340.402734374999,66831000
2021-12-03,6340.40185546875,6469.359181342691,6318.908967823093,6469.359181342691,63283700
2021-12-06,6318.90966796875,6426.374118104272,6318.90966796875,6404.881228077168,56944100
2021-12-07,6318.90966796875,6426.374118104272,6318.90966796875,6404.881228077168,51258200
2021-12-08,6383.38818359375,6426.3739626078495,6361.895294086701,6404.8810731008,74775000
2021-12-09,6318.90966796875,6404.881228077168,6318.90966796875,6361.8954480229595,54886400
2021-12-10,6340.40185546875,6340.40185546875,6254.430304886123,6297.416080177437,91092400
2021-12-13,6275.92333984375,6361.894892444349,6275.92333984375,6340.402004294199,59977100
2021-12-14,6275.92333984375,6340.402004294199,6254.4304516936,6275.92333984375,49763600
2021-12-15,6275.92333984375,6340.402004294199,6254.4304516936,6275.92333984375,52477600
2021-12-16,6254.4306640625,6361.8951084621995,6254.4306640625,6340.402219582259,95171400
2021-12-17,6447.8671875,6447.8671875,6275.9240625,6297.416953125,107096800
2021-12-20,6340.40185546875,6361.894743114407,6297.416080177437,6318.908967823093,74753000
2021-12-21,6340.40185546875,6361.894743114407,6297.416080177437,6297.416080177437,52386100
2021-12-22,6297.4169921875,6383.388555220777,6297.4169921875,6383.388555220777,33232000
2021-12-23,6275.92333984375,6318.909116144049,6275.92333984375,6297.416227993899,37136400
2021-12-24,6275.92333984375,6318.909116144049,6275.92333984375,6275.92333984375,30802100
2021-12-27,6318.90966796875,6318.90966796875,6275.9238879145405,6275.9238879145405,20722100
2021-12-28,6318.90966796875,6361.8954480229595,6297.416777941646,6340.402557995854,39343800
2021-12-29,6275.92333984375,6340.402004294199,6275.92333984375,6318.909116144049,42079500
2021-12-30,6275.92333984375,6318.909116144049,6275.92333984375,6318.909116144049,49954700
2022-01-03,6297.4169921875,6361.895664462458,6275.924101429181,6297.4169921875,54287400
2022-01-04,6361.89501953125,6404.880796690245,6297.416353792757,6297.416353792757,70624000
2022-01-05,6404.88134765625,6469.36001894138,6340.40267637112,6404.88134765625,76164900
2022-01-06,6426.3740234375,6469.359802858487,6383.388244016513,6447.866913147993,63657100
2022-01-07,6576.82373046875,6619.809506484885,6447.866402420343,6490.852178436478,143433300
2022-01-10,6533.83837890625,6576.824157714844,6490.852600097656,6512.345489501953,45351900
2022-01-11,6619.8095703125,6619.8095703125,6555.3309056665985,6576.823793881899,110334600
2022-01-12,6619.8095703125,6619.8095703125,6576.823793881899,6619.8095703125,62606000
2022-01-13,6619.8095703125,6662.795346743101,6576.823793881899,6619.8095703125,50025200
2022-01-14,6748.76708984375,6748.76708984375,6576.823979274483,6619.809756916799,65898700
2022-01-17,6662.7958984375,6791.753238407258,6619.810118447581,6791.753238407258,63902600
2022-01-18,6598.3173828125,6684.288944803542,6490.852930323697,6684.288944803542,71476300
2022-01-19,6598.3173828125,6641.303163808021,6512.345820821458,6576.8244923147395,60389700
2022-01-20,6684.28857421875,6684.28857421875,6555.331238381732,6641.302795606411,59925500
2022-01-21,6834.7392578125,6834.7392578125,6619.81035033412,6684.289022577634,63370500
2022-01-24,6705.78125,6748.76702724359,6684.288361378205,6727.274138621795,40278300
2022-01-25,6684.28857421875,6684.28857421875,6555.331238381732,6598.317016994071,106796900
2022-01-26,6619.8095703125,6662.795346743101,6576.823793881899,6619.8095703125,53350200
2022-01-27,6705.78125,6705.78125,6555.3310296474365,6555.3310296474365,71945100
2022-01-28,6684.28857421875,6727.274352831088,6619.809906300241,6705.78146352492,70595000
2022-01-31,6555.3310546875,6684.288386910861,6555.3310546875,6684.288386910861,68122000
2022-02-02,6705.78125,6705.78125,6598.316806891026,6684.288361378205,65308100
2022-02-03,6641.302734375,6727.274290807039,6619.80984526699,6705.781401699029,35100600
2022-02-04,6641.302734375,6705.781401699029,6619.80984526699,6662.79562348301,39324700
2022-02-07,6705.78125,6705.78125,6619.809695512821,6684.288361378205,56813200
2022-02-08,6641.302734375,6748.7671799150485,6641.302734375,6662.79562348301,61883100
2022-02-09,6834.7392578125,6834.7392578125,6705.781913325472,6748.767694821147,108922200
2022-02-10,6662.7958984375,6834.7390183971775,6662.7958984375,6834.7390183971775,93277000
2022-02-11,6727.2744140625,6727.2744140625,6576.82418754992,6598.317077051717,71968800
2022-02-14,6619.8095703125,6684.288234958401,6619.8095703125,6662.795346743101,57710700
2022-02-15,6770.259765625,6770.259765625,6641.302436755953,6662.795324900794,55617000
2022-02-16,6856.23046875,6856.23046875,6727.273155858151,6748.766041340125,77055100
2022-02-17,6791.7529296875,6813.245818705498,6705.781373615507,6748.767151651503,48704600
2022-02-18,6813.24560546875,6834.738493814078,6748.766940432768,6834.738493814078,56813400
2022-02-21,6834.7392578125,6856.232148560338,6791.753476316824,6813.246367064662,43821700
2022-02-22,6791.7529296875,6834.738707723497,6748.767151651503,6791.7529296875,80095500
2022-02-23,6920.71044921875,6963.696228406445,6770.260222061821,6791.753111655668,99240300
2022-02-24,6877.724609375,7006.681945800781,6813.245941162109,6985.189056396484,124947700
2022-02-25,6920.71044921875,7028.174897187985,6813.246001249515,6834.738890843362,135899900
2022-03-01,6920.71044921875,7028.174897187985,6877.724670031056,6877.724670031056,136616800
2022-03-02,6856.23046875,7071.159323569749,6856.23046875,7071.159323569749,100301000
2022-03-04,6791.7529296875,6899.217374777492,6791.7529296875,6856.231596741495,132983400
2022-03-07,6619.8095703125,6748.766899604301,6619.8095703125,6705.781123173701,130990900
2022-03-08,6576.82373046875,6748.766834533292,6576.82373046875,6619.809506484885,119256500
2022-03-09,6748.76708984375,6834.738645128384,6576.823979274483,6619.809756916799,132814500
2022-03-10,6813.24560546875,6856.231382159405,6705.781163742114,6813.24560546875,86484000
2022-03-11,6834.7392578125,6834.7392578125,6641.303241081958,6641.303241081958,61053900
2022-03-14,6942.20361328125,6963.696503724845,6834.739161063274,6920.710722837654,78432100
2022-03-15,7006.68115234375,7049.666926284509,6942.202491432611,7006.68115234375,111214500
2022-03-16,7049.66796875,7114.146639195885,6942.20351800686,7114.146639195885,149761300
2022-03-17,6877.724609375,7135.6392822265625,6877.724609375,7135.6392822265625,132439400
2022-03-18,6791.7529296875,6963.6960418314875,6791.7529296875,6877.724485759493,143981700
2022-03-21,6791.7529296875,6834.738707723497,6705.781373615507,6705.781373615507,85485500
2022-03-22,6813.24560546875,6834.738493814078,6770.259828778096,6791.752717123423,60010900
2022-03-23,6791.7529296875,6834.738707723497,6727.274262633505,6813.245818705498,82208000
2022-03-24,6813.24560546875,6834.738493814078,6705.781163742114,6748.766940432768,95245100
2022-03-25,6834.7392578125,6834.7392578125,6791.753476316824,6791.753476316824,85101200
2022-03-28,6895.8408203125,6895.8408203125,6808.551696004747,6830.373977081685,83911500
2022-03-29,6852.1962890625,6895.840851413216,6830.3740078871415,6874.0185702378585,62180600
2022-03-30,6874.0185546875,6895.840835813492,6830.373992435516,6895.840835813492,71430600
2022-03-31,6961.3076171875,6983.129898119122,6874.018493461011,6917.663055324256,112691900
2022-04-01,6917.6630859375,7048.5967721066645,6852.196242852919,7048.5967721066645,105575400
2022-04-04,6895.8408203125,6917.663101389438,6830.373977081685,6917.663101389438,57321200
2022-04-05,6895.8408203125,6895.8408203125,6852.196258158623,6895.8408203125,48528300
2022-04-06,6764.908203125,6852.197341229839,6764.908203125,6830.3750567036295,119263000
2022-04-07,6764.908203125,6830.3750567036295,6721.263634072581,6743.085918598791,68619400
2022-04-08,6852.1962890625,6874.0185702378585,6786.729445536425,6808.551726711783,69791600
2022-04-11,6743.0849609375,6874.018649499393,6743.0849609375,6830.374086645429,62776200
2022-04-12,6808.55224609375,6808.55224609375,6721.263114733574,6743.085397573618,73471300
2022-04-13,6808.55224609375,6852.196811773839,6764.907680413662,6808.55224609375,57622100
2022-04-14,6721.2626953125,6808.551821225649,6721.2626953125,6808.551821225649,93342900
2022-04-18,6721.2626953125,6743.084976790787,6655.795850877637,6721.2626953125,68464700
2022-04-19,6655.7958984375,6721.262743340164,6655.7958984375,6721.262743340164,98632000
2022-04-20,6677.6181640625,6743.085008808211,6655.795882480596,6743.085008808211,124388800
2022-04-21,6917.6630859375,6917.6630859375,6764.907118740142,6808.5516807965305,129323400
2022-04-22,6874.0185546875,6917.663116939484,6808.551711309524,6852.196273561508,85956100
2022-04-25,6983.13037109375,6983.13037109375,6830.3743942260735,6874.01895904541,91279600
2022-04-26,7092.24169921875,7092.24169921875,6917.663442007211,6917.663442007211,128360900
2022-04-27,7157.708984375,7157.708984375,7048.59756693026,7048.59756693026,89463100
2022-04-28,7092.24169921875,7201.353109975961,7048.597134915865,7201.353109975961,133730600
2022-05-09,6633.97412109375,6895.841520610608,6633.97412109375,6874.019237317537,456796600
2022-05-10,6568.5068359375,6633.9736814784055,6328.461735620847,6328.461735620847,268445700
2022-05-11,6677.6181640625,6721.262727226307,6503.039911407271,6568.506756152981,156535200
2022-05-12,6350.2841796875,6590.329286136168,6350.2841796875,6568.507003731744,240529600
2022-05-13,6393.9287109375,6524.862404676835,6328.461864067833,6328.461864067833,212968600
2022-05-17,6459.3955078125,6524.862354175465,6350.284097207559,6350.284097207559,159657600
2022-05-18,6612.15185546875,6612.15185546875,6437.573588657694,6546.685005414604,153514300
2022-05-19,6503.03955078125,6524.861831152999,6437.572709666003,6459.394990037752,140908900
2022-05-20,6459.3955078125,6524.862354175465,6459.3955078125,6481.217789933488,86520200
2022-05-23,6437.57275390625,6524.861875993114,6415.7504733845335,6503.039595471398,71603500
2022-05-24,6415.75146484375,6524.862884313882,6393.9291809497245,6393.9291809497245,108710800
2022-05-25,6437.57275390625,6503.039595471398,6415.7504733845335,6459.395034427966,76747400
2022-05-27,6612.15185546875,6612.15185546875,6524.862722063222,6568.507288765986,84336900
2022-05-30,6612.15185546875,6633.974138820132,6524.862722063222,6612.15185546875,105411400
2022-05-31,6764.908203125,6764.908203125,6568.507642389113,6633.974495967743,286292700
2022-06-02,6612.15185546875,6699.440988874278,6568.507288765986,6655.796422171514,149226300
2022-06-03,6633.97412109375,6699.440970972964,6612.151837800679,6633.97412109375,80563100
2022-06-06,6503.03955078125,6612.150952639996,6481.217270409501,6590.328672268247,81140300
2022-06-07,6437.57275390625,6524.861875993114,6372.105912341101,6372.105912341101,129242500
2022-06-08,6633.97412109375,6633.97412109375,6481.218138042249,6546.684987921463,108910500
2022-06-09,6546.68505859375,6612.151909179687,6546.68505859375,6546.68505859375,107828300
2022-06-10,6415.75146484375,6503.040600419856,6415.75146484375,6459.396032631803,111768600
2022-06-13,6415.75146484375,6459.396032631803,6350.284613161672,6372.106897055698,85539500
2022-06-14,6459.3955078125,6459.3955078125,6328.461815086571,6372.1063793285475,80865100
2022-06-15,6393.9287109375,6437.573275517278,6372.10642864761,6372.10642864761,130367100
2022-06-16,6612.15185546875,6633.974138820132,6437.573588657694,6459.395872009076,132666300
2022-06-17,6546.68505859375,6590.329625651042,6481.218208007813,6481.218208007813,117839400
2022-06-20,6655.7958984375,6677.618180071721,6546.684490266393,6633.973616803279,88138700
2022-06-21,6677.6181640625,6677.6181640625,6590.329037734885,6633.973600898693,44295700
2022-06-22,6546.68505859375,6677.618759765625,6546.68505859375,6655.796476236979,53041800
2022-06-23,6568.5068359375,6612.151399631437,6503.0399903965945,6503.0399903965945,60443000
2022-06-24,6524.8623046875,6633.9737144648825,6524.8623046875,6633.9737144648825,57956600
2022-06-27,6415.75146484375,6546.685168207909,6415.75146484375,6524.862884313882,76354100
2022-06-28,6372.10595703125,6459.395079730308,6372.10595703125,6372.10595703125,146078100
2022-06-29,6350.2841796875,6459.395591709622,6350.2841796875,6393.928744496348,98517800
2022-06-30,6328.4619140625,6459.395608836207,6328.4619140625,6372.10647898707,101343900
2022-07-01,6328.4619140625,6393.928761449354,6328.4619140625,6372.10647898707,68738800
2022-07-04,6153.8828125,6350.283327792553,6110.238253546099,6328.461048315603,102238600
2022-07-05,6328.4619140625,6393.928761449354,6197.5282192887935,6197.5282192887935,69172900
2022-07-06,6372.10595703125,6393.928237706014,6262.994553657427,6372.10595703125,66801100
2022-07-07,6197.52783203125,6328.46151862346,6197.52783203125,6306.639237524758,86126800
2022-07-08,6241.17236328125,6262.994644271744,6175.705520309768,6219.350082290756,64312400
2022-07-11,6219.3505859375,6284.817434210526,6219.3505859375,6284.817434210526,36830800
2022-07-12,6262.9951171875,6328.461965102351,6241.172834549216,6262.9951171875,34269000
2022-07-13,6110.23876953125,6219.350176130022,6110.23876953125,6197.527894810268,71988200
2022-07-14,6132.0615234375,6197.528372442171,6110.2392404359425,6132.0615234375,83316300
2022-07-15,6110.23876953125,6197.527894810268,6110.23876953125,6197.527894810268,57419900
2022-07-18,6241.17236328125,6241.17236328125,6132.0609583287805,6132.0609583287805,60077700
2022-07-19,6262.9951171875,6262.9951171875,6197.528269272648,6197.528269272648,59641000
2022-07-20,6459.3955078125,6459.3955078125,6262.994968723607,6284.817250844595,105792900
2022-07-21,6459.3955078125,6459.3955078125,6328.461815086571,6459.3955078125,64337100
2022-07-22,6393.9287109375,6459.395557807167,6372.10642864761,6459.395557807167,38956500
2022-07-25,6372.10595703125,6437.572799055543,6372.10595703125,6415.750518380779,31247600
2022-07-26,6372.10595703125,6437.572799055543,6328.461395681721,6328.461395681721,44379900
2022-07-27,6393.9287109375,6415.750993227389,6350.2841463577215,6393.9287109375,58465500
2022-07-28,6415.75146484375,6503.040600419856,6393.9291809497245,6437.573748737776,86909700
2022-07-29,6415.75146484375,6524.862884313882,6415.75146484375,6459.396032631803,131553000
2022-08-01,6546.68505859375,6546.68505859375,6415.751357421875,6415.751357421875,104841600
2022-08-02,6633.97412109375,6655.796404386821,6546.684987921463,6633.97412109375,106466900
2022-08-03,6655.7958984375,6655.7958984375,6612.151335169057,6655.7958984375,60170600
2022-08-04,6808.55224609375,6808.55224609375,6677.618549053486,6699.44083189353,164221000
2022-08-05,6874.0185546875,6874.0185546875,6743.084867931548,6830.373992435516,118734200
2022-08-08,6874.0185546875,6917.663116939484,6764.90714905754,6874.0185546875,84328900
2022-08-09,6895.8408203125,6961.307663543314,6874.018539235562,6874.018539235562,92875800
2022-08-10,6895.8408203125,6895.8408203125,6743.084852773932,6808.551696004747,104376300
2022-08-11,6939.48583984375,6939.48583984375,6830.37442726759,6852.196709782823,73204700
2022-08-12,6917.6630859375,6961.307647993888,6852.196242852919,6917.6630859375,59381200
2022-08-15,6939.48583984375,6961.3081223589825,6895.841274813287,6939.48583984375,81411000
2022-08-16,6961.3076171875,6961.3076171875,6852.1962125293885,6939.485336255878,83556700
2022-08-18,6983.13037109375,7004.952653503417,6874.01895904541,6895.841241455078,86136900
2022-08-19,6895.8408203125,7026.77450677413,6895.8408203125,7026.77450677413,58194900
2022-08-22,6983.13037109375,6983.13037109375,6830.3743942260735,6852.196676635742,97293300
2022-08-23,6895.8408203125,6983.129944620253,6895.8408203125,6983.129944620253,71671800
2022-08-24,6939.48583984375,7004.9526873894465,6895.841274813287,6939.48583984375,108892400
2022-08-25,7048.59716796875,7070.419450222524,6895.841192192338,6983.130321207431,99503500
2022-08-26,6983.13037109375,7092.24178314209,6983.13037109375,7004.952653503417,80472400
2022-08-29,7114.06396484375,7114.06396484375,6939.485708037769,6983.130272239264,57762100
2022-08-30,7135.88623046875,7223.1753586702025,7048.5971022672975,7070.419384317661,124467000
2022-08-31,7157.708984375,7179.531267863948,7026.775283441311,7048.59756693026,137659900
2022-09-01,7114.06396484375,7201.353093246741,7092.2416827430025,7114.06396484375,74960800
2022-09-02,7179.53125,7179.53125,7114.064399696048,7114.064399696048,71430600
2022-09-05,7223.17578125,7244.998064577039,7157.708931268882,7179.5312145959215,62906000
2022-09-06,7223.17578125,7288.642631231118,7201.353497922961,7244.998064577039,67079900
2022-09-07,7310.46484375,7310.46484375,7201.353428171642,7201.353428171642,117931700
2022-09-08,7288.6416015625,7419.575283027695,7288.6416015625,7332.286162050898,132777400
2022-09-09,7310.46484375,7419.576259328358,7223.175711287314,7419.576259328358,91234600
2022-09-12,7310.46484375,7354.109409981344,7266.820277518657,7266.820277518657,52395300
2022-09-13,7441.39990234375,7485.044476551045,7310.466179721866,7310.466179721866,124485200
2022-09-14,7419.57568359375,7550.509372127757,7310.4642764820765,7310.4642764820765,116642400
2022-09-15,7637.7978515625,7746.909249441965,7419.575055803572,7419.575055803572,190404800
2022-09-16,7375.931640625,7615.976753189719,7375.931640625,7594.1544702292895,363127600
2022-09-19,7550.51025390625,7637.7993897895585,7375.931982139631,7397.754266110458,102530600
2022-09-20,7463.2197265625,7550.508846171419,7463.2197265625,7463.2197265625,89238400
2022-09-21,7397.75390625,7506.86532079646,7354.109340431416,7441.398472068584,90933700
2022-09-22,7397.75390625,7441.398472068584,7310.464774612831,7310.464774612831,61908500
2022-09-23,7310.46484375,7397.753976212687,7310.46484375,7310.46484375,60567600
2022-09-26,7354.10888671875,7419.575731407641,7157.708352652077,7157.708352652077,106228200
2022-09-27,7244.9970703125,7375.9307523061,7244.9970703125,7310.4639113093,89567100
2022-09-28,7266.81982421875,7354.108951236392,7201.352978955518,7201.352978955518,89153400
2022-09-29,7310.46484375,7375.931693097015,7266.820277518657,7266.820277518657,62643700
2022-09-30,7463.2197265625,7485.04200646473,7223.174647637975,7310.463767246893,176524800
2022-10-03,7419.57568359375,7441.3979650160845,7375.931120749081,7375.931120749081,115079600
2022-10-04,7463.2197265625,7528.686566269189,7441.39744666027,7441.39744666027,80524500
2022-10-05,7375.931640625,7463.220772466716,7354.109357664571,7441.398489506287,63788000
2022-10-06,7354.10888671875,7419.575731407641,7354.10888671875,7397.753449844678,43967400
2022-10-07,7157.708984375,7310.464968797637,7157.708984375,7266.820401819741,112043400
2022-10-10,7244.9970703125,7310.4639113093,7092.241107986634,7114.0633883189,80238200
2022-10-11,7201.3525390625,7244.997099905303,7114.063417376894,7157.707978219697,64060000
2022-10-12,7266.81982421875,7266.81982421875,7135.886133692286,7157.708415446697,47569700
2022-10-13,7223.17578125,7310.464914558157,7223.17578125,7223.17578125,62282800
2022-10-14,7201.3525390625,7288.641660748106,7201.3525390625,7244.997099905303,70642900
2022-10-17,7201.3525390625,7244.997099905303,7135.885697798296,7201.3525390625,56387500
2022-10-18,7244.9970703125,7397.753032638366,7201.352509647967,7223.174789980233,85665300
2022-10-19,7223.17578125,7288.642631231118,7179.5312145959215,7201.353497922961,66753500
2022-10-20,7419.57568359375,7419.57568359375,7201.352869370404,7201.352869370404,91812300
2022-10-21,7550.51025390625,7615.977105818732,7375.931982139631,7375.931982139631,122777800
2022-10-24,7768.732421875,7768.732421875,7615.97644728757,7637.798729371489,89416500
2022-10-25,7594.154296875,7746.910274110992,7594.154296875001,7703.265709186423,84696300
2022-10-26,7463.2197265625,7550.508846171419,7463.2197265625,7528.686566269189,98962100
2022-10-27,7594.154296875,7594.154296875001,7463.2206021012935,7463.2206021012935,77003400
2022-10-28,7637.7978515625,7637.7978515625,7550.508733258929,7550.508733258929,84980600
2022-10-31,7681.443359375,7725.0879239169035,7659.621077104048,7725.0879239169035,138922800
2022-11-01,7681.443359375,7856.021617542613,7615.976512562144,7856.021617542613,118118400
2022-11-02,7637.7978515625,7703.264690290179,7615.975571986608,7681.442410714286,68323600
2022-11-03,7681.443359375,7703.265641645951,7594.154230291193,7594.154230291193,81856300
2022-11-04,7659.62109375,7681.443376068376,7572.331964476496,7659.62109375,84458300
2022-11-07,7725.087890625,7725.087890625,7572.331915386652,7615.976479740466,94794000
2022-11-08,7637.7978515625,7746.909249441965,7615.975571986608,7725.086969866072,42525500
2022-11-09,7746.91015625,7746.91015625,7572.331899207747,7572.331899207747,96599500
2022-11-10,7681.443359375,7681.443359375,7615.976512562144,7615.976512562144,89463000
2022-11-11,7725.087890625,7790.55473715572,7703.265608448093,7768.732454978814,59597900
2022-11-14,7637.7978515625,7768.731529017858,7637.7978515625,7746.909249441965,49208200
2022-11-15,7681.443359375,7725.0879239169035,7637.7987948330965,7659.621077104048,59092900
2022-11-16,7506.865234375,7572.3320823492,7463.220669058866,7528.687517033067,143424800
2022-11-17,7615.97705078125,7703.266186033758,7506.8656317156165,7528.687915528743,72679800
2022-11-18,7703.26513671875,7768.73197924044,7615.976013356499,7615.976013356499,83556900
2022-11-21,7615.97705078125,7768.733037473138,7615.97705078125,7746.910753660011,35901000
2022-11-22,7768.732421875,7812.376986042837,7725.0878577071635,7768.732421875,84684200
2022-11-23,7746.91015625,7834.199284771126,7746.91015625,7768.732438380282,84642100
2022-11-24,7856.02197265625,7856.02197265625,7812.377406141493,7834.199689398872,53520800
2022-11-25,7834.19775390625,7856.020031772285,7768.730920308148,7856.020031772285,75048300
2022-11-28,7877.84375,7943.310595567867,7834.199186288089,7899.666031855955,96209700
2022-11-29,7834.19775390625,7921.486865370387,7790.553198174182,7834.19775390625,91562100
2022-11-30,8117.88916015625,8205.178290910619,7725.088071761593,7746.910354450185,644359600
2022-12-01,7856.02197265625,8161.533938259548,7856.02197265625,8096.0670884874135,155775400
2022-12-02,7799.0625,7864.784936797753,7799.0625,7799.0625,130982100
2022-12-05,7689.5244140625,7799.061798878205,7689.5244140625,7711.431891025642,114656300
2022-12-06,7601.89453125,7667.616962355908,7514.26462310879,7645.709485320605,180553800
2022-12-07,7404.72802734375,7514.265424197947,7404.72802734375,7448.542986085429,229308700
2022-12-08,7448.54248046875,7514.264914119945,7317.097613166361,7339.005091050092,172590100
2022-12-09,7514.26416015625,7536.171635841837,7404.726781728316,7448.541733099491,90851300
2022-12-12,7623.8017578125,7623.8017578125,7426.634470972522,7470.449423603628,102851800
2022-12-13,7623.8017578125,7623.8017578125,7492.356899919181,7558.079328865841,104580200
2022-12-14,7558.080078125,7623.802513586957,7470.450164175724,7536.172599637681,118164300
2022-12-15,7448.54248046875,7536.172392003677,7448.54248046875,7514.264914119945,113255700
2022-12-16,7536.1728515625,7579.987810001817,7360.913017805232,7382.820497024891,181516700
2022-12-19,7579.98779296875,7623.80275130961,7536.172834627891,7579.98779296875,67482900
2022-12-20,7514.26416015625,7579.98658721301,7492.356684470664,7492.356684470664,41243700
2022-12-21,7601.89453125,7623.802008285303,7514.26462310879,7536.172100144093,33617700
2022-12-22,7514.26416015625,7601.894062898597,7514.26416015625,7579.98658721301,59591500
2022-12-23,7448.54248046875,7514.264914119945,7448.54248046875,7470.449958352482,47393000
2022-12-26,7514.26416015625,7558.079111527424,7448.541733099491,7448.541733099491,20495900
2022-12-27,7536.1728515625,7579.987810001817,7514.265372342841,7536.1728515625,27193800
2022-12-28,7579.98779296875,7579.98779296875,7492.35787628703,7579.98779296875,40420200
2022-12-29,7514.26416015625,7536.171635841837,7448.541733099491,7470.449208785077,47020900
2022-12-30,7492.3564453125,7579.986345257676,7492.3564453125,7514.263920298794,44681400
2023-01-02,7492.3564453125,7536.171395285088,7448.541495339912,7514.263920298794,10653900
2023-01-03,7492.3564453125,7536.171395285088,7470.448970326206,7492.3564453125,27399100
2023-01-04,7317.09716796875,7514.264456925992,7317.09716796875,7470.449503824383,90918800
2023-01-05,7229.46728515625,7339.004668264678,7141.837378669507,7317.097191642993,128838500
2023-01-06,7273.28271484375,7295.190192900509,7098.022890389684,7098.022890389684,69286600
2023-01-09,7404.72802734375,7404.72802734375,7295.190630489553,7295.190630489553,86916900
2023-01-10,7163.74560546875,7382.820394626816,7141.838126552943,7360.912915711009,101759100
2023-01-11,7119.93017578125,7141.837653245192,7010.392788461539,7054.207743389423,96069100
2023-01-12,7163.74560546875,7251.375521131976,7119.930647637137,7141.838126552943,103804600
2023-01-13,7054.20751953125,7163.7449033749035,7032.300042762519,7141.837426606173,119748200
2023-01-16,7141.837890625,7185.652847009203,7054.207977856595,7054.207977856595,105710700
2023-01-17,7295.18994140625,7339.004896009291,7141.837600295608,7163.745077597128,88695900
2023-01-18,7273.28271484375,7295.190192900509,7163.745324559959,7185.652802616717,96814600
2023-01-19,7295.18994140625,7317.09741870777,7229.467509501689,7317.09741870777,66391800
2023-01-20,7273.28271484375,7295.190192900509,7229.467758730234,7251.375236786992,96859500
2023-01-24,7207.560546875,7317.097941204407,7207.560546875,7273.282983472644,42474500
2023-01-25,7185.65283203125,7273.282744616997,7185.65283203125,7273.282744616997,66124500
2023-01-26,7426.634765625,7426.634765625,7207.559993777655,7207.559993777655,77582300
2023-01-27,7623.8017578125,7755.24661570582,7492.356899919181,7623.8017578125,196804700
2023-01-30,7623.8017578125,7689.52418675916,7514.264376234734,7645.709234128053,68544300
2023-01-31,7426.634765625,7601.894583102876,7426.634765625,7558.079628733407,200589000
2023-02-01,7448.54248046875,7514.264914119945,7404.727524701287,7514.264914119945,77396200
2023-02-02,7404.72802734375,7470.450465456269,7360.913068602071,7382.82054797291,99109500
2023-02-03,7623.8017578125,7623.8017578125,7448.541947288075,7492.356899919181,71716700
2023-02-06,7645.7109375,7667.6184186962755,7579.988493911175,7667.6184186962755,117757700
2023-02-07,7755.24658203125,7755.24658203125,7667.616677149541,7689.524153369968,116014700
2023-02-08,7733.33984375,7755.247322060907,7711.432365439094,7733.339843750001,54495500
2023-02-09,7799.0625,7799.0625,7711.4325842696635,7733.340063202248,72381700
2023-02-10,7733.33984375,7799.06227868272,7623.802452195468,7777.1548003718135,62060900
2023-02-13,7777.15478515625,7799.062263424295,7689.524872084066,7777.15478515625,63775000
2023-02-14,7842.87744140625,7842.877441406251,7733.340046973202,7755.2475258598115,81678200
2023-02-15,7777.15478515625,7799.062263424295,7667.617393816021,7777.15478515625,38037000
2023-02-16,7623.8017578125,7755.24661570582,7623.8017578125,7733.339139390267,66040400
2023-02-17,7645.7109375,7755.248343481376,7645.7109375,7689.52589989255,43588900
2023-02-20,7667.6171875,7733.339620535715,7623.802232142858,7645.709709821429,40077000
2023-02-21,7623.8017578125,7711.4316630747135,7623.8017578125,7689.52418675916,25390500
2023-02-22,7601.89453125,7667.616962355908,7558.079577179395,7623.802008285303,38671900
2023-02-23,7645.7109375,7667.6184186962755,7558.0810127149,7558.0810127149,53412300
2023-02-24,7601.89453125,7755.246870497119,7601.89453125,7689.524439391211,44123400
2023-02-27,7689.5244140625,7689.5244140625,7579.987029246795,7601.894506209936,59983900
2023-02-28,7667.6171875,7689.524665178572,7601.894754464286,7689.524665178572,106349400
2023-03-01,7536.1728515625,7667.61772688045,7536.1728515625,7645.7102476607915,67034700
2023-03-02,7558.080078125,7623.802513586957,7536.172599637681,7536.172599637681,56672000
2023-03-03,7426.634765625,7601.894583102876,7426.634765625,7579.987105918141,95376900
2023-03-06,7360.9130859375,7492.357962472098,7360.9130859375,7492.357962472098,92652000
2023-03-07,7382.81982421875,7426.634778665152,7317.097392549147,7317.097392549147,106115600
2023-03-08,7514.26416015625,7514.26416015625,7360.911830357143,7360.911830357143,79350900
2023-03-09,7514.26416015625,7579.98658721301,7492.356684470664,7579.98658721301,54201400
2023-03-10,7404.72802734375,7492.357944827108,7404.72802734375,7448.542986085429,59580100
2023-03-13,7492.3564453125,7558.078870271382,7404.726545367324,7404.726545367324,82077700
2023-03-14,7295.18994140625,7426.634805215372,7295.18994140625,7382.819850612331,90495300
2023-03-15,7295.18994140625,7426.634805215372,7295.18994140625,7404.727327913852,86747400
2023-03-16,7273.28271484375,7317.097670957267,7229.467758730234,7273.28271484375,105894000
2023-03-17,7339.0048828125,7404.72731459888,7295.189928288246,7339.0048828125,198558600
2023-03-20,7360.9130859375,7426.6355242047985,7339.005606515067,7360.9130859375,37277900
2023-03-21,7448.54248046875,7448.54248046875,7339.005091050092,7360.912568933823,91617400
2023-03-24,7733.33984375,7733.339843750001,7558.080017262749,7623.802452195468,145603600
2023-03-27,7623.8017578125,7733.339139390267,7623.8017578125,7733.339139390267,110692800
2023-03-28,7601.89453125,7711.431916426513,7601.89453125,7711.431916426513,98296600
2023-03-29,7865.5703125,7865.5703125,7709.152721058238,7753.84346147017,101068200
2023-03-30,7887.91552734375,7954.951636641289,7865.570157577904,7954.951636641289,118912100
2023-03-31,7820.87939453125,7910.260873325893,7798.534024832589,7887.915503627232,97146900
2023-04-03,7865.5703125,7887.915682705966,7820.879572088068,7887.915682705966,60288900
2023-04-04,7843.22412109375,7887.914856826478,7731.49728176193,7887.914856826478,60975800
2023-04-05,7798.53515625,7865.571275071633,7798.535156249999,7843.225902131088,36922100
2023-04-06,7820.87939453125,7843.224764229911,7776.1886551339285,7776.1886551339285,45489400
2023-04-10,7865.5703125,7865.5703125,7776.188831676136,7798.534201882102,32996000
2023-04-11,7887.91552734375,7887.91552734375,7820.879418046211,7887.91552734375,44554300
2023-04-12,7954.95166015625,7954.95166015625,7887.915550660551,7954.95166015625,91903600
2023-04-13,7977.29833984375,7999.6437133447125,7932.607592841824,7999.6437133447125,51726500
2023-04-14,8044.33349609375,8044.33349609375,7999.642754448784,8044.33349609375,110354200
2023-04-17,8066.6787109375,8089.024081327908,7954.951858985457,8066.6787109375,83946900
2023-04-18,8156.060546875,8200.751289597603,8066.679061429794,8089.024432791096,91178700
2023-04-26,8223.0966796875,8223.0966796875,8044.333708389945,8156.060565450917,186928200
2023-04-27,8178.40576171875,8200.751132652407,8111.369648917777,8133.715019851435,54842400
2023-04-28,8089.0234375,8156.059543335635,8089.0234375,8133.7141747237565,145775300
2023-05-02,8089.0234375,8133.7141747237565,7954.951225828729,8133.7141747237565,83645900
2023-05-03,7977.29833984375,8089.025207348564,7932.607592841824,8089.025207348564,83728800
2023-05-04,8044.33349609375,8066.678866916232,7932.606641981337,7977.297383626302,67565000
2023-05-05,8044.33349609375,8089.024237738715,7999.642754448784,8044.33349609375,64815100
2023-05-08,8044.33349609375,8111.369608561197,7999.642754448784,8044.33349609375,84754500
2023-05-09,7977.29833984375,8021.989086845675,7954.952966342787,7999.6437133447125,40929600
2023-05-10,7977.29833984375,7999.6437133447125,7954.952966342787,7977.29833984375,45322600
2023-05-11,7887.91552734375,7954.951636641289,7865.570157577904,7954.951636641289,81993900
2023-05-12,7865.5703125,7932.606423117898,7798.534201882102,7820.879572088068,96525600
2023-05-15,7843.22412109375,7932.605592559206,7798.533385361022,7932.605592559206,64830300
2023-05-16,7776.18798828125,7887.914827193337,7776.18798828125,7865.56945941092,49497000
2023-05-17,7843.22412109375,7910.260224692842,7820.878753227386,7843.22412109375,69996100
2023-05-19,8044.33349609375,8044.33349609375,7887.915900336371,7954.952012803819,123592500
2023-05-22,8044.33349609375,8111.369608561197,7977.297383626302,8044.33349609375,91000000
2023-05-23,8156.060546875,8178.405918236301,8066.679061429794,8089.024432791096,102980500
2023-05-24,8066.6787109375,8223.09630367036,8066.6787109375,8223.09630367036,77392900
2023-05-25,8089.0234375,8178.404911947514,8089.0234375,8133.7141747237565,76325700
2023-05-26,8178.40576171875,8223.096503586066,8133.715019851435,8200.751132652407,55675900
2023-05-29,8178.40576171875,8267.78724545338,8111.369648917777,8267.78724545338,79148200
2023-05-30,8267.7861328125,8334.822236592061,8178.40466110642,8223.09539695946,97189500
2023-05-31,8089.0234375,8334.822492230664,8089.0234375,8312.477123618784,722827900
2023-06-05,8223.0966796875,8334.82353674847,8133.715194038722,8178.4059368631115,163535600
2023-06-06,8178.40576171875,8223.096503586066,8089.024277984119,8089.024277984119,74872200
2023-06-07,8133.71484375,8200.750955099587,8111.369473300137,8156.0602141998625,87492200
2023-06-08,8156.060546875,8156.060546875,8111.369804152397,8111.369804152397,53188400
2023-06-09,8133.71484375,8200.750955099587,8133.71484375,8200.750955099587,44632400
2023-06-12,8178.40576171875,8178.40576171875,8133.715019851435,8178.40576171875,38082300
2023-06-13,8178.40576171875,8200.751132652407,8133.715019851435,8200.751132652407,45552600
2023-06-14,8111.36767578125,8156.05840677729,8089.022310283231,8133.71304127927,72223700
2023-06-15,8089.0234375,8133.7141747237565,8089.0234375,8133.7141747237565,59073000
2023-06-16,8089.0234375,8133.7141747237565,8021.987331664364,8133.7141747237565,112769400
2023-06-19,8044.33349609375,8089.024237738715,8044.33349609375,8044.33349609375,32330600
2023-06-20,8089.0234375,8089.0234375,7999.641963052486,8066.678068888121,54990100
2023-06-21,8156.060546875,8156.060546875,8044.333690068493,8089.024432791096,42676300
2023-06-22,8089.0234375,8178.404911947514,8089.0234375,8156.059543335635,48291100
2023-06-23,8089.0234375,8178.404911947514,8066.678068888121,8066.678068888121,47813500
2023-06-26,8111.36767578125,8156.05840677729,8066.67694478521,8066.67694478521,36389900
2023-06-27,8178.40576171875,8178.40576171875,8089.024277984119,8089.024277984119,36225100
2023-07-03,8111.36767578125,8111.36767578125,8066.67694478521,8066.67694478521,108855900
2023-07-04,8089.0234375,8178.404911947514,8089.0234375,8178.404911947514,35049300
2023-07-05,8089.0234375,8111.368806111878,8066.678068888121,8089.0234375,44609200
2023-07-06,8111.36767578125,8133.71304127927,8066.67694478521,8089.022310283231,52532400
2023-07-07,8066.6787109375,8133.7148221087255,8066.6787109375,8066.6787109375,37641300
2023-07-10,8089.0234375,8133.7141747237565,8089.0234375,8133.7141747237565,28981500
2023-07-11,8066.6787109375,8133.7148221087255,8066.6787109375,8133.7148221087255,43703500
2023-07-12,8200.75,8200.75,8089.023160762942,8111.368528610354,61566500
2023-07-13,8156.060546875,8245.442032320205,8156.060546875,8223.096660958903,65230900
2023-07-14,8223.0966796875,8223.0966796875,8156.060565450917,8200.751308275305,55554500
2023-07-17,8200.75,8267.786103542234,8200.75,8223.09536784741,62550100
2023-07-18,8178.40576171875,8267.78724545338,8133.715019851435,8223.096503586066,52924600
2023-07-20,8178.40576171875,8245.441874519724,8156.060390785093,8223.096503586066,83476600
2023-07-21,8178.40576171875,8200.751132652407,8156.060390785093,8178.40576171875,42667800
2023-07-24,8133.71484375,8223.09632554945,8133.71484375,8223.09632554945,62061200
2023-07-25,8178.40576171875,8312.477987320697,8178.40576171875,8200.751132652407,122802700
2023-07-26,8357.16796875,8357.16796875,8156.05964864639,8200.750386447193,113868700
2023-07-27,8245.44140625,8401.858993902439,8245.44140625,8401.858993902439,77848400
2023-07-28,8156.060546875,8245.442032320205,8156.060546875,8223.096660958903,74510200
2023-07-31,8156.060546875,8223.096660958903,8133.715175513698,8200.751289597603,80868000
2023-08-01,8156.060546875,8200.751289597603,8133.715175513698,8200.751289597603,49756400
2023-08-02,8223.0966796875,8223.0966796875,8156.060565450917,8156.060565450917,60629900
2023-08-03,8267.7861328125,8312.47686866554,8178.40466110642,8178.40466110642,64596100
2023-08-04,8178.40576171875,8290.13261638704,8156.060390785093,8267.78724545338,52675900
2023-08-07,8290.1318359375,8290.1318359375,8178.404991787399,8178.404991787399,55589300
2023-08-08,8223.0966796875,8312.478165336277,8223.0966796875,8290.132793924082,43373400
2023-08-09,8401.859375,8401.859375,8267.787150930852,8290.132521609043,77056800
2023-08-10,8401.859375,8424.204745678191,8357.168633643618,8401.859375,76738100
2023-08-11,8401.859375,8446.550116356382,8379.514004321809,8424.204745678191,68898600
2023-08-14,8357.16796875,8357.16796875,8245.441124247995,8334.822599849598,75495400
2023-08-15,8312.4775390625,8379.513648248489,8312.4775390625,8334.822908791162,59303700
2023-08-16,8312.4775390625,8334.822908791162,8267.786799605175,8290.132169333838,53440000
2023-08-18,8267.7861328125,8357.167604518581,8267.7861328125,8267.7861328125,79328900
2023-08-21,8200.75,8267.786103542234,8200.75,8245.440735694823,73573000
2023-08-22,8312.4775390625,8334.822908791162,8178.405320690524,8178.405320690524,65664600
2023-08-23,8312.4775390625,8334.822908791162,8290.132169333838,8312.4775390625,63749800
2023-08-24,8223.0966796875,8334.82353674847,8223.0966796875,8267.787422511889,53725900
2023-08-25,8290.1318359375,8290.1318359375,8200.75036061742,8223.09572944744,50379000
2023-08-28,8223.0966796875,8267.787422511889,8223.0966796875,8267.787422511889,44423100
2023-08-29,8267.7861328125,8312.47686866554,8223.09539695946,8290.13150073902,45428500
2023-08-30,8223.0966796875,8312.478165336277,8223.0966796875,8312.478165336277,56227000
2023-08-31,8200.75,8245.440735694823,8133.713896457765,8223.09536784741,136107200
2023-09-01,8245.44140625,8290.132145579268,8200.750666920732,8223.096036585366,42152700
2023-09-04,8245.44140625,8290.132145579268,8200.750666920732,8245.44140625,40610600
2023-09-05,8245.44140625,8267.786775914634,8223.096036585366,8267.786775914634,42007200
2023-09-06,8178.40576171875,8267.78724545338,8178.40576171875,8223.096503586066,49318400
2023-09-07,8200.75,8200.75,8133.713896457765,8156.059264305177,61405200
2023-09-08,8156.060546875,8178.405918236301,8089.024432791096,8133.715175513698,80732300
2023-09-11,8156.060546875,8156.060546875,8111.369804152397,8111.369804152397,53155900
2023-09-12,8133.71484375,8156.0602141998625,8111.369473300137,8133.71484375,66479000
2023-09-13,8111.36767578125,8111.36767578125,8044.33157928719,8089.022310283231,69490200
2023-09-14,8133.71484375,8156.0602141998625,8044.333361950549,8044.333361950549,112757900
2023-09-15,8044.33349609375,8133.714979383681,8044.33349609375,8089.024237738715,121005300
2023-09-18,8044.33349609375,8111.369608561197,8044.33349609375,8089.024237738715,34272200
2023-09-19,8111.36767578125,8111.36767578125,8021.9862137891705,8044.33157928719,33325800
2023-09-20,8178.40576171875,8200.751132652407,8111.369648917777,8156.060390785093,54305500
2023-09-21,8156.060546875,8178.405918236301,8111.369804152397,8156.060546875,40607000
2023-09-22,8111.36767578125,8178.40377227531,8111.36767578125,8156.05840677729,42445300
2023-09-25,8044.33349609375,8111.369608561197,8044.33349609375,8111.369608561197,56132200
2023-09-26,7999.642578125,8066.678689114874,7999.642578125,8044.333318784916,73544700
2023-09-27,7932.6064453125,8044.33329665493,7932.6064453125,7954.951815580986,84345000
2023-09-29,7887.91552734375,7954.951636641289,7887.91552734375,7887.91552734375,118960000
2023-10-02,8111.36767578125,8133.71304127927,7932.60475179709,7954.95011729511,93663000
2023-10-03,8223.0966796875,8223.0966796875,8066.679079802139,8111.369822626528,98380200
2023-10-04,8223.0966796875,8267.787422511889,8156.060565450917,8223.0966796875,112582800
2023-10-05,8111.36767578125,8223.09450327135,8111.36767578125,8223.09450327135,72855700
2023-10-06,8066.6787109375,8133.7148221087255,8066.6787109375,8133.7148221087255,53344400
2023-10-09,8089.0234375,8156.059543335635,8066.678068888121,8066.678068888121,43774500
2023-10-10,7977.29833984375,8044.3344603466385,7977.29833984375,8044.3344603466385,71966100
2023-10-11,7977.29833984375,8066.679833847601,7977.29833984375,7977.29833984375,84305800
2023-10-12,8089.0234375,8133.7141747237565,8044.332700276243,8044.332700276243,71064500
2023-10-13,8111.36767578125,8156.05840677729,8066.67694478521,8133.71304127927,62941800
2023-10-16,8133.71484375,8156.0602141998625,8089.024102850274,8156.0602141998625,29429200
2023-10-17,7999.642578125,8111.369429774791,7999.642578125,8089.024059444832,59606000
2023-10-18,7910.26025390625,7999.641725701801,7910.26025390625,7977.2963577529135,50919200
2023-10-19,7820.87939453125,7910.260873325893,7820.87939453125,7887.915503627232,89509700
2023-10-20,8021.98681640625,8066.6775507594875,7798.533144640059,7798.533144640059,64554500
2023-10-23,7910.26025390625,7977.2963577529135,7910.26025390625,7932.6056218551375,50633500
2023-10-24,7843.22412109375,7932.605592559206,7843.22412109375,7843.22412109375,76963200
2023-10-25,7932.6064453125,7977.297185849471,7887.915704775528,7887.915704775528,54748400
2023-10-26,7798.53515625,7999.643512714899,7798.535156249999,7977.298139774355,63199400
2023-10-27,7776.18798828125,7865.56945941092,7776.18798828125,7798.533356063667,52450700
2023-10-30,7910.26025390625,7910.26025390625,7776.188046212924,7776.188046212924,51958200
2023-10-31,7820.87939453125,7887.915503627232,7798.534024832589,7865.5701339285715,64907600
2023-11-01,7686.8076171875,7843.225214048874,7686.8076171875,7820.8798430686775,67027600
2023-11-02,7910.26025390625,7954.950989804025,7798.533414161811,7798.533414161811,56050900
2023-11-03,7954.95166015625,7999.642399820049,7910.260920492451,7977.297029988149,60414100
2023-11-06,8089.0234375,8089.0234375,7999.641963052486,8021.987331664364,84994200
2023-11-07,8021.98681640625,8066.6775507594875,7954.950714876392,8044.332183582868,60648200
2023-11-08,8044.33349609375,8044.33349609375,7954.952012803819,7999.642754448784,31829300
2023-11-09,8044.33349609375,8089.024237738715,7954.952012803819,7954.952012803819,46076800
2023-11-10,7887.91552734375,8044.333115704674,7887.91552734375,7999.642376172982,50754600
2023-11-13,7932.6064453125,7977.297185849471,7910.2610750440135,7932.6064453125,20827700
2023-11-14,7977.29833984375,7999.6437133447125,7932.607592841824,7954.952966342787,37195700
2023-11-15,8089.0234375,8089.0234375,7999.641963052486,8021.987331664364,84977900
2023-11-16,8111.36767578125,8111.36767578125,7999.64084829115,8089.022310283231,48714300
2023-11-17,8111.36767578125,8111.36767578125,8021.9862137891705,8066.67694478521,57050500
2023-11-20,7932.6064453125,8066.678666923415,7932.6064453125,8021.987926386443,49216000
2023-11-21,7843.22412109375,7954.95096042557,7843.22412109375,7887.914856826478,107614800
2023-11-22,7932.6064453125,7932.6064453125,7843.224964238556,7843.224964238556,40364800
2023-11-23,7977.29833984375,8021.989086845675,7910.262219340861,7910.262219340861,55542100
2023-11-24,7977.29833984375,8021.989086845675,7954.952966342787,7977.29833984375,43631900
2023-11-27,7932.6064453125,7999.642556117958,7932.6064453125,7954.951815580986,35679000
2023-11-28,7932.6064453125,7999.642556117958,7910.2610750440135,7932.6064453125,69070600
2023-11-29,7954.95166015625,7999.642399820049,7954.95166015625,7954.95166015625,54715600
2023-11-30,8021.98681640625,8021.98681640625,7954.950714876392,7977.296082053012,205312100
2023-12-01,7999.642578125,8021.987948454958,7954.951837465083,7977.297207795042,80566400
2023-12-04,8015.35986328125,8105.16781693146,8015.35986328125,8037.811851693802,54747400
2023-12-05,7992.90625,8037.8102176966295,7925.550298455057,8037.8102176966295,94363900
2023-12-06,7903.09912109375,8037.811037930575,7903.09912109375,7948.003093372692,81852800
2023-12-07,7925.5498046875,7925.5498046875,7835.7418748893415,7858.193857338881,91322500
2023-12-08,7858.19482421875,7948.0027650669645,7858.19482421875,7903.098794642857,43891600
2023-12-11,7858.19482421875,7880.646809430804,7790.838868582589,7790.838868582589,78642800
2023-12-12,7813.2900390625,7858.194004804239,7813.2900390625,7813.2900390625,87589300
2023-12-13,7790.83837890625,7858.194330308898,7790.838378906251,7813.290362707133,51560500
2023-12-14,8127.6181640625,8127.618164062499,7858.194357518992,7880.646341397617,115332800
2023-12-15,8284.7822265625,8284.7822265625,8150.070320439533,8194.974289147189,275013500
2023-12-18,8262.3310546875,8284.783041249151,8217.4270815642,8262.3310546875,111712200
2023-12-19,8307.234375,8307.234375,8194.974451013513,8194.974451013513,65174500
2023-12-20,8352.138671875,8352.138671875,8284.78271484375,8307.234700520834,72938100
2023-12-21,8374.5908203125,8374.5908203125,8307.234861972185,8352.138834199062,88116700
2023-12-22,8374.5908203125,8397.042806425938,8329.686848085623,8329.686848085623,64449600
2023-12-27,8419.4931640625,8441.945145833333,8374.589200520833,8419.4931640625,64464700
2023-12-28,8441.947265625,8464.399253033578,8374.59130339927,8374.59130339927,70184600
2023-12-29,8441.947265625,8486.851240442154,8397.043290807846,8464.399253033578,79903400
2024-01-02,8464.3984375,8464.3984375,8397.042481763927,8441.946452254642,30545200
2024-01-03,8397.0419921875,8464.397943996491,8374.590008251169,8464.397943996491,34603300
2024-01-04,8509.302734375,8509.302734375,8419.494789948878,8441.946776055409,56501800
2024-01-05,8599.1103515625,8621.56233681462,8509.302410554013,8531.754395806136,85290100
2024-01-08,8599.1103515625,8644.014322066743,8509.302410554013,8621.56233681462,50896000
2024-01-09,8644.013671875,8644.013671875,8599.109704748376,8621.561688311689,59848600
2024-01-10,8576.658203125,8666.466142424737,8576.658203125,8666.466142424737,52774900
2024-01-11,8599.1103515625,8666.466307318864,8599.1103515625,8644.014322066743,39381500
2024-01-12,8711.3701171875,8711.3701171875,8621.56217783505,8666.466147511275,68253400
2024-01-15,8733.8212890625,8756.273271810733,8666.465340817802,8756.273271810733,88399500
2024-01-16,8711.3701171875,8756.274086863725,8688.918132349389,8711.3701171875,44869200
2024-01-17,8756.2734375,8756.2734375,8666.465504807693,8756.2734375,107706100
2024-01-18,8688.9189453125,8756.274906128876,8644.014971434915,8688.9189453125,71048900
2024-01-19,8644.013671875,8778.725573254871,8621.561688311689,8778.725573254871,63176500
2024-01-22,8644.013671875,8666.465655438313,8554.205737621754,8621.561688311689,52868300
2024-01-23,8621.5625,8621.5625,8486.8505859375,8486.8505859375,92348600
2024-01-24,8554.20703125,8621.562992125984,8509.303057332678,8621.562992125984,84906000
2024-01-25,8531.75390625,8599.109858141446,8486.849938322368,8486.849938322368,63212700
2024-01-26,8397.0419921875,8486.84992793282,8352.13802431484,8441.94596006016,78977300
2024-01-29,8576.658203125,8576.658203125,8419.494309350457,8441.946294175392,73452800
2024-01-30,8666.46484375,8666.46484375,8509.300973526555,8531.752954987047,73136400
2024-01-31,8576.658203125,8711.370112074606,8576.658203125,8711.370112074606,102581200
2024-02-01,8711.3701171875,8733.822102025611,8599.110192996939,8666.466147511275,104208700
2024-02-02,8711.3701171875,8801.178056539948,8644.014162673164,8778.726071701836,99324000
2024-02-05,8599.1103515625,8688.918292570985,8554.206381058257,8688.918292570985,57983300
2024-02-06,8644.013671875,8756.273589691558,8644.013671875,8756.273589691558,87651000
2024-02-07,8711.3701171875,8733.822102025611,8666.466147511275,8711.3701171875,92953500
2024-02-12,8801.1787109375,8801.1787109375,8711.370764907526,8756.274737922513,87949400
2024-02-13,8733.8212890625,8801.177237307198,8711.369306314267,8756.273271810733,66072400
2024-02-15,8846.08203125,8958.34195550444,8846.08203125,8935.889970653552,164748900
2024-02-16,8935.890625,8980.794597989949,8868.534665515075,8958.342611494974,142277200
2024-02-19,8868.5341796875,8958.342120747628,8823.630209157436,8890.986164952532,53341300
2024-02-20,9003.2451171875,9003.2451171875,8846.081237336346,8846.081237336346,63997700
2024-02-21,8958.341796875,8980.79378132832,8846.081874608397,8935.88981242168,75371600
2024-02-22,8868.5341796875,8958.342120747628,8868.5341796875,8958.342120747628,66913000
2024-02-23,8823.6298828125,8913.43782055105,8801.177898377862,8890.985836116412,55192300
2024-02-26,8801.1787109375,8868.534670459981,8733.82275141502,8756.274737922513,41356000
2024-02-27,8868.5341796875,8890.986164952532,8756.274253362342,8756.274253362342,43735800
2024-02-28,8980.7939453125,8980.7939453125,8890.986005859375,8958.34196044922,54043100
2024-02-29,8868.5341796875,8980.794106012658,8846.082194422468,8980.794106012658,126671200
2024-03-01,8823.6298828125,8913.43782055105,8801.177898377862,8890.985836116412,51520600
2024-03-04,8756.2734375,8823.629387019231,8756.2734375,8801.177403846154,43822900
2024-03-05,8801.1787109375,8890.986656967474,8778.726724430007,8890.986656967474,61952900
2024-03-06,8935.890625,8980.794597989949,8778.726719535176,8890.98665201005,70242200
2024-03-07,9093.0537109375,9137.957679880401,8980.793788580248,9025.697757523149,118369300
2024-03-08,9115.505859375,9250.217768626848,9093.053874499692,9205.313798876232,100947200
2024-03-13,8980.7939453125,9340.025703125,8980.7939453125,9340.025703125,141622600
2024-03-14,9272.6689453125,9272.6689453125,9003.245150291314,9025.697133209746,110681100
2024-03-15,9115.505859375,9250.217768626848,9025.697919873768,9160.409829125616,154176800
2024-03-18,9115.505859375,9227.76578375154,9115.505859375,9137.957844250308,62444100
2024-03-19,9137.9580078125,9205.313963644041,9115.506022535319,9115.506022535319,55004800
2024-03-20,9093.0537109375,9115.50569540895,9048.149741994599,9070.60172646605,66269700
2024-03-21,9093.0537109375,9182.861648823302,9025.697757523149,9137.957679880401,90279400
2024-03-22,9070.6025390625,9093.054525545329,8935.890620165532,8980.794593131188,91968200
2024-03-25,9256.6533203125,9256.6533203125,9118.83714184631,9256.6533203125,66971000
2024-03-26,9233.685546875,9233.685546875,9141.80807874689,9233.685546875,65742700
2024-03-27,9256.6533203125,9256.6533203125,9187.745231079405,9210.714594157103,39514100
2024-03-28,9256.6533203125,9279.622683390198,9164.775868001707,9210.714594157103,79229700
2024-04-01,9049.9296875,9279.623334390863,9026.960322810914,9256.653969701776,79248700
2024-04-02,9095.8681640625,9141.806892163826,9003.990707859848,9118.837528113163,76763100
2024-04-03,8751.328125,9003.991141732284,8751.328125,8958.052411417322,177418400
2024-04-04,9049.9296875,9049.9296875,8797.266675920051,8797.266675920051,75993500
2024-04-05,9026.958984375,9141.805790791985,9026.958984375,9141.805790791985,70428600
2024-04-16,8705.388671875,8797.26612487632,8498.664402622033,8590.54185562335,283265900
2024-04-17,8751.328125,8889.144315944883,8751.328125,8774.29749015748,95620700
2024-04-18,8705.388671875,8797.26612487632,8682.41930862467,8751.32739837566,127134000
2024-04-19,8705.388671875,8728.35803512533,8544.603129122692,8590.54185562335,147784300
2024-04-22,8590.54296875,8659.451067429813,8590.54296875,8636.481701203209,128908000
2024-04-23,8935.08203125,8981.020756346401,8636.480318123393,8636.480318123393,178833000
2024-04-24,9141.806640625,9141.806640625,8958.051733275754,9026.95982353172,132832700
2024-04-25,8981.021484375,9187.745764066496,8912.113391144501,9187.745764066496,104874100
2024-04-26,8843.2060546875,9026.960985693993,8843.2060546875,8912.114153814935,100932900
2024-04-29,9003.9912109375,9049.92994160555,8751.328192263234,8751.328192263234,90063500
2024-04-30,9003.9912109375,9233.684864277742,9003.9912109375,9233.684864277742,109623000
2024-05-02,8774.2978515625,9095.868977012435,8728.359119355368,9095.868977012435,97079400
2024-05-03,9049.9296875,9049.9296875,8889.144134676395,8958.052228743654,81200400
2024-05-06,9003.9912109375,9072.899306939573,8981.021845603476,9049.92994160555,53076200
2024-05-07,8912.11328125,8958.052009503866,8843.2051888692,8912.11328125,66746800
2024-05-08,8613.51171875,8912.113458333333,8613.51171875,8820.235999999999,112808900
2024-05-13,8751.328125,8751.328125,8452.726377952757,8452.726377952757,145469900
2024-05-14,8774.2978515625,8889.144682080334,8751.328485458933,8843.2059498732,95363500
2024-05-15,8728.3583984375,8820.235855263158,8659.450305818256,8728.3583984375,54741900
2024-05-16,8820.236328125,8889.144424438477,8751.328231811523,8797.266962687174,61126000
2024-05-17,8958.05078125,9049.928225160256,8797.265254407052,8820.234615384616,99848500
2024-05-20,8705.388671875,9003.990394129289,8705.388671875,8912.112941127969,87890100
2024-05-21,8613.51171875,8797.266635416667,8613.51171875,8682.4198125,75311400
2024-05-22,8659.4501953125,8797.266378792276,8567.572739659317,8705.388923139091,121712700
2024-05-27,8544.6025390625,8613.51062405494,8521.633177398355,8544.6025390625,128578500
2024-05-28,8544.6025390625,8636.479985719086,8544.6025390625,8544.6025390625,73945700
2024-05-29,8406.7880859375,8567.573650422644,8406.7880859375,8521.634917712603,117351600
2024-05-30,8268.9716796875,8498.665337456598,8062.247387695313,8268.9716796875,207115100
2024-05-31,8498.6640625,8498.6640625,8291.93980152027,8360.847888513514,756431600
2024-06-03,8521.634765625,8590.542863460243,8475.69603373484,8590.542863460243,72197700
2024-06-04,8590.54296875,8751.32853233623,8590.54296875,8751.32853233623,75353100
2024-06-05,8682.419921875,8728.35865162037,8544.603732638889,8728.35865162037,82087300
2024-06-06,8705.388671875,8751.32739837566,8682.41930862467,8751.32739837566,44991300
2024-06-07,8567.572265625,8728.357804121984,8567.572265625,8728.357804121984,51599800
2024-06-10,8751.328125,8751.328125,8682.420029527559,8728.35875984252,45584700
2024-06-11,8544.6025390625,8774.296155703965,8544.6025390625,8774.296155703965,68690900
2024-06-12,8498.6640625,8567.572149493242,8498.6640625,8544.602787162163,49785700
2024-06-13,8452.7265625,8705.389584748642,8452.7265625,8705.389584748642,84652200
2024-06-14,8452.7265625,8498.665293817934,8360.84909986413,8452.7265625,52986300
2024-06-19,8314.9091796875,8498.664078686119,8314.9091796875,8498.664078686119,100051000
2024-06-20,8659.4501953125,8659.4501953125,8360.848464439656,8406.787192266247,81474800
2024-06-21,8820.236328125,8889.144424438477,8636.481404622396,8705.389500935873,166841200
2024-06-24,8820.236328125,8958.052520751953,8797.266962687174,8820.236328125,79592300
2024-06-25,8820.236328125,8820.236328125,8682.420135498047,8820.236328125,80029000
2024-06-26,8728.3583984375,8866.174583675987,8682.419670024672,8751.327762643916,77913200
2024-06-27,8958.05078125,8958.05078125,8774.295893429487,8797.265254407052,89150700
2024-06-28,9118.837890625,9164.776620552582,8981.021700842253,9003.991065806045,166172300
2024-07-01,9072.8994140625,9095.868779667722,9026.960682852057,9049.93004845728,68634600
2024-07-02,9095.8681640625,9187.745620265152,9049.929435961174,9187.745620265152,78848500
2024-07-03,9187.74609375,9187.74609375,9118.837998046874,9164.776728515624,55860200
2024-07-04,9026.958984375,9187.744513358779,9026.958984375,9164.77515207538,67054000
2024-07-05,9141.806640625,9164.776004043655,9072.898550369033,9118.837277206343,36946900
2024-07-08,9233.685546875,9233.685546875,9141.80807874689,9187.746812810945,72903600
2024-07-09,9256.6533203125,9325.561409545597,9256.6533203125,9279.622683390198,61853200
2024-07-10,9279.623046875,9394.469866762067,9233.684318920174,9348.53113880724,62325900
2024-07-11,9256.6533203125,9302.592046467898,9187.745231079405,9187.745231079405,55908400
2024-07-12,9256.6533203125,9279.622683390198,9210.714594157103,9233.683957234802,62646500
2024-07-15,9233.685546875,9256.654913907027,9141.80807874689,9233.685546875,36682600
2024-07-16,9141.806640625,9210.714730880967,9141.806640625,9164.776004043655,37192700
2024-07-17,9003.9912109375,9141.807402941646,9003.9912109375,9095.868672273598,90666000
2024-07-18,9279.623046875,9279.623046875,9003.99067914604,9003.99067914604,65383200
2024-07-19,9302.59375,9302.59375,9164.777546296296,9233.685648148148,53880300
2024-07-22,9279.623046875,9325.561774829826,9279.623046875,9302.592410852412,31285300
2024-07-23,9348.53125,9371.500614250614,9302.592521498771,9371.500614250614,39321100
2024-07-24,9256.6533203125,9348.530772623295,9256.6533203125,9302.592046467898,24658000
2024-07-25,9463.3779296875,9463.3779296875,9371.500474059465,9394.469837966473,98088100
2024-07-26,9486.34765625,9555.255750605327,9463.378291464891,9532.286385820218,75565800
2024-07-29,9417.4384765625,9578.2240115282,9348.530390148628,9555.254649390243,69092500
2024-07-30,9348.53125,9463.378071253072,9348.53125,9463.378071253072,32122900
2024-07-31,9440.408203125,9509.316292198906,9394.46947707573,9509.316292198906,82519900
2024-08-01,9532.2861328125,9532.2861328125,9371.500583584337,9371.500583584337,61176200
2024-08-02,9371.5009765625,9509.317167394302,9371.5009765625,9440.409071978402,55699900
2024-08-05,9072.8994140625,9325.562435719938,9072.8994140625,9187.746242088608,126328300
2024-08-06,9187.74609375,9256.654189453126,9141.80736328125,9256.654189453126,78473900
2024-08-07,9279.623046875,9279.623046875,9187.745590965345,9187.745590965345,52327400
2024-08-08,9394.4697265625,9394.4697265625,9256.653544754738,9325.56163565862,54162100
2024-08-09,9325.5615234375,9417.438976870382,9279.62279672106,9394.469613512161,47062400
2024-08-12,9371.5009765625,9371.5009765625,9256.654150869332,9279.623516007967,40364100
2024-08-13,9463.3779296875,9463.3779296875,9348.531110152457,9417.439201873483,55207100
2024-08-14,9371.5009765625,9463.378437117035,9371.5009765625,9463.378437117035,47999100
2024-08-15,9394.4697265625,9463.377817466382,9348.530999293247,9371.500362927873,33396600
2024-08-16,9486.34765625,9486.34765625,9417.439561894673,9463.378291464891,40731400
2024-08-19,9532.2861328125,9578.224861163404,9440.408676110692,9486.347404461596,51054400
2024-08-20,9578.224609375,9601.193972946643,9463.377791516787,9486.34715508843,60304400
2024-08-21,9578.224609375,9647.13270008993,9578.224609375,9647.13270008993,84848800
2024-08-22,9486.34765625,9555.255750605327,9394.470197109564,9509.317021035109,56611600
2024-08-23,9486.34765625,9532.286385820218,9463.378291464891,9486.34765625,46651600
2024-08-26,9486.34765625,9532.286385820218,9417.439561894673,9440.408926679782,35145600
2024-08-27,9371.5009765625,9463.378437117035,9348.531611423867,9440.409071978402,60448400
2024-08-28,9509.31640625,9509.31640625,9417.438953049517,9463.377679649759,38489900
2024-08-29,9394.4697265625,9647.1327265434,9394.4697265625,9647.1327265434,53004700
2024-08-30,9486.34765625,9486.34765625,9371.500832324455,9486.34765625,158403700
2024-09-02,9440.408203125,9532.28565522354,9371.500114051096,9532.28565522354,72008600
2024-09-03,9348.53125,9486.347435503685,9325.561885749385,9486.347435503685,50950200
2024-09-04,9463.3779296875,9463.3779296875,9302.59238233844,9325.561746245448,44817000
2024-09-05,9417.4384765625,9509.31592511433,9417.4384765625,9509.31592511433,39332900
2024-09-06,9463.3779296875,9463.3779296875,9394.469837966473,9394.469837966473,31541800
2024-09-09,9440.408203125,9509.316292198906,9371.500114051096,9463.377566149635,36185100
2024-09-10,9509.31640625,9509.31640625,9440.408316349638,9509.31640625,55093100
2024-09-11,9578.224609375,9578.224609375,9509.316518660073,9578.224609375,64621300
2024-09-12,9624.1640625,9647.133427804296,9532.286601282816,9601.194697195704,70759100
2024-09-13,9578.224609375,9578.224609375,9486.34715508843,9555.255245803357,70057100
2024-09-17,9647.1328125,9647.1328125,9509.316629464285,9601.194084821429,89745000
2024-09-18,9761.98046875,9761.98046875,9601.194908088235,9647.133639705882,65420200
2024-09-19,10014.6435546875,10014.6435546875,9784.94989517632,9830.888627078555,140886600
2024-09-20,9899.7958984375,10014.642718604988,9899.7958984375,10014.642718604988,142194600
2024-09-23,10060.5810546875,10060.5810546875,9853.856786440498,9853.856786440498,72553800
2024-09-24,9922.7646484375,10060.580824110242,9899.795285825376,9899.795285825376,105191100
2024-09-25,9968.703125,9968.703125,9670.101418490784,9807.917590725807,158369100
2024-09-26,9830.888671875,9991.67423426548,9807.919305819218,9991.67423426548,84960100
2024-09-27,9784.9501953125,9876.827661935153,9555.256528755868,9647.133995378521,93027400
2024-09-30,9486.34765625,9693.07193931598,9486.34765625,9624.163844960654,144692100
2024-10-01,9693.072265625,9693.072265625,9532.286706716528,9555.256072274882,59797700
2024-10-02,9647.1328125,9693.071540178571,9486.347265625,9486.347265625,86746200
2024-10-03,9601.1943359375,9670.102429257626,9555.255607057417,9601.1943359375,60887000
2024-10-04,9624.1640625,9624.1640625,9509.31723597852,9555.255966587112,58500400
2024-10-07,9463.3779296875,9532.286021408525,9417.439201873483,9509.316657501517,91867900
2024-10-08,9555.255859375,9647.133319561299,9325.562208909254,9371.500939002404,99622900
2024-10-09,9578.224609375,9670.10206366157,9555.255245803357,9555.255245803357,56835200
2024-10-10,9647.1328125,9647.1328125,9555.255357142858,9578.224720982143,51080000
2024-10-11,9532.2861328125,9716.041046216114,9532.2861328125,9716.041046216114,44632100
2024-10-14,9647.1328125,9647.1328125,9532.28599330357,9532.28599330357,31738600
2024-10-15,9761.98046875,9761.98046875,9601.194908088235,9693.07237132353,66635200
2024-10-16,9624.1640625,9853.85771554296,9624.1640625,9830.888350238663,63255900
2024-10-17,9853.857421875,9922.765515734265,9647.133140297203,9693.071869536714,66993300
2024-10-18,9876.826171875,9991.672987827034,9853.856808684593,9991.672987827034,56299600
2024-10-21,9807.9189453125,9968.704501793032,9807.9189453125,9968.704501793032,36472500
2024-10-22,9647.1328125,9739.010267857142,9624.163448660714,9624.163448660714,94799500
2024-10-23,9784.9501953125,9784.9501953125,9624.164628722858,9624.164628722858,48903000
2024-10-24,9830.888671875,9968.704868209697,9830.888671875,9853.858037930782,85341200
2024-10-25,9876.826171875,9876.826171875,9761.979355922966,9784.948719113372,34847500
2024-10-28,9739.009765625,9945.734029517984,9739.009765625,9945.734029517984,39061500
2024-10-29,9647.1328125,9716.040904017857,9647.1328125,9670.102176339286,49680100
2024-10-30,9509.31640625,9555.255132850241,9440.408316349638,9440.408316349638,114484100
2024-10-31,9417.4384765625,9624.162735804115,9417.4384765625,9486.346562976372,97553400
2024-11-01,9578.224609375,9578.224609375,9440.408427945144,9440.408427945144,47710000
2024-11-04,9532.2861328125,9647.13295368976,9463.378040286145,9578.224861163404,49275700
2024-11-05,9647.1328125,9716.040904017857,9463.377901785714,9463.377901785714,50296500
2024-11-06,9601.1943359375,9647.133064817584,9532.286242617374,9624.163700377543,50324900
2024-11-07,9348.53125,9601.194256756757,9348.53125,9486.347435503685,131579100
2024-11-08,9256.6533203125,9394.469498778692,9233.683957234802,9371.500135700993,92166100
2024-11-11,9233.685546875,9233.685546875,9003.991876554726,9003.991876554726,128707600
2024-11-12,9325.5615234375,9394.469613512161,9187.745343288178,9279.62279672106,80378500
2024-11-13,9325.5615234375,9417.438976870382,9325.5615234375,9394.469613512161,62933100
2024-11-14,9279.623046875,9348.53113880724,9233.684318920174,9302.592410852412,56381400
2024-11-15,9348.53125,9440.408707002456,9233.684428746928,9233.684428746928,63598200
2024-11-18,9187.74609375,9302.592919921875,9187.74609375,9256.654189453126,65716200
2024-11-19,9118.837890625,9210.715350480163,9095.868525661208,9095.868525661208,85295300
2024-11-20,9256.6533203125,9325.561409545597,9187.745231079405,9210.714594157103,58584400
2024-11-21,9095.06640625,9233.569955583756,9095.06640625,9233.569955583756,93181200
2024-11-22,9095.06640625,9187.402105805837,9095.06640625,9164.318180916878,58396100
2024-11-25,9395.1572265625,9418.24115095209,9141.234058277027,9187.401907056204,165369400
2024-11-26,9233.5703125,9464.4095703125,9233.5703125,9464.4095703125,62310100
2024-11-28,9233.5703125,9302.82208984375,9164.31853515625,9210.48638671875,57443500
2024-11-29,9233.5703125,9325.906015625,9187.402460937501,9233.5703125,76886000
2024-12-02,9002.73046875,9279.737560096155,9002.73046875,9233.569711538461,87879600
2024-12-03,9418.2421875,9441.326114430147,9141.235064338236,9256.65469898897,126087100
2024-12-04,9418.2421875,9464.410041360294,9279.738625919117,9395.158260569853,97876300
2024-12-05,9464.4091796875,9556.744879001524,9441.325254858994,9464.4091796875,96904400
2024-12-06,9302.8212890625,9395.156984239298,9279.7373652683,9325.9052128567,68247200
2024-12-09,9556.7451171875,9556.7451171875,9233.570161533817,9256.654086937651,64458400
2024-12-10,9556.7451171875,9556.7451171875,9487.493340975996,9533.661191783665,61230400
2024-12-11,9625.9970703125,9625.9970703125,9441.3256636878,9441.3256636878,37934300
2024-12-12,9395.1572265625,9579.828621679208,9395.1572265625,9510.576848510444,44780100
2024-12-13,9279.7373046875,9441.324770192008,9256.653381044,9348.989075618005,75126400
2024-12-16,9325.90625,9348.990176361387,9233.570544554455,9233.570544554455,57746100
2024-12-17,9141.234375,9279.737926136364,9141.234375,9187.402225378788,99845900
2024-12-18,9048.8984375,9256.653758769133,9048.8984375,9141.234135841836,84868500
2024-12-19,8933.4794921875,9025.815197533107,8818.059860505491,8956.563418523901,104254100
2024-12-20,8910.3955078125,9002.731212556671,8887.311581626458,8910.3955078125,91576900
2024-12-23,9025.814453125,9095.066226422634,8956.562679827366,8956.562679827366,43292100
2024-12-24,9002.73046875,9141.234014423077,9002.73046875,9095.066165865384,32415700
2024-12-27,9048.8984375,9071.982362085459,8979.646663743622,9048.8984375,24016700
2024-12-30,8933.4794921875,9071.98305020591,8933.4794921875,9048.899123869509,56350100
2025-01-02,9141.234375,9141.234375,8910.39512310606,8910.39512310606,38124800
2025-01-03,9095.06640625,9164.318180916878,9071.98248136104,9095.06640625,41916000
2025-01-06,8933.4794921875,9118.150902878715,8910.395565851099,9095.066976542312,41593900
2025-01-07,8794.9755859375,8979.646989316765,8794.9755859375,8933.479138471948,71318600
2025-01-08,8933.4794921875,9025.815197533107,8841.143786841893,8933.4794921875,55943100
2025-01-09,9095.06640625,9118.150331138959,8979.646781805202,9002.730706694161,42733800
2025-01-10,8979.6474609375,9164.318874015906,8979.6474609375,9048.899240841904,72531300
2025-01-13,8933.4794921875,8979.647344860303,8887.311639514695,8887.311639514695,88270100
2025-01-14,8794.9755859375,8979.646989316765,8794.9755859375,8864.227362204725,70942600
2025-01-15,9048.8984375,9048.8984375,8818.059191645409,8841.143116230867,77098000
2025-01-16,9002.73046875,9164.317938701923,9002.73046875,9095.066165865384,76979000
2025-01-17,9141.234375,9141.234375,8910.39512310606,9002.730823863636,71033100
2025-01-20,8887.310546875,9118.149781858767,8887.310546875,9095.065858360389,112111200
2025-01-21,8841.1435546875,8933.479257608518,8818.059628957246,8864.227480417754,124547900
2025-01-22,8864.2265625,8933.478332519531,8841.142639160156,8910.394409179688,90154800
2025-01-23,8864.2265625,9002.730102539062,8864.2265625,8864.2265625,120515400
2025-01-24,8633.3876953125,8910.394787140709,8633.3876953125,8887.31086282169,152057000
2025-01-30,8448.716796875,8564.136425247609,8448.716796875,8448.716796875,154645800
2025-01-31,8725.724609375,8771.892464451059,8517.969261532739,8541.053189070768,112982800
2025-02-03,8633.3876953125,8679.555543950535,8517.968073717413,8679.555543950535,90439900
2025-02-04,8471.80078125,8679.556113760218,8471.80078125,8633.388262091281,94607700
2025-02-05,8425.6328125,8471.800663527398,8402.548886986302,8402.548886986302,98229900
2025-02-06,8264.0458984375,8402.549460981145,8171.71019007507,8379.465533890538,171477800
2025-02-07,8633.3876953125,8633.3876953125,8148.625284613135,8264.044906208223,131162200
2025-02-10,8448.716796875,8541.052499573087,8333.297168502391,8333.297168502391,76209100
2025-02-11,8379.46484375,8402.548768939394,8310.213068181818,8333.296993371212,71188300
2025-02-12,8448.716796875,8448.716796875,8264.045391478825,8264.045391478825,121172600
2025-02-13,8310.2138671875,8448.717431640625,8310.2138671875,8402.549576822916,90439700
2025-02-14,8287.1298828125,8379.465591813196,8264.045955562326,8310.213810062674,116274500
2025-02-17,8610.3037109375,8610.3037109375,8287.12877272537,8287.12877272537,89096400
2025-02-18,8587.220703125,8841.143895959342,8541.052849882391,8610.304629746304,107318300
2025-02-19,8264.0458984375,8541.05302352479,8264.0458984375,8517.969096434183,154438200
2025-02-20,8310.2138671875,8333.297794596354,8264.046012369792,8287.129939778646,119260800
2025-02-21,8310.2138671875,8310.2138671875,8240.962084960936,8264.046012369792,106054700
2025-02-24,8240.9609375,8287.128785889356,8194.793089110644,8240.9609375,108530300
2025-02-25,8148.62548828125,8310.212962553116,8148.62548828125,8217.877262969192,101592700
2025-02-26,8102.45703125,8217.876647079771,8056.2891849180905,8125.540954415954,117843500
2025-02-27,7871.6181640625,8125.541330645161,7848.534239827713,8125.541330645161,199991600
2025-02-28,7779.283203125,8010.122467312685,7779.283203125,7871.618908800075,293095000
2025-03-03,8125.54150390625,8217.877202814276,7894.702256636186,7940.8701060901985,192944300
2025-03-04,8171.70947265625,8240.961247848252,8010.121997208245,8217.877322784252,125418500
2025-03-05,8310.2138671875,8471.80135904948,8148.626375325521,8148.626375325521,155207900
2025-03-06,8287.1298828125,8494.885228064066,8287.1298828125,8494.885228064066,96270100
2025-03-07,8240.9609375,8310.212710084033,8240.9609375,8310.212710084033,82295300
2025-03-10,8240.9609375,8287.128785889356,8056.289543942577,8079.373468137255,97652100
2025-03-11,8240.9609375,8356.38055847339,8194.793089110644,8264.044861694678,109295600
2025-03-12,8425.6328125,8425.6328125,8287.129259417808,8333.297110445206,87968900
2025-03-13,8287.1298828125,8471.801300813893,8287.1298828125,8448.717373563719,83030700
2025-03-14,8079.375,8240.9625,8079.375,8125.542857142857,111397800
2025-03-17,7940.87060546875,8102.458088719568,7894.702753111374,8079.374162540879,151365700
2025-03-18,7663.86328125,7894.702536709337,7456.107951336596,7848.534685617469,417305700
2025-03-19,7686.947265625,7756.199042792793,7594.61156273461,7663.863339902403,214108200
2025-03-20,7733.11474609375,7825.450444554571,7710.030821478545,7802.366519939365,152917300
2025-03-21,7518.966796875,7875.879777739319,7518.966796875,7875.879777739319,377916400
2025-03-24,7566.5556640625,7709.3208652712265,7257.231061443593,7447.584663055228,331836800
2025-03-25,7661.732421875,7756.909222146739,7614.14402173913,7685.526621942934,136341700
2025-03-26,8113.82177734375,8232.792771146444,7875.879789738362,7899.6739884989,283104600
2025-03-27,8090.02734375,8161.409937959558,7971.056353400735,8018.644749540441,122943900
2025-04-08,7399.99560546875,7614.143388263666,6924.111643702271,7043.0826341438915,533073600
2025-04-09,7542.76123046875,7566.555429933951,7304.819235816739,7328.61343528194,136753900
2025-04-10,7828.29150390625,8232.792888606573,7780.703105706212,8090.02769400646,144148600
2025-04-11,7875.8798828125,7923.46828089596,7661.732091436934,7804.497285687311,82603000
2025-04-14,7994.85107421875,7994.85107421875,7852.085876464844,7852.085876464844,83319300
2025-04-15,8161.41064453125,8185.204844661078,8042.439643882106,8161.41064453125,83431800
2025-04-16,8066.2333984375,8137.615994883849,8018.6450008066,8090.02759725295,76874900
2025-04-17,8090.02734375,8090.027343749999,7947.262155330882,8042.438947610293,83540600
2025-04-21,7899.673828125,8090.02741434488,7899.673828125,8090.02741434488,40683800
2025-04-22,8090.02734375,8090.027343749999,7923.467957261029,7923.467957261029,56537100
2025-04-23,8304.17578125,8304.17578125,8137.616381626074,8137.616381626074,92329600
2025-04-24,8066.2333984375,8423.146380669248,8066.2333984375,8423.146380669248,143675300
2025-04-25,8185.20458984375,8232.792988621912,8161.41039045467,8232.792988621912,58297000
2025-04-28,8351.763671875,8351.763671875,8232.792679398148,8327.96947337963,73235400
2025-04-29,8304.17578125,8399.3525810351,8280.381581303725,8375.558381088826,60315700
2025-04-30,8399.3525390625,8494.52933837199,8256.587340098265,8375.558339235127,164597500
2025-05-02,8542.1171875,8565.911385793872,8423.14619603064,8565.911385793872,92219000
2025-05-05,8542.1171875,8613.499782381616,8542.1171875,8565.911385793872,86385600
2025-05-06,8589.7060546875,8613.500254284972,8542.117655492555,8613.500254284972,48860500
2025-05-07,8637.294921875,8661.089122761708,8565.912319214876,8637.294921875,77382000
2025-05-08,8542.1171875,8756.264972144847,8494.528790912256,8637.293980675488,99614500
2025-05-09,8565.912109375,8613.500509982638,8542.11790907118,8613.500509982638,47167500
2025-05-14,8827.6484375,8851.44263814016,8708.677434299192,8803.85423685984,149002900
2025-05-15,8827.6484375,8946.619440700808,8803.85423685984,8827.6484375,101401300
2025-05-16,8851.44140625,8875.235603578629,8780.058814264114,8851.44140625,63007500
2025-05-19,9041.794921875,9041.794921875,8803.85295024671,8827.64714740954,111597200
2025-05-20,9018.001953125,9208.35555635719,9018.001953125,9041.796153529023,160614800
2025-05-21,9232.1494140625,9255.943613583278,9089.384216937822,9232.1494140625,169739200
2025-05-22,9184.5615234375,9327.326728465026,9184.5615234375,9327.326728465026,103113000
2025-05-23,9208.35546875,9232.149668927648,9160.767068394702,9208.35546875,48521800
2025-05-26,9160.7666015625,9184.560800527597,9041.795606737012,9136.972402597403,56625300
2025-05-27,8994.2080078125,9136.973214285714,8994.2080078125,9089.384812127977,93212000
2025-05-28,8946.619140625,9089.384339677526,8946.619140625,8994.207540309175,236950800
2025-06-02,8661.087890625,8732.470483130151,8589.705298119849,8589.705298119849,264428700
2025-06-03,8613.5009765625,8684.883581340642,8518.324170191643,8613.5009765625,128318100
2025-06-04,8542.1171875,8684.882377263231,8518.322989206128,8661.08817896936,93357200
2025-06-05,8494.529296875,8613.500295430673,8470.735097163866,8565.911896008403,95529000
2025-06-10,8661.087890625,8661.087890625,8518.322705614697,8542.116903116415,80406400
2025-06-11,8613.5009765625,8684.883581340642,8613.5009765625,8661.089379747928,56632600
2025-06-12,8684.8828125,8684.8828125,8565.911815068494,8565.911815068494,41337300
2025-06-13,8589.7060546875,8684.88285307739,8542.117655492555,8661.088653479917,83318000
2025-06-16,8494.529296875,8565.911896008403,8470.735097163866,8494.529296875,57825000
2025-06-17,8637.294921875,8661.089122761708,8542.118118328168,8542.118118328168,54927900
2025-06-18,8470.734375,8589.70536341292,8470.734375,8518.322770365168,86270200
2025-06-19,8351.763671875,8494.528862847223,8327.96947337963,8470.734664351852,78879500
2025-06-20,8280.380859375,8446.940244477371,8208.9982657597,8280.380859375,445915100
2025-06-23,8208.9990234375,8280.381623641304,8090.028023097826,8161.41062330163,87324500
2025-06-24,8351.763671875,8423.146267361111,8280.381076388889,8304.17527488426,110158900
2025-06-25,8185.20458984375,8351.763985567315,8066.233592898347,8304.175586789153,117561000
2025-06-26,8232.79296875,8232.79296875,8113.821972091762,8113.821972091762,117281700
2025-06-30,8256.5869140625,8399.352105660122,8137.615921064482,8161.410119664085,185441800
2025-07-01,8280.380859375,8351.763452990303,8185.204067887931,8327.969255118534,82364500
2025-07-02,8256.5869140625,8256.5869140625,8161.410119664085,8161.410119664085,68545100
2025-07-03,8185.20458984375,8327.969786178235,8185.20458984375,8280.381387400073,50370800
2025-07-04,8232.79296875,8280.381367413294,8137.61617142341,8232.79296875,43593300
2025-07-07,8208.9990234375,8232.793223505434,8137.616423233695,8208.9990234375,49936900
2025-07-08,8090.02734375,8185.2041360294115,8018.644749540441,8137.615739889706,215611000
2025-07-09,8090.02734375,8137.615739889706,8042.438947610293,8090.027343749999,94459300
2025-07-10,8185.20458984375,8232.792988621912,8090.0277922874275,8113.821991676508,111769400
2025-07-11,8208.9990234375,8256.58742357337,8161.41062330163,8161.41062330163,135986500
2025-07-14,8113.82177734375,8256.586969906983,8042.439181062134,8232.792771146444,125196000
2025-07-15,8137.6162109375,8185.2046098318715,8066.233612595944,8185.2046098318715,77219300
2025-07-16,8113.82177734375,8185.204373625366,8090.027578583211,8137.615976104289,97475300
2025-07-17,8113.82177734375,8137.615976104289,8090.027578583211,8090.027578583211,86016400
2025-07-18,8018.6455078125,8161.410709732011,8018.6455078125,8137.6165094120925,80432200
2025-07-21,8042.43994140625,8090.028343426405,7971.057338376017,8042.43994140625,95383500
2025-07-22,7994.85107421875,8066.233673095703,7994.85107421875,8042.439473470052,77981700
2025-07-23,8018.6455078125,8090.028108772256,7994.851307492582,8042.439708132419,70969500
2025-07-24,8090.02734375,8137.615739889706,8042.438947610293,8066.233145680147,138256800
2025-07-25,8042.43994140625,8113.8225444364825,8042.43994140625,8090.028343426405,58682800
2025-07-28,8090.02734375,8208.998334099264,8066.233145680147,8208.998334099264,99484300
2025-07-29,7994.85107421875,8090.0278727213545,7971.056874593099,8090.0278727213545,104240300
2025-07-30,7971.05712890625,8066.233930445429,7923.4687281366605,8066.233930445429,98098100
2025-07-31,7875.8798828125,7971.056678979418,7852.085683770771,7947.262479937689,206006300
2025-08-01,7899.673828125,8018.644819512425,7899.673828125,7994.85062123494,86196100
2025-08-04,7875.8798828125,7947.262479937689,7875.8798828125,7923.46828089596,49054500
2025-08-05,8018.6455078125,8042.439708132419,7923.468706532827,7947.262906852745,69475900
2025-08-06,7899.673828125,8018.644819512425,7899.673828125,8018.644819512425,56325400
2025-08-07,7899.673828125,7947.26222467997,7899.673828125,7923.4680264024855,43621300
2025-08-08,7899.673828125,7994.85062123494,7899.673828125,7923.4680264024855,68378700
2025-08-11,8137.6162109375,8137.6162109375,8018.645213701572,8090.027812043129,128561300
2025-08-12,8423.1474609375,8446.941662804555,8161.411240399894,8208.999644134004,171015700
2025-08-13,8494.529296875,8542.11769629727,8304.175699185924,8542.11769629727,129083900
2025-08-14,8351.763671875,8518.323061342593,8327.96947337963,8494.528862847223,122930900
2025-08-15,8280.380859375,8423.146046605603,8280.380859375,8399.351848733837,68754200
2025-08-19,8090.02734375,8185.2041360294115,8042.438947610293,8185.2041360294115,128591700
2025-08-20,8113.82177734375,8185.204373625366,7947.262386019978,7971.056584780517,202260200
2025-08-21,8137.6162109375,8161.410410384686,8090.027812043129,8137.6162109375,69470200
2025-08-22,8042.43994140625,8161.410946456638,8042.43994140625,8161.410946456638,66394100
2025-08-25,8066.2333984375,8137.615994883849,8066.2333984375,8113.8217960684,64052700
2025-08-26,7852.08544921875,8066.233234197443,7852.08544921875,8042.439035866478,326794200
2025-08-27,7899.673828125,7947.26222467997,7804.497035015061,7852.08543157003,111915700
2025-08-28,7923.46826171875,7971.056659687031,7875.87986375047,7947.262460702891,81281400
2025-08-29,7685.5263671875,7875.879961421247,7685.5263671875,7852.085762142028,236499300
2025-09-01,7614.1435546875,7661.731951904297,7233.436376953125,7281.024774169921,421127500
2025-09-02,7614.1435546875,7780.702944946289,7614.1435546875,7614.1435546875,155531500
2025-09-03,7590.349609375,7614.1438087774295,7518.9670111677115,7518.9670111677115,212372700
2025-09-04,7614.1435546875,7614.1435546875,7542.7609588623045,7590.349356079101,103534800
2025-09-08,7328.61328125,7637.937867796266,7328.61328125,7637.937867796266,321191900
2025-09-09,7162.05419921875,7352.407799197987,7114.465799223942,7257.230999208368,595368700
2025-09-10,7423.7900390625,7423.7900390625,7185.84805063101,7185.84805063101,246849600
2025-09-11,7471.37890625,7590.349907941879,7471.37890625,7518.967306926751,235173400
2025-09-12,7542.76123046875,7590.349629399152,7471.378632073147,7590.349629399152,156084700
2025-09-15,7637.93798828125,7709.32058630257,7590.34958960037,7614.14378894081,142567700
2025-09-16,7542.76123046875,7685.526427259957,7518.967031003549,7661.732227794756,129312900
2025-09-17,7471.37890625,7518.967306926751,7423.790505573248,7471.37890625,183725900
2025-09-18,7328.61328125,7518.966872970779,7281.024883319805,7471.378475040584,275378700
2025-09-19,7423.7900390625,7447.584237905649,7281.024846003606,7281.024846003606,149025300
2025-09-22,7352.40771484375,7447.584513741404,7352.40771484375,7423.79031401699,92588800
2025-09-23,7495.1728515625,7518.96705109127,7376.201853918651,7376.201853918651,102606200
2025-09-24,7399.99560546875,7566.554992087018,7352.407209292102,7566.554992087018,150428400
2025-09-25,7328.61328125,7399.9958781452915,7328.61328125,7352.407480215097,147986600
2025-09-26,7257.23095703125,7328.613556608607,7209.642557313013,7209.642557313013,121657700
2025-09-29,7399.99560546875,7423.789803557074,7328.613011203778,7376.201407380427,116454700
2025-09-30,7257.23095703125,7399.996156185964,7257.23095703125,7328.613556608607,170666700
2025-10-01,7138.259765625,7304.81916015625,7138.259765625,7233.4365625,202433400
2025-10-02,7138.259765625,7233.4365625,7138.259765625,7138.259765625,126952400
2025-10-03,7162.05419921875,7185.848399216155,7138.259999221345,7162.05419921875,76787500
2025-10-06,7138.259765625,7185.8481640625005,7090.6713671875,7138.259765625,104032400
2025-10-07,7209.64208984375,7233.436288160066,7138.259494894802,7185.847891527434,74282600
2025-10-08,7019.28857421875,7162.053765558792,7019.28857421875,7138.259567002118,168080800
2025-10-09,7185.8486328125,7328.613837437914,6947.906625103477,7019.289227416184,293567400
2025-10-10,7043.0830078125,7090.671406513936,6995.494609111064,7090.671406513936,107426000
2025-10-13,6971.70068359375,7019.289084164356,6947.906483308448,6947.906483308448,101847900
2025-10-14,6900.31787109375,6995.494669315733,6900.31787109375,6924.112070649246,151862300
2025-10-15,6900.31787109375,6995.494669315733,6876.523671538254,6900.31787109375,133206400
2025-10-16,6947.90625,6971.700449486301,6876.523651541096,6900.317851027397,120611200
2025-10-17,7138.259765625,7162.05396484375,6924.11197265625,6947.906171875,157334400
2025-10-20,7495.1728515625,7614.143849206349,7257.230856274801,7328.613454861111,393421800
2025-10-21,8066.2333984375,8066.2333984375,7709.320416205752,7709.320416205752,529802600
2025-10-22,7804.4970703125,8280.381038014482,7804.4970703125,8280.381038014482,392957200
2025-10-23,7923.46826171875,7947.262460702891,7756.908868829768,7804.497266798048,187003900
2025-10-24,7875.8798828125,7971.056678979418,7875.8798828125,7899.674081854229,133355100
2025-10-27,7947.2626953125,8018.645294372193,7804.497497193114,7923.468495625935,182275600
2025-10-28,7875.8798828125,7994.850878021149,7852.085683770771,7947.262479937689,180270000
2025-10-29,8185.20458984375,8185.20458984375,7875.879997785702,7899.674197174782,239156800
2025-10-30,8113.82177734375,8327.9695661886,8066.233379822673,8161.410174864828,259009800
2025-10-31,8113.82177734375,8232.792771146444,8113.82177734375,8137.615976104289,177088000
2025-11-03,8232.79296875,8232.79296875,8113.821972091762,8232.79296875,115007100
2025-11-04,8232.79296875,8280.381367413294,8208.998769418353,8232.79296875,155231500
2025-11-05,8280.380859375,8280.380859375,8185.204067887931,8208.9982657597,125731500
2025-11-06,8137.6162109375,8256.587208173429,8137.6162109375,8208.998809279057,89756900
2025-11-07,8256.5869140625,8256.5869140625,8137.615921064482,8137.615921064482,75241900
2025-11-10,8161.41064453125,8256.587445050565,8161.41064453125,8256.587445050565,79897700
2025-11-11,7994.85107421875,8185.204671223958,7994.85107421875,8161.410471598308,130897600
2025-11-12,8090.02734375,8137.615739889706,7994.850551470588,8018.644749540441,85415600
2025-11-13,7971.05712890625,8066.233930445429,7971.05712890625,7994.851329291045,104113800
2025-11-14,8018.6455078125,8090.028108772256,7971.057107172664,7971.057107172664,89815300
2025-11-17,8161.41064453125,8161.41064453125,8066.233844011935,8090.0280441417635,129411100
2025-11-18,7994.85107421875,8161.410471598308,7994.85107421875,8137.616271972656,119377900
2025-11-19,8066.2333984375,8090.02759725295,7923.468205544801,7947.262404360251,114209700
2025-11-20,8018.6455078125,8185.204910051929,7994.851307492582,8066.233908452337,124087400
2025-11-21,7994.85107421875,8018.645273844401,7947.262674967448,7971.056874593099,103917100
2025-11-24,8066.2333984375,8066.2333984375,7947.262404360251,7994.850801991151,279590600
2025-11-25,8090.02734375,8090.027343749999,7971.056353400735,8066.233145680147,98807700
2025-11-26,8018.6455078125,8042.439708132419,7971.057107172664,7994.851307492582,77094400
2025-11-27,7923.46826171875,8042.439256639453,7923.46826171875,8018.645057655312,71051300
2025-11-28,7875.8798828125,7947.262479937689,7875.8798828125,7923.46828089596,67559300
2025-12-01,7994.85107421875,8042.439473470052,7947.262674967448,8042.439473470052,76359200
2025-12-02,7971.05712890625,8018.6455296758395,7947.262928521455,7947.262928521455,97044000
2025-12-03,7951.8955078125,8047.701477786145,7951.8955078125,7999.798492799322,103550900
2025-12-04,7880.04150390625,7999.798973570479,7880.04150390625,7975.847479637633,71410400
2025-12-05,7951.8955078125,7951.8955078125,7856.089537838855,7856.089537838855,71162300
2025-12-08,7951.8955078125,7999.798492799322,7903.992522825678,7999.798492799322,61745200
2025-12-09,7760.28369140625,7951.895634403935,7760.28369140625,7951.895634403935,113057200
2025-12-10,7736.33251953125,7832.138495005321,7688.429531794214,7760.284013399768,143418300
2025-12-11,7664.47802734375,7856.089978027344,7568.6720520019535,7832.138484191895,140766000
2025-12-12,7664.47802734375,7664.47802734375,7520.769064331055,7568.6720520019535,100006800
2025-12-15,7951.8955078125,7951.8955078125,7592.623120411333,7592.623120411333,143105700
2025-12-16,7736.33251953125,8023.750445953463,7688.429531794214,8023.750445953463,122332000
2025-12-17,7688.42919921875,7784.235170548579,7640.526213553836,7664.477706386293,89802700
2025-12-18,7832.13818359375,7903.992662342316,7688.429226096617,7688.429226096617,88497200
2025-12-19,7712.380859375,7880.041312839674,7712.380859375,7856.089819487577,131069800
2025-12-22,7832.13818359375,7832.13818359375,7688.429226096617,7712.3807190128055,72424200
2025-12-23,7688.42919921875,7784.235170548579,7640.526213553836,7760.283677716122,85044100
2025-12-24,7688.42919921875,7736.332184883665,7664.477706386293,7688.42919921875,71260500
2025-12-29,7688.42919921875,7688.42919921875,7616.574720721379,7688.42919921875,78399400
2025-12-30,7736.33251953125,7832.138495005321,7616.5750501886605,7616.5750501886605,101995600
2026-01-02,7688.42919921875,7736.332184883665,7664.477706386293,7736.332184883665,68612400
2026-01-05,7736.33251953125,7760.284013399768,7664.478037925696,7664.478037925696,73408800
2026-01-06,7832.13818359375,7832.13818359375,7736.332211928995,7832.13818359375,97624300
2026-01-07,7808.18701171875,7832.138505619728,7688.429542213861,7784.235517817772,93152500
2026-01-08,7712.380859375,7808.186832783385,7712.380859375,7760.283846079193,79823700
2026-01-09,7784.2353515625,7832.138338341346,7712.380871394231,7784.2353515625,79484700
2026-01-12,7688.42919921875,7760.283677716122,7664.477706386293,7736.332184883665,82935700
2026-01-13,7736.33251953125,7736.33251953125,7664.478037925696,7688.429531794214,80536300
2026-01-14,7664.47802734375,7712.381015014649,7616.575039672852,7688.4295211792,105724300
2026-01-15,7736.33251953125,7832.138495005321,7640.526544057178,7664.478037925696,151753100
2026-01-19,7784.2353515625,7784.2353515625,7640.526391225962,7736.332364783653,172100000
2026-01-20,7664.47802734375,7784.235496520996,7664.47802734375,7712.381015014649,82672500
2026-01-21,7377.06005859375,7616.574995561079,7377.06005859375,7592.6235018643465,301825600
2026-01-22,7329.15673828125,7448.914201325061,7281.2537530637255,7377.0597234987745,268025900
2026-01-23,7329.15673828125,7353.108230890012,7233.350767846201,7281.2537530637255,202878600
2026-01-26,7329.15673828125,7353.108230890012,7209.399275237439,7233.350767846201,213044100
2026-01-27,7185.44775390625,7305.205216471354,7185.44775390625,7257.302231445313,259830900
2026-01-28,6730.36962890625,7089.642029025801,6634.5636555410365,6754.321122247554,1027287500
2026-01-29,6898.0302734375,6969.884755452474,6107.630971272786,6395.048899332683,1432993400
2026-01-30,7089.64208984375,7281.254038217905,6898.030141469595,6898.030141469595,528434900
2026-02-02,7281.25390625,7281.25390625,7017.787482010691,7281.25390625,326948700
2026-02-03,7329.15673828125,7329.15673828125,7065.6903195848645,7281.2537530637255,206015400
2026-02-04,7472.86572265625,7496.817215357071,7281.25378104968,7329.156766451322,193370800
2026-02-05,7472.86572265625,7592.623186160356,7472.86572265625,7472.86572265625,142332400
2026-02-06,7353.1083984375,7448.914371055578,7281.253918973941,7377.059891592019,176352600
2026-02-09,7185.44775390625,7401.011186523438,7137.544768880209,7353.108201497396,174758300
2026-02-10,7161.49658203125,7233.351062787417,7137.545088445861,7185.4480756166395,127704200
2026-02-11,7137.544921875,7209.3994009542785,7089.641935822147,7161.496414901426,213505000
2026-02-12,7017.78759765625,7161.496558700405,6993.836104148891,7137.545065193046,237465300
2026-02-13,6898.0302734375,7017.787743462457,6898.0302734375,7017.787743462457,356015300
2026-02-18,6969.884765625,7065.690741784794,6921.981777545103,6921.981777545103,125301200
2026-02-19,6874.07861328125,7017.787573837652,6874.07861328125,7017.787573837652,133463400
2026-02-20,6921.9814453125,6945.932938202855,6850.126966641436,6874.078459531791,122959500
2026-02-23,6993.8359375,7041.738923373288,6969.884444563357,6993.8359375,100443800
2026-02-24,6921.9814453125,7017.787416873919,6921.9814453125,6969.88443109321,159225400
2026-02-25,7017.78759765625,7065.690584670968,6945.933117134172,6969.884610641531,133278000
2026-02-26,6993.8359375,7065.690416309932,6898.029965753425,7041.738923373288,127811900
2026-02-27,6874.07861328125,6969.884586985518,6874.07861328125,6898.030106707317,193104700
2026-03-02,6730.36962890625,6850.127095612767,6682.466642223643,6778.272615588857,156182700
2026-03-03,6778.2724609375,6826.175446527164,6730.369475347836,6778.2724609375,103031100
2026-03-04,6586.66064453125,6778.272590553977,6538.757658025568,6778.272590553977,216518700
2026-03-05,6802.22412109375,6826.175614477883,6658.515160788952,6682.466654173085,110256300
2026-03-06,6706.41796875,6802.223939732143,6706.41796875,6778.272446986607,102725700
2026-03-09,6586.66064453125,6658.515124289773,6538.757658025568,6610.612137784091,150426400
2026-03-10,6682.466796875,6754.321278561828,6634.563809083781,6658.515302979391,129977900
2026-03-11,6538.7578125,6706.4182692307695,6538.7578125,6682.466775412088,91723400
2026-03-12,6610.6123046875,6730.369773975317,6538.75782311481,6538.75782311481,98787400
2026-03-13,6586.66064453125,6730.3696040482955,6562.709151278409,6562.709151278409,107940600
2026-03-16,6466.9033203125,6586.660789207176,6419.000332754629,6562.709295428241,127757500
2026-03-17,6490.8544921875,6538.757477369696,6466.902999596402,6466.902999596402,160903900
2026-03-25,6610.6123046875,6634.563798545063,6395.048859969429,6395.048859969429,314281100
2026-03-26,6586.66064453125,6682.466617542614,6562.709151278409,6610.612137784091,145934900
2026-03-27,6419.0,6562.70895522388,6419.0,6490.85447761194,283556500
2026-03-30,6450.0,6500.0,6350.0,6400.0,242278100
2026-03-31,6450.0,6550.0,6450.0,6450.0,150657800
2026-04-01,6500.0,6650.0,6500.0,6550.0,132798100
2026-04-02,6575.0,6600.0,6500.0,6550.0,72725400
2026-04-06,6500.0,6625.0,6450.0,6600.0,57914600
2026-04-07,6500.0,6525.0,6450.0,6500.0,65168700
2026-04-08,6750.0,6850.0,6625.0,6650.0,163594000
2026-04-09,6475.0,6800.0,6450.0,6775.0,182409800
2026-04-10,6700.0,6700.0,6475.0,6525.0,167336100
2026-04-13,6575.0,6700.0,6575.0,6650.0,81955300
2026-04-14,6750.0,6800.0,6675.0,6675.0,105010900
2026-04-15,6550.0,6800.0,6550.0,6775.0,104880600
2026-04-16,6525.0,6650.0,6500.0,6575.0,122416100
2026-04-17,6425.0,6550.0,6425.0,6500.0,156827000
2026-04-20,6475.0,6575.0,6425.0,6450.0,137435700
2026-04-21,6500.0,6525.0,6425.0,6475.0,112151900
2026-04-22,6450.0,6525.0,6450.0,6475.0,95673700
2026-04-23,6425.0,6550.0,6425.0,6450.0,95913400
2026-04-24,6050.0,6425.0,6050.0,6400.0,435004800
2026-04-27,5975.0,6050.0,5950.0,6025.0,273263100
2026-04-28,6000.0,6075.0,5950.0,6025.0,174091200
2026-04-29,5975.0,6050.0,5950.0,6000.0,176050900
2026-04-30,5850.0,5975.0,5800.0,5950.0,303405400
2026-05-04,5900.0,5950.0,5800.0,5800.0,207566700
2026-05-05,5950.0,6075.0,5875.0,5900.0,179928300
2026-05-06,5950.0,6000.0,5900.0,5950.0,90843100
2026-05-07,6225.0,6325.0,6000.0,6000.0,238690900
2026-05-08,6175.0,6425.0,6175.0,6225.0,201784700
2026-05-11,6150.0,6275.0,6100.0,6225.0,126301300
2026-05-12,6125.0,6150.0,6050.0,6125.0,107394400
2026-05-13,6100.0,6200.0,6025.0,6125.0,147339600
2026-05-14,6100.0,6100.0,6100.0,6100.0,0
2026-05-15,6100.0,6100.0,6100.0,6100.0,0
2026-05-18,6125.0,6125.0,5900.0,5950.0,208748400
2026-05-19,5950.0,6200.0,5950.0,6050.0,184830100
2026-05-20,5975.0,6100.0,5875.0,5975.0,195107100
2026-05-21,5950.0,6150.0,5925.0,6000.0,210976100
2026-05-22,5900.0,5975.0,5825.0,5900.0,288919700
2026-05-25,6100.0,6175.0,5925.0,5950.0,263179200
2026-05-26,5975.0,6100.0,5950.0,6050.0,225158700
2026-05-27,5975.0,5975.0,5975.0,5975.0,0
2026-05-28,5975.0,5975.0,5975.0,5975.0,0
2026-05-29,5700.0,5875.0,5700.0,5750.0,1014028000
2026-06-02,5825.0,5875.0,5700.0,5750.0,346305200
2026-06-03,5525.0,5825.0,5525.0,5775.0,353332300
2026-06-04,5425.0,5600.0,5300.0,5475.0,550059500
2026-06-05,5075.0,5375.0,5075.0,5325.0,572612000
2026-06-08,4850.0,5050.0,4850.0,4950.0,705093300
2026-06-09,5150.0,5150.0,4820.0,4850.0,772898000
2026-06-10,5650.0,5700.0,5175.0,5175.0,747366000
2026-06-11,5825.0,5875.0,5550.0,5650.0,543032300
2026-06-12,5925.0,6100.0,5900.0,6000.0,415872300
2026-06-15,6275.0,6425.0,6100.0,6100.0,480395000
2026-06-17,6275.0,6550.0,6275.0,6400.0,467494300
2026-06-18,6075.0,6275.0,6075.0,6250.0,232489300
2026-06-19,6300.0,6300.0,6050.0,6050.0,366595500
2026-06-22,6225.0,6400.0,6125.0,6400.0,193401600
2026-06-23,6125.0,6200.0,6075.0,6150.0,144561900
2026-06-24,5925.0,6200.0,5925.0,6125.0,144928800
2026-06-25,6025.0,6175.0,5900.0,5900.0,197935000
2026-06-26,6175.0,6175.0,6025.0,6050.0,163378700
2026-06-29,5925.0,6200.0,5925.0,6175.0,189886600
2026-06-30,5550.0,5825.0,5550.0,5775.0,440738300
2026-07-01,5600.0,5750.0,5550.0,5550.0,124123800
2026-07-02,5800.0,5875.0,5625.0,5650.0,145119400
2026-07-03,6050.0,6150.0,5900.0,5925.0,200465200
2026-07-06,6125.0,6175.0,5975.0,6050.0,148684900
2026-07-07,6300.0,6300.0,6150.0,6200.0,183472100
2026-07-08,6175.0,6325.0,6175.0,6300.0,181123400
2026-07-09,6200.0,6200.0,6050.0,6100.0,181155800
2026-07-10,6175.0,6300.0,6125.0,6300.0,138050500
2026-07-13,6225.0,6250.0,6075.0,6150.0,180061600
2026-07-14,6125.0,6250.0,6075.0,6225.0,159868800
2026-07-15,6125.0,6200.0,6075.0,6125.0,140824900
2026-07-16,6225.0,6225.0,6100.0,6125.0,94235100
2026-07-17,6475.0,6500.0,6200.0,6225.0,314564200
2026-07-20,6475.0,6625.0,6475.0,6525.0,298183300
2026-07-21,6525.0,6550.0,6425.0,6550.0,146064700
2026-07-22,6500.0,6550.0,6400.0,6525.0,112178900
